
Circuit 2 cell sky130_fd_sc_hd__or2_1 is a black box; will not flatten Circuit 1
Warning: Equate pins:  cell sky130_fd_sc_hd__or2_1 is a placeholder, treated as a black box.

Subcircuit pins:
Circuit 1: sky130_fd_sc_hd__or2_1          |Circuit 2: sky130_fd_sc_hd__or2_1          
-------------------------------------------|-------------------------------------------
(no matching pin)                          |1                                          
(no matching pin)                          |1                                          
(no matching pin)                          |2                                          
(no matching pin)                          |2                                          
(no matching pin)                          |3                                          
(no matching pin)                          |3                                          
(no matching pin)                          |4                                          
(no matching pin)                          |4                                          
(no matching pin)                          |5                                          
(no matching pin)                          |5                                          
(no matching pin)                          |6                                          
(no matching pin)                          |6                                          
(no matching pin)                          |7                                          
(no matching pin)                          |7                                          
A                                          |(no matching pin)                          
B                                          |(no matching pin)                          
VGND                                       |(no matching pin)                          
VNB                                        |(no matching pin)                          
VPB                                        |(no matching pin)                          
VPWR                                       |(no matching pin)                          
X                                          |(no matching pin)                          
---------------------------------------------------------------------------------------
Cell pin lists are equivalent.
Device classes sky130_fd_sc_hd__or2_1 and sky130_fd_sc_hd__or2_1 are equivalent.

Circuit 2 cell sky130_fd_sc_hd__inv_1 is a black box; will not flatten Circuit 1
Warning: Equate pins:  cell sky130_fd_sc_hd__inv_1 is a placeholder, treated as a black box.

Subcircuit pins:
Circuit 1: sky130_fd_sc_hd__inv_1          |Circuit 2: sky130_fd_sc_hd__inv_1          
-------------------------------------------|-------------------------------------------
(no matching pin)                          |1                                          
(no matching pin)                          |1                                          
(no matching pin)                          |2                                          
(no matching pin)                          |2                                          
(no matching pin)                          |3                                          
(no matching pin)                          |3                                          
(no matching pin)                          |4                                          
(no matching pin)                          |4                                          
(no matching pin)                          |5                                          
(no matching pin)                          |5                                          
(no matching pin)                          |6                                          
(no matching pin)                          |6                                          
A                                          |(no matching pin)                          
VGND                                       |(no matching pin)                          
VNB                                        |(no matching pin)                          
VPB                                        |(no matching pin)                          
VPWR                                       |(no matching pin)                          
Y                                          |(no matching pin)                          
---------------------------------------------------------------------------------------
Cell pin lists are equivalent.
Device classes sky130_fd_sc_hd__inv_1 and sky130_fd_sc_hd__inv_1 are equivalent.

Subcircuit summary:
Circuit 1: lzc2                            |Circuit 2: lzc2                            
-------------------------------------------|-------------------------------------------
sky130_fd_sc_hd__or2_1 (1)                 |sky130_fd_sc_hd__or2_1 (1)                 
sky130_fd_sc_hd__inv_1 (1)                 |sky130_fd_sc_hd__inv_1 (1)                 
Number of devices: 2                       |Number of devices: 2                       
Number of nets: 19                         |Number of nets: 19                         
---------------------------------------------------------------------------------------
NET mismatches: Class fragments follow (with fanout counts):
Circuit 1: lzc2                            |Circuit 2: lzc2                            

---------------------------------------------------------------------------------------
Net: VDD                                   |Net: VDD                                   
  sky130_fd_sc_hd__or2_1/VPB = 1           |  sky130_fd_sc_hd__or2_1/5 = 1             
  sky130_fd_sc_hd__or2_1/VPWR = 1          |  sky130_fd_sc_hd__or2_1/6 = 1             
  sky130_fd_sc_hd__inv_1/VPB = 1           |  sky130_fd_sc_hd__inv_1/4 = 1             
  sky130_fd_sc_hd__inv_1/VPWR = 1          |  sky130_fd_sc_hd__inv_1/5 = 1             
                                           |                                           
Net: GND                                   |Net: GND                                   
  sky130_fd_sc_hd__or2_1/VGND = 1          |  sky130_fd_sc_hd__or2_1/3 = 1             
  sky130_fd_sc_hd__or2_1/VNB = 1           |  sky130_fd_sc_hd__or2_1/4 = 1             
  sky130_fd_sc_hd__inv_1/VGND = 1          |  sky130_fd_sc_hd__inv_1/2 = 1             
  sky130_fd_sc_hd__inv_1/VNB = 1           |  sky130_fd_sc_hd__inv_1/3 = 1             
---------------------------------------------------------------------------------------

---------------------------------------------------------------------------------------
Net: dummy_19                              |Net: dummy_19                              
  sky130_fd_sc_hd__inv_1/proxy6 = 1        |  sky130_fd_sc_hd__inv_1/proxyY = 1        
                                           |                                           
Net: dummy_18                              |Net: dummy_18                              
  sky130_fd_sc_hd__inv_1/proxy5 = 1        |  sky130_fd_sc_hd__inv_1/proxyVPWR = 1     
                                           |                                           
Net: dummy_17                              |Net: dummy_17                              
  sky130_fd_sc_hd__inv_1/proxy4 = 1        |  sky130_fd_sc_hd__inv_1/proxyVPB = 1      
                                           |                                           
Net: dummy_16                              |Net: dummy_16                              
  sky130_fd_sc_hd__inv_1/proxy3 = 1        |  sky130_fd_sc_hd__inv_1/proxyVNB = 1      
                                           |                                           
Net: dummy_15                              |Net: dummy_15                              
  sky130_fd_sc_hd__inv_1/proxy2 = 1        |  sky130_fd_sc_hd__inv_1/proxyVGND = 1     
                                           |                                           
Net: dummy_14                              |Net: dummy_14                              
  sky130_fd_sc_hd__inv_1/proxy1 = 1        |  sky130_fd_sc_hd__inv_1/proxyA = 1        
                                           |                                           
Net: dummy_13                              |Net: dummy_13                              
  sky130_fd_sc_hd__or2_1/proxy7 = 1        |  sky130_fd_sc_hd__or2_1/proxyX = 1        
                                           |                                           
Net: dummy_12                              |Net: dummy_12                              
  sky130_fd_sc_hd__or2_1/proxy6 = 1        |  sky130_fd_sc_hd__or2_1/proxyVPWR = 1     
                                           |                                           
Net: dummy_11                              |Net: dummy_11                              
  sky130_fd_sc_hd__or2_1/proxy5 = 1        |  sky130_fd_sc_hd__or2_1/proxyVPB = 1      
                                           |                                           
Net: dummy_10                              |Net: dummy_10                              
  sky130_fd_sc_hd__or2_1/proxy4 = 1        |  sky130_fd_sc_hd__or2_1/proxyVNB = 1      
                                           |                                           
Net: dummy_9                               |Net: dummy_9                               
  sky130_fd_sc_hd__or2_1/proxy3 = 1        |  sky130_fd_sc_hd__or2_1/proxyVGND = 1     
                                           |                                           
Net: dummy_8                               |Net: dummy_8                               
  sky130_fd_sc_hd__or2_1/proxy2 = 1        |  sky130_fd_sc_hd__or2_1/proxyB = 1        
                                           |                                           
Net: dummy_7                               |Net: dummy_7                               
  sky130_fd_sc_hd__or2_1/proxy1 = 1        |  sky130_fd_sc_hd__or2_1/proxyA = 1        
                                           |                                           
Net: P                                     |Net: P                                     
  sky130_fd_sc_hd__inv_1/Y = 1             |  sky130_fd_sc_hd__inv_1/6 = 1             
                                           |                                           
Net: V                                     |Net: V                                     
  sky130_fd_sc_hd__or2_1/X = 1             |  sky130_fd_sc_hd__or2_1/7 = 1             
                                           |                                           
Net: LO                                    |Net: LO                                    
  sky130_fd_sc_hd__or2_1/B = 1             |  sky130_fd_sc_hd__or2_1/2 = 1             
---------------------------------------------------------------------------------------

---------------------------------------------------------------------------------------
Net: HI                                    |Net: HI                                    
  sky130_fd_sc_hd__or2_1/A = 1             |  sky130_fd_sc_hd__or2_1/1 = 1             
  sky130_fd_sc_hd__inv_1/A = 1             |  sky130_fd_sc_hd__inv_1/1 = 1             
---------------------------------------------------------------------------------------
DEVICE mismatches: Class fragments follow (with node fanout counts):
Circuit 1: lzc2                            |Circuit 2: lzc2                            

---------------------------------------------------------------------------------------
Instance: sky130_fd_sc_hd__inv_1:x2        |Instance: sky130_fd_sc_hd__inv_1:2         
  A = 2                                    |  proxyA = 1                               
  VGND = 4                                 |  proxyVGND = 1                            
  VNB = 4                                  |  proxyVNB = 1                             
  VPB = 4                                  |  proxyVPB = 1                             
  VPWR = 4                                 |  proxyVPWR = 1                            
  Y = 1                                    |  proxyY = 1                               
  proxy1 = 1                               |  1 = 2                                    
  proxy2 = 1                               |  2 = 4                                    
  proxy3 = 1                               |  3 = 4                                    
  proxy4 = 1                               |  4 = 4                                    
  proxy5 = 1                               |  5 = 4                                    
  proxy6 = 1                               |  6 = 1                                    
---------------------------------------------------------------------------------------

---------------------------------------------------------------------------------------
Instance: sky130_fd_sc_hd__or2_1:x1        |Instance: sky130_fd_sc_hd__or2_1:1         
  A = 2                                    |  proxyA = 1                               
  B = 1                                    |  proxyB = 1                               
  VGND = 4                                 |  proxyVGND = 1                            
  VNB = 4                                  |  proxyVNB = 1                             
  VPB = 4                                  |  proxyVPB = 1                             
  VPWR = 4                                 |  proxyVPWR = 1                            
  X = 1                                    |  proxyX = 1                               
  proxy1 = 1                               |  1 = 2                                    
  proxy2 = 1                               |  2 = 1                                    
  proxy3 = 1                               |  3 = 4                                    
  proxy4 = 1                               |  4 = 4                                    
  proxy5 = 1                               |  5 = 4                                    
  proxy6 = 1                               |  6 = 4                                    
  proxy7 = 1                               |  7 = 1                                    
---------------------------------------------------------------------------------------
Netlists do not match.
Port matching may fail to disambiguate symmetries.
  Flattening non-matched subcircuits lzc2 lzc2

Circuit 2 cell sky130_fd_sc_hd__mux2_1 is a black box; will not flatten Circuit 1
Warning: Equate pins:  cell sky130_fd_sc_hd__mux2_1 is a placeholder, treated as a black box.

Subcircuit pins:
Circuit 1: sky130_fd_sc_hd__mux2_1         |Circuit 2: sky130_fd_sc_hd__mux2_1         
-------------------------------------------|-------------------------------------------
(no matching pin)                          |1                                          
(no matching pin)                          |1                                          
(no matching pin)                          |2                                          
(no matching pin)                          |2                                          
(no matching pin)                          |3                                          
(no matching pin)                          |3                                          
(no matching pin)                          |4                                          
(no matching pin)                          |4                                          
(no matching pin)                          |5                                          
(no matching pin)                          |5                                          
(no matching pin)                          |6                                          
(no matching pin)                          |6                                          
(no matching pin)                          |7                                          
(no matching pin)                          |7                                          
(no matching pin)                          |8                                          
(no matching pin)                          |8                                          
A0                                         |(no matching pin)                          
A1                                         |(no matching pin)                          
S                                          |(no matching pin)                          
VGND                                       |(no matching pin)                          
VNB                                        |(no matching pin)                          
VPB                                        |(no matching pin)                          
VPWR                                       |(no matching pin)                          
X                                          |(no matching pin)                          
---------------------------------------------------------------------------------------
Cell pin lists are equivalent.
Device classes sky130_fd_sc_hd__mux2_1 and sky130_fd_sc_hd__mux2_1 are equivalent.

Subcircuit summary:
Circuit 1: lzc4                            |Circuit 2: lzc4                            
-------------------------------------------|-------------------------------------------
sky130_fd_sc_hd__or2_1 (3)                 |sky130_fd_sc_hd__or2_1 (3)                 
sky130_fd_sc_hd__inv_1 (3)                 |sky130_fd_sc_hd__inv_1 (3)                 
sky130_fd_sc_hd__mux2_1 (1)                |sky130_fd_sc_hd__mux2_1 (1)                
Number of devices: 7                       |Number of devices: 7                       
Number of nets: 60                         |Number of nets: 60                         
---------------------------------------------------------------------------------------
NET mismatches: Class fragments follow (with fanout counts):
Circuit 1: lzc4                            |Circuit 2: lzc4                            

---------------------------------------------------------------------------------------
Net: x4/A                                  |Net: net1                                  
  sky130_fd_sc_hd__or2_1/X = 1             |  sky130_fd_sc_hd__or2_1/7 = 1             
  sky130_fd_sc_hd__or2_1/A = 1             |  sky130_fd_sc_hd__or2_1/1 = 1             
  sky130_fd_sc_hd__inv_1/A = 1             |  sky130_fd_sc_hd__inv_1/1 = 1             
---------------------------------------------------------------------------------------

---------------------------------------------------------------------------------------
Net: P1                                    |Net: P1                                    
  sky130_fd_sc_hd__inv_1/Y = 1             |  sky130_fd_sc_hd__inv_1/6 = 1             
  sky130_fd_sc_hd__mux2_1/S = 1            |  sky130_fd_sc_hd__mux2_1/3 = 1            
                                           |                                           
Net: x3/B                                  |Net: net4                                  
  sky130_fd_sc_hd__or2_1/X = 1             |  sky130_fd_sc_hd__inv_1/6 = 1             
  sky130_fd_sc_hd__or2_1/B = 1             |  sky130_fd_sc_hd__mux2_1/2 = 1            
                                           |                                           
Net: x2/P                                  |Net: net2                                  
  sky130_fd_sc_hd__inv_1/Y = 1             |  sky130_fd_sc_hd__or2_1/7 = 1             
  sky130_fd_sc_hd__mux2_1/A1 = 1           |  sky130_fd_sc_hd__or2_1/2 = 1             
                                           |                                           
Net: A[1]                                  |Net: A[1]                                  
  sky130_fd_sc_hd__or2_1/A = 1             |  sky130_fd_sc_hd__or2_1/1 = 1             
  sky130_fd_sc_hd__inv_1/A = 1             |  sky130_fd_sc_hd__inv_1/1 = 1             
                                           |                                           
Net: x1/P                                  |Net: net3                                  
  sky130_fd_sc_hd__inv_1/Y = 1             |  sky130_fd_sc_hd__inv_1/6 = 1             
  sky130_fd_sc_hd__mux2_1/A0 = 1           |  sky130_fd_sc_hd__mux2_1/1 = 1            
                                           |                                           
Net: A[3]                                  |Net: A[3]                                  
  sky130_fd_sc_hd__or2_1/A = 1             |  sky130_fd_sc_hd__or2_1/1 = 1             
  sky130_fd_sc_hd__inv_1/A = 1             |  sky130_fd_sc_hd__inv_1/1 = 1             
---------------------------------------------------------------------------------------

---------------------------------------------------------------------------------------
Net: dummy_72                              |Net: dummy_72                              
  sky130_fd_sc_hd__mux2_1/proxy8 = 1       |  sky130_fd_sc_hd__mux2_1/proxyX = 1       
                                           |                                           
Net: dummy_71                              |Net: dummy_71                              
  sky130_fd_sc_hd__mux2_1/proxy7 = 1       |  sky130_fd_sc_hd__mux2_1/proxyVPWR = 1    
                                           |                                           
Net: dummy_70                              |Net: dummy_70                              
  sky130_fd_sc_hd__mux2_1/proxy6 = 1       |  sky130_fd_sc_hd__mux2_1/proxyVPB = 1     
                                           |                                           
Net: dummy_69                              |Net: dummy_69                              
  sky130_fd_sc_hd__mux2_1/proxy5 = 1       |  sky130_fd_sc_hd__mux2_1/proxyVNB = 1     
                                           |                                           
Net: dummy_68                              |Net: dummy_68                              
  sky130_fd_sc_hd__mux2_1/proxy4 = 1       |  sky130_fd_sc_hd__mux2_1/proxyVGND = 1    
                                           |                                           
Net: dummy_67                              |Net: dummy_67                              
  sky130_fd_sc_hd__mux2_1/proxy3 = 1       |  sky130_fd_sc_hd__mux2_1/proxyS = 1       
                                           |                                           
Net: dummy_66                              |Net: dummy_66                              
  sky130_fd_sc_hd__mux2_1/proxy2 = 1       |  sky130_fd_sc_hd__mux2_1/proxyA1 = 1      
                                           |                                           
Net: dummy_65                              |Net: dummy_65                              
  sky130_fd_sc_hd__mux2_1/proxy1 = 1       |  sky130_fd_sc_hd__mux2_1/proxyA0 = 1      
                                           |                                           
Net: lzc2:x2/dummy_19                      |Net: lzc2:2/dummy_19                       
  sky130_fd_sc_hd__inv_1/proxy6 = 1        |  sky130_fd_sc_hd__inv_1/proxyY = 1        
                                           |                                           
Net: lzc2:x1/dummy_19                      |Net: lzc2:1/dummy_19                       
  sky130_fd_sc_hd__inv_1/proxy6 = 1        |  sky130_fd_sc_hd__inv_1/proxyY = 1        
                                           |                                           
Net: lzc2:x2/dummy_18                      |Net: lzc2:2/dummy_18                       
  sky130_fd_sc_hd__inv_1/proxy5 = 1        |  sky130_fd_sc_hd__inv_1/proxyVPWR = 1     
                                           |                                           
Net: lzc2:x1/dummy_18                      |Net: lzc2:1/dummy_18                       
  sky130_fd_sc_hd__inv_1/proxy5 = 1        |  sky130_fd_sc_hd__inv_1/proxyVPWR = 1     
                                           |                                           
Net: lzc2:x2/dummy_17                      |Net: lzc2:2/dummy_17                       
  sky130_fd_sc_hd__inv_1/proxy4 = 1        |  sky130_fd_sc_hd__inv_1/proxyVPB = 1      
                                           |                                           
Net: lzc2:x1/dummy_17                      |Net: lzc2:1/dummy_17                       
  sky130_fd_sc_hd__inv_1/proxy4 = 1        |  sky130_fd_sc_hd__inv_1/proxyVPB = 1      
                                           |                                           
Net: lzc2:x2/dummy_16                      |Net: lzc2:2/dummy_16                       
  sky130_fd_sc_hd__inv_1/proxy3 = 1        |  sky130_fd_sc_hd__inv_1/proxyVNB = 1      
                                           |                                           
Net: lzc2:x1/dummy_16                      |Net: lzc2:1/dummy_16                       
  sky130_fd_sc_hd__inv_1/proxy3 = 1        |  sky130_fd_sc_hd__inv_1/proxyVNB = 1      
                                           |                                           
Net: lzc2:x2/dummy_15                      |Net: lzc2:2/dummy_15                       
  sky130_fd_sc_hd__inv_1/proxy2 = 1        |  sky130_fd_sc_hd__inv_1/proxyVGND = 1     
                                           |                                           
Net: lzc2:x1/dummy_15                      |Net: lzc2:1/dummy_15                       
  sky130_fd_sc_hd__inv_1/proxy2 = 1        |  sky130_fd_sc_hd__inv_1/proxyVGND = 1     
                                           |                                           
Net: lzc2:x2/dummy_14                      |Net: lzc2:2/dummy_14                       
  sky130_fd_sc_hd__inv_1/proxy1 = 1        |  sky130_fd_sc_hd__inv_1/proxyA = 1        
                                           |                                           
Net: lzc2:x1/dummy_14                      |Net: lzc2:1/dummy_14                       
  sky130_fd_sc_hd__inv_1/proxy1 = 1        |  sky130_fd_sc_hd__inv_1/proxyA = 1        
                                           |                                           
Net: lzc2:x2/dummy_13                      |Net: lzc2:2/dummy_13                       
  sky130_fd_sc_hd__or2_1/proxy7 = 1        |  sky130_fd_sc_hd__or2_1/proxyX = 1        
                                           |                                           
Net: lzc2:x2/dummy_12                      |Net: lzc2:2/dummy_12                       
  sky130_fd_sc_hd__or2_1/proxy6 = 1        |  sky130_fd_sc_hd__or2_1/proxyVPWR = 1     
                                           |                                           
Net: lzc2:x2/dummy_11                      |Net: lzc2:2/dummy_11                       
  sky130_fd_sc_hd__or2_1/proxy5 = 1        |  sky130_fd_sc_hd__or2_1/proxyVPB = 1      
                                           |                                           
Net: lzc2:x2/dummy_10                      |Net: lzc2:2/dummy_10                       
  sky130_fd_sc_hd__or2_1/proxy4 = 1        |  sky130_fd_sc_hd__or2_1/proxyVNB = 1      
                                           |                                           
Net: lzc2:x2/dummy_9                       |Net: lzc2:2/dummy_9                        
  sky130_fd_sc_hd__or2_1/proxy3 = 1        |  sky130_fd_sc_hd__or2_1/proxyVGND = 1     
                                           |                                           
Net: lzc2:x2/dummy_8                       |Net: lzc2:2/dummy_8                        
  sky130_fd_sc_hd__or2_1/proxy2 = 1        |  sky130_fd_sc_hd__or2_1/proxyB = 1        
                                           |                                           
Net: lzc2:x2/dummy_7                       |Net: lzc2:2/dummy_7                        
  sky130_fd_sc_hd__or2_1/proxy1 = 1        |  sky130_fd_sc_hd__or2_1/proxyA = 1        
                                           |                                           
Net: lzc2:x1/dummy_13                      |Net: lzc2:1/dummy_13                       
  sky130_fd_sc_hd__or2_1/proxy7 = 1        |  sky130_fd_sc_hd__or2_1/proxyX = 1        
                                           |                                           
Net: lzc2:x1/dummy_12                      |Net: lzc2:1/dummy_12                       
  sky130_fd_sc_hd__or2_1/proxy6 = 1        |  sky130_fd_sc_hd__or2_1/proxyVPWR = 1     
                                           |                                           
Net: lzc2:x1/dummy_11                      |Net: lzc2:1/dummy_11                       
  sky130_fd_sc_hd__or2_1/proxy5 = 1        |  sky130_fd_sc_hd__or2_1/proxyVPB = 1      
                                           |                                           
Net: lzc2:x1/dummy_10                      |Net: lzc2:1/dummy_10                       
  sky130_fd_sc_hd__or2_1/proxy4 = 1        |  sky130_fd_sc_hd__or2_1/proxyVNB = 1      
                                           |                                           
Net: lzc2:x1/dummy_9                       |Net: lzc2:1/dummy_9                        
  sky130_fd_sc_hd__or2_1/proxy3 = 1        |  sky130_fd_sc_hd__or2_1/proxyVGND = 1     
                                           |                                           
Net: lzc2:x1/dummy_8                       |Net: lzc2:1/dummy_8                        
  sky130_fd_sc_hd__or2_1/proxy2 = 1        |  sky130_fd_sc_hd__or2_1/proxyB = 1        
                                           |                                           
Net: lzc2:x1/dummy_7                       |Net: lzc2:1/dummy_7                        
  sky130_fd_sc_hd__or2_1/proxy1 = 1        |  sky130_fd_sc_hd__or2_1/proxyA = 1        
                                           |                                           
Net: dummy_26                              |Net: dummy_26                              
  sky130_fd_sc_hd__inv_1/proxy6 = 1        |  sky130_fd_sc_hd__inv_1/proxyY = 1        
                                           |                                           
Net: dummy_25                              |Net: dummy_25                              
  sky130_fd_sc_hd__inv_1/proxy5 = 1        |  sky130_fd_sc_hd__inv_1/proxyVPWR = 1     
                                           |                                           
Net: dummy_24                              |Net: dummy_24                              
  sky130_fd_sc_hd__inv_1/proxy4 = 1        |  sky130_fd_sc_hd__inv_1/proxyVPB = 1      
                                           |                                           
Net: dummy_23                              |Net: dummy_23                              
  sky130_fd_sc_hd__inv_1/proxy3 = 1        |  sky130_fd_sc_hd__inv_1/proxyVNB = 1      
                                           |                                           
Net: dummy_22                              |Net: dummy_22                              
  sky130_fd_sc_hd__inv_1/proxy2 = 1        |  sky130_fd_sc_hd__inv_1/proxyVGND = 1     
                                           |                                           
Net: dummy_21                              |Net: dummy_21                              
  sky130_fd_sc_hd__inv_1/proxy1 = 1        |  sky130_fd_sc_hd__inv_1/proxyA = 1        
                                           |                                           
Net: dummy_20                              |Net: dummy_20                              
  sky130_fd_sc_hd__or2_1/proxy7 = 1        |  sky130_fd_sc_hd__or2_1/proxyX = 1        
                                           |                                           
Net: dummy_19                              |Net: dummy_19                              
  sky130_fd_sc_hd__or2_1/proxy6 = 1        |  sky130_fd_sc_hd__or2_1/proxyVPWR = 1     
                                           |                                           
Net: dummy_18                              |Net: dummy_18                              
  sky130_fd_sc_hd__or2_1/proxy5 = 1        |  sky130_fd_sc_hd__or2_1/proxyVPB = 1      
                                           |                                           
Net: dummy_17                              |Net: dummy_17                              
  sky130_fd_sc_hd__or2_1/proxy4 = 1        |  sky130_fd_sc_hd__or2_1/proxyVNB = 1      
                                           |                                           
Net: dummy_16                              |Net: dummy_16                              
  sky130_fd_sc_hd__or2_1/proxy3 = 1        |  sky130_fd_sc_hd__or2_1/proxyVGND = 1     
                                           |                                           
Net: dummy_15                              |Net: dummy_15                              
  sky130_fd_sc_hd__or2_1/proxy2 = 1        |  sky130_fd_sc_hd__or2_1/proxyB = 1        
                                           |                                           
Net: dummy_14                              |Net: dummy_14                              
  sky130_fd_sc_hd__or2_1/proxy1 = 1        |  sky130_fd_sc_hd__or2_1/proxyA = 1        
                                           |                                           
Net: P0                                    |Net: P0                                    
  sky130_fd_sc_hd__mux2_1/X = 1            |  sky130_fd_sc_hd__mux2_1/8 = 1            
                                           |                                           
Net: V                                     |Net: V                                     
  sky130_fd_sc_hd__or2_1/X = 1             |  sky130_fd_sc_hd__or2_1/7 = 1             
                                           |                                           
Net: A[0]                                  |Net: A[0]                                  
  sky130_fd_sc_hd__or2_1/B = 1             |  sky130_fd_sc_hd__or2_1/2 = 1             
                                           |                                           
Net: A[2]                                  |Net: A[2]                                  
  sky130_fd_sc_hd__or2_1/B = 1             |  sky130_fd_sc_hd__or2_1/2 = 1             
---------------------------------------------------------------------------------------

---------------------------------------------------------------------------------------
Net: GND                                   |Net: GND                                   
  sky130_fd_sc_hd__or2_1/VGND = 3          |  sky130_fd_sc_hd__or2_1/3 = 3             
  sky130_fd_sc_hd__or2_1/VNB = 3           |  sky130_fd_sc_hd__or2_1/4 = 3             
  sky130_fd_sc_hd__inv_1/VGND = 3          |  sky130_fd_sc_hd__inv_1/2 = 3             
  sky130_fd_sc_hd__inv_1/VNB = 3           |  sky130_fd_sc_hd__inv_1/3 = 3             
  sky130_fd_sc_hd__mux2_1/VGND = 1         |  sky130_fd_sc_hd__mux2_1/4 = 1            
  sky130_fd_sc_hd__mux2_1/VNB = 1          |  sky130_fd_sc_hd__mux2_1/5 = 1            
                                           |                                           
Net: VDD                                   |Net: VDD                                   
  sky130_fd_sc_hd__or2_1/VPB = 3           |  sky130_fd_sc_hd__or2_1/5 = 3             
  sky130_fd_sc_hd__or2_1/VPWR = 3          |  sky130_fd_sc_hd__or2_1/6 = 3             
  sky130_fd_sc_hd__inv_1/VPB = 3           |  sky130_fd_sc_hd__inv_1/4 = 3             
  sky130_fd_sc_hd__inv_1/VPWR = 3          |  sky130_fd_sc_hd__inv_1/5 = 3             
  sky130_fd_sc_hd__mux2_1/VPB = 1          |  sky130_fd_sc_hd__mux2_1/6 = 1            
  sky130_fd_sc_hd__mux2_1/VPWR = 1         |  sky130_fd_sc_hd__mux2_1/7 = 1            
---------------------------------------------------------------------------------------
DEVICE mismatches: Class fragments follow (with node fanout counts):
Circuit 1: lzc4                            |Circuit 2: lzc4                            

---------------------------------------------------------------------------------------
Instance: sky130_fd_sc_hd__mux2_1:x5       |Instance: sky130_fd_sc_hd__mux2_1:5        
  A0 = 2                                   |  proxyA0 = 1                              
  A1 = 2                                   |  proxyA1 = 1                              
  S = 2                                    |  proxyS = 1                               
  VGND = 14                                |  proxyVGND = 1                            
  VNB = 14                                 |  proxyVNB = 1                             
  VPB = 14                                 |  proxyVPB = 1                             
  VPWR = 14                                |  proxyVPWR = 1                            
  X = 1                                    |  proxyX = 1                               
  proxy1 = 1                               |  1 = 2                                    
  proxy2 = 1                               |  2 = 2                                    
  proxy3 = 1                               |  3 = 2                                    
  proxy4 = 1                               |  4 = 14                                   
  proxy5 = 1                               |  5 = 14                                   
  proxy6 = 1                               |  6 = 14                                   
  proxy7 = 1                               |  7 = 14                                   
  proxy8 = 1                               |  8 = 1                                    
---------------------------------------------------------------------------------------

---------------------------------------------------------------------------------------
Instance: sky130_fd_sc_hd__inv_1:x4        |Instance: sky130_fd_sc_hd__inv_1:4         
  A = 3                                    |  proxyA = 1                               
  VGND = 14                                |  proxyVGND = 1                            
  VNB = 14                                 |  proxyVNB = 1                             
  VPB = 14                                 |  proxyVPB = 1                             
  VPWR = 14                                |  proxyVPWR = 1                            
  Y = 2                                    |  proxyY = 1                               
  proxy1 = 1                               |  1 = 3                                    
  proxy2 = 1                               |  2 = 14                                   
  proxy3 = 1                               |  3 = 14                                   
  proxy4 = 1                               |  4 = 14                                   
  proxy5 = 1                               |  5 = 14                                   
  proxy6 = 1                               |  6 = 2                                    
                                           |                                           
Instance: lzc2:x2/sky130_fd_sc_hd__inv_1:x |Instance: lzc2:2/sky130_fd_sc_hd__inv_1:2  
  A = 2                                    |  proxyA = 1                               
  VGND = 14                                |  proxyVGND = 1                            
  VNB = 14                                 |  proxyVNB = 1                             
  VPB = 14                                 |  proxyVPB = 1                             
  VPWR = 14                                |  proxyVPWR = 1                            
  Y = 2                                    |  proxyY = 1                               
  proxy1 = 1                               |  1 = 2                                    
  proxy2 = 1                               |  2 = 14                                   
  proxy3 = 1                               |  3 = 14                                   
  proxy4 = 1                               |  4 = 14                                   
  proxy5 = 1                               |  5 = 14                                   
  proxy6 = 1                               |  6 = 2                                    
                                           |                                           
Instance: lzc2:x1/sky130_fd_sc_hd__inv_1:x |Instance: lzc2:1/sky130_fd_sc_hd__inv_1:2  
  A = 2                                    |  proxyA = 1                               
  VGND = 14                                |  proxyVGND = 1                            
  VNB = 14                                 |  proxyVNB = 1                             
  VPB = 14                                 |  proxyVPB = 1                             
  VPWR = 14                                |  proxyVPWR = 1                            
  Y = 2                                    |  proxyY = 1                               
  proxy1 = 1                               |  1 = 2                                    
  proxy2 = 1                               |  2 = 14                                   
  proxy3 = 1                               |  3 = 14                                   
  proxy4 = 1                               |  4 = 14                                   
  proxy5 = 1                               |  5 = 14                                   
  proxy6 = 1                               |  6 = 2                                    
---------------------------------------------------------------------------------------

---------------------------------------------------------------------------------------
Instance: sky130_fd_sc_hd__or2_1:x3        |Instance: sky130_fd_sc_hd__or2_1:3         
  A = 3                                    |  proxyA = 1                               
  B = 2                                    |  proxyB = 1                               
  VGND = 14                                |  proxyVGND = 1                            
  VNB = 14                                 |  proxyVNB = 1                             
  VPB = 14                                 |  proxyVPB = 1                             
  VPWR = 14                                |  proxyVPWR = 1                            
  X = 1                                    |  proxyX = 1                               
  proxy1 = 1                               |  1 = 3                                    
  proxy2 = 1                               |  2 = 2                                    
  proxy3 = 1                               |  3 = 14                                   
  proxy4 = 1                               |  4 = 14                                   
  proxy5 = 1                               |  5 = 14                                   
  proxy6 = 1                               |  6 = 14                                   
  proxy7 = 1                               |  7 = 1                                    
                                           |                                           
Instance: lzc2:x2/sky130_fd_sc_hd__or2_1:x |Instance: lzc2:2/sky130_fd_sc_hd__or2_1:1  
  A = 2                                    |  proxyA = 1                               
  B = 1                                    |  proxyB = 1                               
  VGND = 14                                |  proxyVGND = 1                            
  VNB = 14                                 |  proxyVNB = 1                             
  VPB = 14                                 |  proxyVPB = 1                             
  VPWR = 14                                |  proxyVPWR = 1                            
  X = 2                                    |  proxyX = 1                               
  proxy1 = 1                               |  1 = 2                                    
  proxy2 = 1                               |  2 = 1                                    
  proxy3 = 1                               |  3 = 14                                   
  proxy4 = 1                               |  4 = 14                                   
  proxy5 = 1                               |  5 = 14                                   
  proxy6 = 1                               |  6 = 14                                   
  proxy7 = 1                               |  7 = 2                                    
                                           |                                           
Instance: lzc2:x1/sky130_fd_sc_hd__or2_1:x |Instance: lzc2:1/sky130_fd_sc_hd__or2_1:1  
  A = 2                                    |  proxyA = 1                               
  B = 1                                    |  proxyB = 1                               
  VGND = 14                                |  proxyVGND = 1                            
  VNB = 14                                 |  proxyVNB = 1                             
  VPB = 14                                 |  proxyVPB = 1                             
  VPWR = 14                                |  proxyVPWR = 1                            
  X = 3                                    |  proxyX = 1                               
  proxy1 = 1                               |  1 = 2                                    
  proxy2 = 1                               |  2 = 1                                    
  proxy3 = 1                               |  3 = 14                                   
  proxy4 = 1                               |  4 = 14                                   
  proxy5 = 1                               |  5 = 14                                   
  proxy6 = 1                               |  6 = 14                                   
  proxy7 = 1                               |  7 = 3                                    
---------------------------------------------------------------------------------------
Netlists do not match.
Port matching may fail to disambiguate symmetries.
  Flattening non-matched subcircuits lzc4 lzc4

Subcircuit summary:
Circuit 1: lzc8                            |Circuit 2: lzc8                            
-------------------------------------------|-------------------------------------------
sky130_fd_sc_hd__or2_1 (7)                 |sky130_fd_sc_hd__or2_1 (7)                 
sky130_fd_sc_hd__inv_1 (7)                 |sky130_fd_sc_hd__inv_1 (7)                 
sky130_fd_sc_hd__mux2_1 (4)                |sky130_fd_sc_hd__mux2_1 (4)                
Number of devices: 18                      |Number of devices: 18                      
Number of nets: 151                        |Number of nets: 151                        
---------------------------------------------------------------------------------------
NET mismatches: Class fragments follow (with fanout counts):
Circuit 1: lzc8                            |Circuit 2: lzc8                            

---------------------------------------------------------------------------------------
Net: GND                                   |Net: GND                                   
  sky130_fd_sc_hd__or2_1/VGND = 7          |  sky130_fd_sc_hd__or2_1/3 = 7             
  sky130_fd_sc_hd__or2_1/VNB = 7           |  sky130_fd_sc_hd__or2_1/4 = 7             
  sky130_fd_sc_hd__inv_1/VGND = 7          |  sky130_fd_sc_hd__inv_1/2 = 7             
  sky130_fd_sc_hd__inv_1/VNB = 7           |  sky130_fd_sc_hd__inv_1/3 = 7             
  sky130_fd_sc_hd__mux2_1/VGND = 4         |  sky130_fd_sc_hd__mux2_1/4 = 4            
  sky130_fd_sc_hd__mux2_1/VNB = 4          |  sky130_fd_sc_hd__mux2_1/5 = 4            
                                           |                                           
Net: VDD                                   |Net: VDD                                   
  sky130_fd_sc_hd__or2_1/VPB = 7           |  sky130_fd_sc_hd__or2_1/5 = 7             
  sky130_fd_sc_hd__or2_1/VPWR = 7          |  sky130_fd_sc_hd__or2_1/6 = 7             
  sky130_fd_sc_hd__inv_1/VPB = 7           |  sky130_fd_sc_hd__inv_1/4 = 7             
  sky130_fd_sc_hd__inv_1/VPWR = 7          |  sky130_fd_sc_hd__inv_1/5 = 7             
  sky130_fd_sc_hd__mux2_1/VPB = 4          |  sky130_fd_sc_hd__mux2_1/6 = 4            
  sky130_fd_sc_hd__mux2_1/VPWR = 4         |  sky130_fd_sc_hd__mux2_1/7 = 4            
---------------------------------------------------------------------------------------

---------------------------------------------------------------------------------------
Net: lzc4:x2/dummy_72                      |Net: lzc4:2/dummy_72                       
  sky130_fd_sc_hd__mux2_1/proxy8 = 1       |  sky130_fd_sc_hd__mux2_1/proxyX = 1       
                                           |                                           
Net: lzc4:x1/dummy_72                      |Net: lzc4:1/dummy_72                       
  sky130_fd_sc_hd__mux2_1/proxy8 = 1       |  sky130_fd_sc_hd__mux2_1/proxyX = 1       
                                           |                                           
Net: lzc4:x2/dummy_71                      |Net: lzc4:2/dummy_71                       
  sky130_fd_sc_hd__mux2_1/proxy7 = 1       |  sky130_fd_sc_hd__mux2_1/proxyVPWR = 1    
                                           |                                           
Net: lzc4:x1/dummy_71                      |Net: lzc4:1/dummy_71                       
  sky130_fd_sc_hd__mux2_1/proxy7 = 1       |  sky130_fd_sc_hd__mux2_1/proxyVPWR = 1    
                                           |                                           
Net: lzc4:x2/dummy_70                      |Net: lzc4:2/dummy_70                       
  sky130_fd_sc_hd__mux2_1/proxy6 = 1       |  sky130_fd_sc_hd__mux2_1/proxyVPB = 1     
                                           |                                           
Net: lzc4:x1/dummy_70                      |Net: lzc4:1/dummy_70                       
  sky130_fd_sc_hd__mux2_1/proxy6 = 1       |  sky130_fd_sc_hd__mux2_1/proxyVPB = 1     
                                           |                                           
Net: lzc4:x2/dummy_69                      |Net: lzc4:2/dummy_69                       
  sky130_fd_sc_hd__mux2_1/proxy5 = 1       |  sky130_fd_sc_hd__mux2_1/proxyVNB = 1     
                                           |                                           
Net: lzc4:x1/dummy_69                      |Net: lzc4:1/dummy_69                       
  sky130_fd_sc_hd__mux2_1/proxy5 = 1       |  sky130_fd_sc_hd__mux2_1/proxyVNB = 1     
                                           |                                           
Net: lzc4:x2/dummy_68                      |Net: lzc4:2/dummy_68                       
  sky130_fd_sc_hd__mux2_1/proxy4 = 1       |  sky130_fd_sc_hd__mux2_1/proxyVGND = 1    
                                           |                                           
Net: lzc4:x1/dummy_68                      |Net: lzc4:1/dummy_68                       
  sky130_fd_sc_hd__mux2_1/proxy4 = 1       |  sky130_fd_sc_hd__mux2_1/proxyVGND = 1    
                                           |                                           
Net: lzc4:x2/dummy_67                      |Net: lzc4:2/dummy_67                       
  sky130_fd_sc_hd__mux2_1/proxy3 = 1       |  sky130_fd_sc_hd__mux2_1/proxyS = 1       
                                           |                                           
Net: lzc4:x1/dummy_67                      |Net: lzc4:1/dummy_67                       
  sky130_fd_sc_hd__mux2_1/proxy3 = 1       |  sky130_fd_sc_hd__mux2_1/proxyS = 1       
                                           |                                           
Net: lzc4:x2/dummy_66                      |Net: lzc4:2/dummy_66                       
  sky130_fd_sc_hd__mux2_1/proxy2 = 1       |  sky130_fd_sc_hd__mux2_1/proxyA1 = 1      
                                           |                                           
Net: lzc4:x1/dummy_66                      |Net: lzc4:1/dummy_66                       
  sky130_fd_sc_hd__mux2_1/proxy2 = 1       |  sky130_fd_sc_hd__mux2_1/proxyA1 = 1      
                                           |                                           
Net: lzc4:x2/dummy_65                      |Net: lzc4:2/dummy_65                       
  sky130_fd_sc_hd__mux2_1/proxy1 = 1       |  sky130_fd_sc_hd__mux2_1/proxyA0 = 1      
                                           |                                           
Net: lzc4:x1/dummy_65                      |Net: lzc4:1/dummy_65                       
  sky130_fd_sc_hd__mux2_1/proxy1 = 1       |  sky130_fd_sc_hd__mux2_1/proxyA0 = 1      
                                           |                                           
Net: lzc4:x2/lzc2:x2/dummy_19              |Net: lzc4:2/lzc2:2/dummy_19                
  sky130_fd_sc_hd__inv_1/proxy6 = 1        |  sky130_fd_sc_hd__inv_1/proxyY = 1        
                                           |                                           
Net: lzc4:x2/lzc2:x1/dummy_19              |Net: lzc4:2/lzc2:1/dummy_19                
  sky130_fd_sc_hd__inv_1/proxy6 = 1        |  sky130_fd_sc_hd__inv_1/proxyY = 1        
                                           |                                           
Net: lzc4:x1/lzc2:x2/dummy_19              |Net: lzc4:1/lzc2:2/dummy_19                
  sky130_fd_sc_hd__inv_1/proxy6 = 1        |  sky130_fd_sc_hd__inv_1/proxyY = 1        
                                           |                                           
Net: lzc4:x1/lzc2:x1/dummy_19              |Net: lzc4:1/lzc2:1/dummy_19                
  sky130_fd_sc_hd__inv_1/proxy6 = 1        |  sky130_fd_sc_hd__inv_1/proxyY = 1        
                                           |                                           
Net: lzc4:x2/lzc2:x2/dummy_18              |Net: lzc4:2/lzc2:2/dummy_18                
  sky130_fd_sc_hd__inv_1/proxy5 = 1        |  sky130_fd_sc_hd__inv_1/proxyVPWR = 1     
                                           |                                           
Net: lzc4:x2/lzc2:x1/dummy_18              |Net: lzc4:2/lzc2:1/dummy_18                
  sky130_fd_sc_hd__inv_1/proxy5 = 1        |  sky130_fd_sc_hd__inv_1/proxyVPWR = 1     
                                           |                                           
Net: lzc4:x1/lzc2:x2/dummy_18              |Net: lzc4:1/lzc2:2/dummy_18                
  sky130_fd_sc_hd__inv_1/proxy5 = 1        |  sky130_fd_sc_hd__inv_1/proxyVPWR = 1     
                                           |                                           
Net: lzc4:x1/lzc2:x1/dummy_18              |Net: lzc4:1/lzc2:1/dummy_18                
  sky130_fd_sc_hd__inv_1/proxy5 = 1        |  sky130_fd_sc_hd__inv_1/proxyVPWR = 1     
                                           |                                           
Net: lzc4:x2/lzc2:x2/dummy_17              |Net: lzc4:2/lzc2:2/dummy_17                
  sky130_fd_sc_hd__inv_1/proxy4 = 1        |  sky130_fd_sc_hd__inv_1/proxyVPB = 1      
                                           |                                           
Net: lzc4:x2/lzc2:x1/dummy_17              |Net: lzc4:2/lzc2:1/dummy_17                
  sky130_fd_sc_hd__inv_1/proxy4 = 1        |  sky130_fd_sc_hd__inv_1/proxyVPB = 1      
                                           |                                           
Net: lzc4:x1/lzc2:x2/dummy_17              |Net: lzc4:1/lzc2:2/dummy_17                
  sky130_fd_sc_hd__inv_1/proxy4 = 1        |  sky130_fd_sc_hd__inv_1/proxyVPB = 1      
                                           |                                           
Net: lzc4:x1/lzc2:x1/dummy_17              |Net: lzc4:1/lzc2:1/dummy_17                
  sky130_fd_sc_hd__inv_1/proxy4 = 1        |  sky130_fd_sc_hd__inv_1/proxyVPB = 1      
                                           |                                           
Net: lzc4:x2/lzc2:x2/dummy_16              |Net: lzc4:2/lzc2:2/dummy_16                
  sky130_fd_sc_hd__inv_1/proxy3 = 1        |  sky130_fd_sc_hd__inv_1/proxyVNB = 1      
                                           |                                           
Net: lzc4:x2/lzc2:x1/dummy_16              |Net: lzc4:2/lzc2:1/dummy_16                
  sky130_fd_sc_hd__inv_1/proxy3 = 1        |  sky130_fd_sc_hd__inv_1/proxyVNB = 1      
                                           |                                           
Net: lzc4:x1/lzc2:x2/dummy_16              |Net: lzc4:1/lzc2:2/dummy_16                
  sky130_fd_sc_hd__inv_1/proxy3 = 1        |  sky130_fd_sc_hd__inv_1/proxyVNB = 1      
                                           |                                           
Net: lzc4:x1/lzc2:x1/dummy_16              |Net: lzc4:1/lzc2:1/dummy_16                
  sky130_fd_sc_hd__inv_1/proxy3 = 1        |  sky130_fd_sc_hd__inv_1/proxyVNB = 1      
                                           |                                           
Net: lzc4:x2/lzc2:x2/dummy_15              |Net: lzc4:2/lzc2:2/dummy_15                
  sky130_fd_sc_hd__inv_1/proxy2 = 1        |  sky130_fd_sc_hd__inv_1/proxyVGND = 1     
                                           |                                           
Net: lzc4:x2/lzc2:x1/dummy_15              |Net: lzc4:2/lzc2:1/dummy_15                
  sky130_fd_sc_hd__inv_1/proxy2 = 1        |  sky130_fd_sc_hd__inv_1/proxyVGND = 1     
                                           |                                           
Net: lzc4:x1/lzc2:x2/dummy_15              |Net: lzc4:1/lzc2:2/dummy_15                
  sky130_fd_sc_hd__inv_1/proxy2 = 1        |  sky130_fd_sc_hd__inv_1/proxyVGND = 1     
                                           |                                           
Net: lzc4:x1/lzc2:x1/dummy_15              |Net: lzc4:1/lzc2:1/dummy_15                
  sky130_fd_sc_hd__inv_1/proxy2 = 1        |  sky130_fd_sc_hd__inv_1/proxyVGND = 1     
                                           |                                           
Net: lzc4:x2/lzc2:x2/dummy_14              |Net: lzc4:2/lzc2:2/dummy_14                
  sky130_fd_sc_hd__inv_1/proxy1 = 1        |  sky130_fd_sc_hd__inv_1/proxyA = 1        
                                           |                                           
Net: lzc4:x2/lzc2:x1/dummy_14              |Net: lzc4:2/lzc2:1/dummy_14                
  sky130_fd_sc_hd__inv_1/proxy1 = 1        |  sky130_fd_sc_hd__inv_1/proxyA = 1        
                                           |                                           
Net: lzc4:x1/lzc2:x2/dummy_14              |Net: lzc4:1/lzc2:2/dummy_14                
  sky130_fd_sc_hd__inv_1/proxy1 = 1        |  sky130_fd_sc_hd__inv_1/proxyA = 1        
                                           |                                           
Net: lzc4:x1/lzc2:x1/dummy_14              |Net: lzc4:1/lzc2:1/dummy_14                
  sky130_fd_sc_hd__inv_1/proxy1 = 1        |  sky130_fd_sc_hd__inv_1/proxyA = 1        
                                           |                                           
Net: lzc4:x2/lzc2:x2/dummy_13              |Net: lzc4:2/lzc2:2/dummy_13                
  sky130_fd_sc_hd__or2_1/proxy7 = 1        |  sky130_fd_sc_hd__or2_1/proxyX = 1        
                                           |                                           
Net: lzc4:x1/lzc2:x2/dummy_13              |Net: lzc4:1/lzc2:2/dummy_13                
  sky130_fd_sc_hd__or2_1/proxy7 = 1        |  sky130_fd_sc_hd__or2_1/proxyX = 1        
                                           |                                           
Net: lzc4:x2/lzc2:x2/dummy_12              |Net: lzc4:2/lzc2:2/dummy_12                
  sky130_fd_sc_hd__or2_1/proxy6 = 1        |  sky130_fd_sc_hd__or2_1/proxyVPWR = 1     
                                           |                                           
Net: lzc4:x1/lzc2:x2/dummy_12              |Net: lzc4:1/lzc2:2/dummy_12                
  sky130_fd_sc_hd__or2_1/proxy6 = 1        |  sky130_fd_sc_hd__or2_1/proxyVPWR = 1     
                                           |                                           
Net: lzc4:x2/lzc2:x2/dummy_11              |Net: lzc4:2/lzc2:2/dummy_11                
  sky130_fd_sc_hd__or2_1/proxy5 = 1        |  sky130_fd_sc_hd__or2_1/proxyVPB = 1      
                                           |                                           
Net: lzc4:x1/lzc2:x2/dummy_11              |Net: lzc4:1/lzc2:2/dummy_11                
  sky130_fd_sc_hd__or2_1/proxy5 = 1        |  sky130_fd_sc_hd__or2_1/proxyVPB = 1      
                                           |                                           
Net: lzc4:x2/lzc2:x2/dummy_10              |Net: lzc4:2/lzc2:2/dummy_10                
  sky130_fd_sc_hd__or2_1/proxy4 = 1        |  sky130_fd_sc_hd__or2_1/proxyVNB = 1      
                                           |                                           
Net: lzc4:x1/lzc2:x2/dummy_10              |Net: lzc4:1/lzc2:2/dummy_10                
  sky130_fd_sc_hd__or2_1/proxy4 = 1        |  sky130_fd_sc_hd__or2_1/proxyVNB = 1      
                                           |                                           
Net: lzc4:x2/lzc2:x2/dummy_9               |Net: lzc4:2/lzc2:2/dummy_9                 
  sky130_fd_sc_hd__or2_1/proxy3 = 1        |  sky130_fd_sc_hd__or2_1/proxyVGND = 1     
                                           |                                           
Net: lzc4:x1/lzc2:x2/dummy_9               |Net: lzc4:1/lzc2:2/dummy_9                 
  sky130_fd_sc_hd__or2_1/proxy3 = 1        |  sky130_fd_sc_hd__or2_1/proxyVGND = 1     
                                           |                                           
Net: lzc4:x2/lzc2:x2/dummy_8               |Net: lzc4:2/lzc2:2/dummy_8                 
  sky130_fd_sc_hd__or2_1/proxy2 = 1        |  sky130_fd_sc_hd__or2_1/proxyB = 1        
                                           |                                           
Net: lzc4:x1/lzc2:x2/dummy_8               |Net: lzc4:1/lzc2:2/dummy_8                 
  sky130_fd_sc_hd__or2_1/proxy2 = 1        |  sky130_fd_sc_hd__or2_1/proxyB = 1        
                                           |                                           
Net: lzc4:x2/lzc2:x2/dummy_7               |Net: lzc4:2/lzc2:2/dummy_7                 
  sky130_fd_sc_hd__or2_1/proxy1 = 1        |  sky130_fd_sc_hd__or2_1/proxyA = 1        
                                           |                                           
Net: lzc4:x1/lzc2:x2/dummy_7               |Net: lzc4:1/lzc2:2/dummy_7                 
  sky130_fd_sc_hd__or2_1/proxy1 = 1        |  sky130_fd_sc_hd__or2_1/proxyA = 1        
                                           |                                           
Net: lzc4:x2/lzc2:x1/dummy_13              |Net: lzc4:2/lzc2:1/dummy_13                
  sky130_fd_sc_hd__or2_1/proxy7 = 1        |  sky130_fd_sc_hd__or2_1/proxyX = 1        
                                           |                                           
Net: lzc4:x1/lzc2:x1/dummy_13              |Net: lzc4:1/lzc2:1/dummy_13                
  sky130_fd_sc_hd__or2_1/proxy7 = 1        |  sky130_fd_sc_hd__or2_1/proxyX = 1        
                                           |                                           
Net: lzc4:x2/lzc2:x1/dummy_12              |Net: lzc4:2/lzc2:1/dummy_12                
  sky130_fd_sc_hd__or2_1/proxy6 = 1        |  sky130_fd_sc_hd__or2_1/proxyVPWR = 1     
                                           |                                           
Net: lzc4:x1/lzc2:x1/dummy_12              |Net: lzc4:1/lzc2:1/dummy_12                
  sky130_fd_sc_hd__or2_1/proxy6 = 1        |  sky130_fd_sc_hd__or2_1/proxyVPWR = 1     
                                           |                                           
Net: lzc4:x2/lzc2:x1/dummy_11              |Net: lzc4:2/lzc2:1/dummy_11                
  sky130_fd_sc_hd__or2_1/proxy5 = 1        |  sky130_fd_sc_hd__or2_1/proxyVPB = 1      
                                           |                                           
Net: lzc4:x1/lzc2:x1/dummy_11              |Net: lzc4:1/lzc2:1/dummy_11                
  sky130_fd_sc_hd__or2_1/proxy5 = 1        |  sky130_fd_sc_hd__or2_1/proxyVPB = 1      
                                           |                                           
Net: lzc4:x2/lzc2:x1/dummy_10              |Net: lzc4:2/lzc2:1/dummy_10                
  sky130_fd_sc_hd__or2_1/proxy4 = 1        |  sky130_fd_sc_hd__or2_1/proxyVNB = 1      
                                           |                                           
Net: lzc4:x1/lzc2:x1/dummy_10              |Net: lzc4:1/lzc2:1/dummy_10                
  sky130_fd_sc_hd__or2_1/proxy4 = 1        |  sky130_fd_sc_hd__or2_1/proxyVNB = 1      
                                           |                                           
Net: lzc4:x2/lzc2:x1/dummy_9               |Net: lzc4:2/lzc2:1/dummy_9                 
  sky130_fd_sc_hd__or2_1/proxy3 = 1        |  sky130_fd_sc_hd__or2_1/proxyVGND = 1     
                                           |                                           
Net: lzc4:x1/lzc2:x1/dummy_9               |Net: lzc4:1/lzc2:1/dummy_9                 
  sky130_fd_sc_hd__or2_1/proxy3 = 1        |  sky130_fd_sc_hd__or2_1/proxyVGND = 1     
                                           |                                           
Net: lzc4:x2/lzc2:x1/dummy_8               |Net: lzc4:2/lzc2:1/dummy_8                 
  sky130_fd_sc_hd__or2_1/proxy2 = 1        |  sky130_fd_sc_hd__or2_1/proxyB = 1        
                                           |                                           
Net: lzc4:x1/lzc2:x1/dummy_8               |Net: lzc4:1/lzc2:1/dummy_8                 
  sky130_fd_sc_hd__or2_1/proxy2 = 1        |  sky130_fd_sc_hd__or2_1/proxyB = 1        
                                           |                                           
Net: lzc4:x2/lzc2:x1/dummy_7               |Net: lzc4:2/lzc2:1/dummy_7                 
  sky130_fd_sc_hd__or2_1/proxy1 = 1        |  sky130_fd_sc_hd__or2_1/proxyA = 1        
                                           |                                           
Net: lzc4:x1/lzc2:x1/dummy_7               |Net: lzc4:1/lzc2:1/dummy_7                 
  sky130_fd_sc_hd__or2_1/proxy1 = 1        |  sky130_fd_sc_hd__or2_1/proxyA = 1        
                                           |                                           
Net: lzc4:x2/dummy_26                      |Net: lzc4:2/dummy_26                       
  sky130_fd_sc_hd__inv_1/proxy6 = 1        |  sky130_fd_sc_hd__inv_1/proxyY = 1        
                                           |                                           
Net: lzc4:x1/dummy_26                      |Net: lzc4:1/dummy_26                       
  sky130_fd_sc_hd__inv_1/proxy6 = 1        |  sky130_fd_sc_hd__inv_1/proxyY = 1        
                                           |                                           
Net: dummy_33                              |Net: dummy_33                              
  sky130_fd_sc_hd__inv_1/proxy6 = 1        |  sky130_fd_sc_hd__inv_1/proxyY = 1        
                                           |                                           
Net: lzc4:x2/dummy_25                      |Net: lzc4:2/dummy_25                       
  sky130_fd_sc_hd__inv_1/proxy5 = 1        |  sky130_fd_sc_hd__inv_1/proxyVPWR = 1     
                                           |                                           
Net: lzc4:x1/dummy_25                      |Net: lzc4:1/dummy_25                       
  sky130_fd_sc_hd__inv_1/proxy5 = 1        |  sky130_fd_sc_hd__inv_1/proxyVPWR = 1     
                                           |                                           
Net: dummy_32                              |Net: dummy_32                              
  sky130_fd_sc_hd__inv_1/proxy5 = 1        |  sky130_fd_sc_hd__inv_1/proxyVPWR = 1     
                                           |                                           
Net: lzc4:x2/dummy_24                      |Net: lzc4:2/dummy_24                       
  sky130_fd_sc_hd__inv_1/proxy4 = 1        |  sky130_fd_sc_hd__inv_1/proxyVPB = 1      
                                           |                                           
Net: lzc4:x1/dummy_24                      |Net: lzc4:1/dummy_24                       
  sky130_fd_sc_hd__inv_1/proxy4 = 1        |  sky130_fd_sc_hd__inv_1/proxyVPB = 1      
                                           |                                           
Net: dummy_31                              |Net: dummy_31                              
  sky130_fd_sc_hd__inv_1/proxy4 = 1        |  sky130_fd_sc_hd__inv_1/proxyVPB = 1      
                                           |                                           
Net: lzc4:x2/dummy_23                      |Net: lzc4:2/dummy_23                       
  sky130_fd_sc_hd__inv_1/proxy3 = 1        |  sky130_fd_sc_hd__inv_1/proxyVNB = 1      
                                           |                                           
Net: lzc4:x1/dummy_23                      |Net: lzc4:1/dummy_23                       
  sky130_fd_sc_hd__inv_1/proxy3 = 1        |  sky130_fd_sc_hd__inv_1/proxyVNB = 1      
                                           |                                           
Net: dummy_30                              |Net: dummy_30                              
  sky130_fd_sc_hd__inv_1/proxy3 = 1        |  sky130_fd_sc_hd__inv_1/proxyVNB = 1      
                                           |                                           
Net: lzc4:x2/dummy_22                      |Net: lzc4:2/dummy_22                       
  sky130_fd_sc_hd__inv_1/proxy2 = 1        |  sky130_fd_sc_hd__inv_1/proxyVGND = 1     
                                           |                                           
Net: lzc4:x1/dummy_22                      |Net: lzc4:1/dummy_22                       
  sky130_fd_sc_hd__inv_1/proxy2 = 1        |  sky130_fd_sc_hd__inv_1/proxyVGND = 1     
                                           |                                           
Net: dummy_29                              |Net: dummy_29                              
  sky130_fd_sc_hd__inv_1/proxy2 = 1        |  sky130_fd_sc_hd__inv_1/proxyVGND = 1     
                                           |                                           
Net: lzc4:x2/dummy_21                      |Net: lzc4:2/dummy_21                       
  sky130_fd_sc_hd__inv_1/proxy1 = 1        |  sky130_fd_sc_hd__inv_1/proxyA = 1        
                                           |                                           
Net: lzc4:x1/dummy_21                      |Net: lzc4:1/dummy_21                       
  sky130_fd_sc_hd__inv_1/proxy1 = 1        |  sky130_fd_sc_hd__inv_1/proxyA = 1        
                                           |                                           
Net: dummy_28                              |Net: dummy_28                              
  sky130_fd_sc_hd__inv_1/proxy1 = 1        |  sky130_fd_sc_hd__inv_1/proxyA = 1        
                                           |                                           
Net: lzc4:x2/dummy_20                      |Net: lzc4:2/dummy_20                       
  sky130_fd_sc_hd__or2_1/proxy7 = 1        |  sky130_fd_sc_hd__or2_1/proxyX = 1        
                                           |                                           
Net: lzc4:x2/dummy_19                      |Net: lzc4:2/dummy_19                       
  sky130_fd_sc_hd__or2_1/proxy6 = 1        |  sky130_fd_sc_hd__or2_1/proxyVPWR = 1     
                                           |                                           
Net: lzc4:x2/dummy_18                      |Net: lzc4:2/dummy_18                       
  sky130_fd_sc_hd__or2_1/proxy5 = 1        |  sky130_fd_sc_hd__or2_1/proxyVPB = 1      
                                           |                                           
Net: lzc4:x2/dummy_17                      |Net: lzc4:2/dummy_17                       
  sky130_fd_sc_hd__or2_1/proxy4 = 1        |  sky130_fd_sc_hd__or2_1/proxyVNB = 1      
                                           |                                           
Net: lzc4:x2/dummy_16                      |Net: lzc4:2/dummy_16                       
  sky130_fd_sc_hd__or2_1/proxy3 = 1        |  sky130_fd_sc_hd__or2_1/proxyVGND = 1     
                                           |                                           
Net: lzc4:x2/dummy_15                      |Net: lzc4:2/dummy_15                       
  sky130_fd_sc_hd__or2_1/proxy2 = 1        |  sky130_fd_sc_hd__or2_1/proxyB = 1        
                                           |                                           
Net: lzc4:x2/dummy_14                      |Net: lzc4:2/dummy_14                       
  sky130_fd_sc_hd__or2_1/proxy1 = 1        |  sky130_fd_sc_hd__or2_1/proxyA = 1        
                                           |                                           
Net: lzc4:x1/dummy_20                      |Net: lzc4:1/dummy_20                       
  sky130_fd_sc_hd__or2_1/proxy7 = 1        |  sky130_fd_sc_hd__or2_1/proxyX = 1        
                                           |                                           
Net: lzc4:x1/dummy_19                      |Net: lzc4:1/dummy_19                       
  sky130_fd_sc_hd__or2_1/proxy6 = 1        |  sky130_fd_sc_hd__or2_1/proxyVPWR = 1     
                                           |                                           
Net: lzc4:x1/dummy_18                      |Net: lzc4:1/dummy_18                       
  sky130_fd_sc_hd__or2_1/proxy5 = 1        |  sky130_fd_sc_hd__or2_1/proxyVPB = 1      
                                           |                                           
Net: lzc4:x1/dummy_17                      |Net: lzc4:1/dummy_17                       
  sky130_fd_sc_hd__or2_1/proxy4 = 1        |  sky130_fd_sc_hd__or2_1/proxyVNB = 1      
                                           |                                           
Net: lzc4:x1/dummy_16                      |Net: lzc4:1/dummy_16                       
  sky130_fd_sc_hd__or2_1/proxy3 = 1        |  sky130_fd_sc_hd__or2_1/proxyVGND = 1     
                                           |                                           
Net: lzc4:x1/dummy_15                      |Net: lzc4:1/dummy_15                       
  sky130_fd_sc_hd__or2_1/proxy2 = 1        |  sky130_fd_sc_hd__or2_1/proxyB = 1        
                                           |                                           
Net: lzc4:x1/dummy_14                      |Net: lzc4:1/dummy_14                       
  sky130_fd_sc_hd__or2_1/proxy1 = 1        |  sky130_fd_sc_hd__or2_1/proxyA = 1        
                                           |                                           
Net: dummy_49                              |Net: dummy_49                              
  sky130_fd_sc_hd__mux2_1/proxy8 = 1       |  sky130_fd_sc_hd__mux2_1/proxyX = 1       
                                           |                                           
Net: dummy_48                              |Net: dummy_48                              
  sky130_fd_sc_hd__mux2_1/proxy7 = 1       |  sky130_fd_sc_hd__mux2_1/proxyVPWR = 1    
                                           |                                           
Net: dummy_47                              |Net: dummy_47                              
  sky130_fd_sc_hd__mux2_1/proxy6 = 1       |  sky130_fd_sc_hd__mux2_1/proxyVPB = 1     
                                           |                                           
Net: dummy_46                              |Net: dummy_46                              
  sky130_fd_sc_hd__mux2_1/proxy5 = 1       |  sky130_fd_sc_hd__mux2_1/proxyVNB = 1     
                                           |                                           
Net: dummy_45                              |Net: dummy_45                              
  sky130_fd_sc_hd__mux2_1/proxy4 = 1       |  sky130_fd_sc_hd__mux2_1/proxyVGND = 1    
                                           |                                           
Net: dummy_44                              |Net: dummy_44                              
  sky130_fd_sc_hd__mux2_1/proxy3 = 1       |  sky130_fd_sc_hd__mux2_1/proxyS = 1       
                                           |                                           
Net: dummy_43                              |Net: dummy_43                              
  sky130_fd_sc_hd__mux2_1/proxy2 = 1       |  sky130_fd_sc_hd__mux2_1/proxyA1 = 1      
                                           |                                           
Net: dummy_42                              |Net: dummy_42                              
  sky130_fd_sc_hd__mux2_1/proxy1 = 1       |  sky130_fd_sc_hd__mux2_1/proxyA0 = 1      
                                           |                                           
Net: dummy_41                              |Net: dummy_41                              
  sky130_fd_sc_hd__mux2_1/proxy8 = 1       |  sky130_fd_sc_hd__mux2_1/proxyX = 1       
                                           |                                           
Net: dummy_40                              |Net: dummy_40                              
  sky130_fd_sc_hd__mux2_1/proxy7 = 1       |  sky130_fd_sc_hd__mux2_1/proxyVPWR = 1    
                                           |                                           
Net: dummy_39                              |Net: dummy_39                              
  sky130_fd_sc_hd__mux2_1/proxy6 = 1       |  sky130_fd_sc_hd__mux2_1/proxyVPB = 1     
                                           |                                           
Net: dummy_38                              |Net: dummy_38                              
  sky130_fd_sc_hd__mux2_1/proxy5 = 1       |  sky130_fd_sc_hd__mux2_1/proxyVNB = 1     
                                           |                                           
Net: dummy_37                              |Net: dummy_37                              
  sky130_fd_sc_hd__mux2_1/proxy4 = 1       |  sky130_fd_sc_hd__mux2_1/proxyVGND = 1    
                                           |                                           
Net: dummy_36                              |Net: dummy_36                              
  sky130_fd_sc_hd__mux2_1/proxy3 = 1       |  sky130_fd_sc_hd__mux2_1/proxyS = 1       
                                           |                                           
Net: dummy_35                              |Net: dummy_35                              
  sky130_fd_sc_hd__mux2_1/proxy2 = 1       |  sky130_fd_sc_hd__mux2_1/proxyA1 = 1      
                                           |                                           
Net: dummy_34                              |Net: dummy_34                              
  sky130_fd_sc_hd__mux2_1/proxy1 = 1       |  sky130_fd_sc_hd__mux2_1/proxyA0 = 1      
                                           |                                           
Net: dummy_27                              |Net: dummy_27                              
  sky130_fd_sc_hd__or2_1/proxy7 = 1        |  sky130_fd_sc_hd__or2_1/proxyX = 1        
                                           |                                           
Net: dummy_26                              |Net: dummy_26                              
  sky130_fd_sc_hd__or2_1/proxy6 = 1        |  sky130_fd_sc_hd__or2_1/proxyVPWR = 1     
                                           |                                           
Net: dummy_25                              |Net: dummy_25                              
  sky130_fd_sc_hd__or2_1/proxy5 = 1        |  sky130_fd_sc_hd__or2_1/proxyVPB = 1      
                                           |                                           
Net: dummy_24                              |Net: dummy_24                              
  sky130_fd_sc_hd__or2_1/proxy4 = 1        |  sky130_fd_sc_hd__or2_1/proxyVNB = 1      
                                           |                                           
Net: dummy_23                              |Net: dummy_23                              
  sky130_fd_sc_hd__or2_1/proxy3 = 1        |  sky130_fd_sc_hd__or2_1/proxyVGND = 1     
                                           |                                           
Net: dummy_22                              |Net: dummy_22                              
  sky130_fd_sc_hd__or2_1/proxy2 = 1        |  sky130_fd_sc_hd__or2_1/proxyB = 1        
                                           |                                           
Net: dummy_21                              |Net: dummy_21                              
  sky130_fd_sc_hd__or2_1/proxy1 = 1        |  sky130_fd_sc_hd__or2_1/proxyA = 1        
                                           |                                           
Net: P0                                    |Net: P0                                    
  sky130_fd_sc_hd__mux2_1/X = 1            |  sky130_fd_sc_hd__mux2_1/8 = 1            
                                           |                                           
Net: P1                                    |Net: P1                                    
  sky130_fd_sc_hd__mux2_1/X = 1            |  sky130_fd_sc_hd__mux2_1/8 = 1            
                                           |                                           
Net: V                                     |Net: V                                     
  sky130_fd_sc_hd__or2_1/X = 1             |  sky130_fd_sc_hd__or2_1/7 = 1             
                                           |                                           
Net: A[0]                                  |Net: A[0]                                  
  sky130_fd_sc_hd__or2_1/B = 1             |  sky130_fd_sc_hd__or2_1/2 = 1             
                                           |                                           
Net: A[4]                                  |Net: A[4]                                  
  sky130_fd_sc_hd__or2_1/B = 1             |  sky130_fd_sc_hd__or2_1/2 = 1             
                                           |                                           
Net: A[2]                                  |Net: A[2]                                  
  sky130_fd_sc_hd__or2_1/B = 1             |  sky130_fd_sc_hd__or2_1/2 = 1             
                                           |                                           
Net: A[6]                                  |Net: A[6]                                  
  sky130_fd_sc_hd__or2_1/B = 1             |  sky130_fd_sc_hd__or2_1/2 = 1             
---------------------------------------------------------------------------------------

---------------------------------------------------------------------------------------
Net: lzc4:x2/x3/B                          |Net: lzc4:2/net4                           
  sky130_fd_sc_hd__or2_1/X = 1             |  sky130_fd_sc_hd__inv_1/6 = 1             
  sky130_fd_sc_hd__or2_1/B = 1             |  sky130_fd_sc_hd__mux2_1/2 = 1            
                                           |                                           
Net: lzc4:x2/x2/P                          |Net: lzc4:1/net4                           
  sky130_fd_sc_hd__inv_1/Y = 1             |  sky130_fd_sc_hd__inv_1/6 = 1             
  sky130_fd_sc_hd__mux2_1/A1 = 1           |  sky130_fd_sc_hd__mux2_1/2 = 1            
                                           |                                           
Net: lzc4:x1/x2/P                          |Net: lzc4:2/net2                           
  sky130_fd_sc_hd__inv_1/Y = 1             |  sky130_fd_sc_hd__or2_1/7 = 1             
  sky130_fd_sc_hd__mux2_1/A1 = 1           |  sky130_fd_sc_hd__or2_1/2 = 1             
                                           |                                           
Net: lzc4:x2/x1/P                          |Net: lzc4:2/net3                           
  sky130_fd_sc_hd__inv_1/Y = 1             |  sky130_fd_sc_hd__inv_1/6 = 1             
  sky130_fd_sc_hd__mux2_1/A0 = 1           |  sky130_fd_sc_hd__mux2_1/1 = 1            
                                           |                                           
Net: lzc4:x1/x1/P                          |Net: lzc4:1/net3                           
  sky130_fd_sc_hd__inv_1/Y = 1             |  sky130_fd_sc_hd__inv_1/6 = 1             
  sky130_fd_sc_hd__mux2_1/A0 = 1           |  sky130_fd_sc_hd__mux2_1/1 = 1            
                                           |                                           
Net: lzc4:x1/x3/B                          |Net: lzc4:1/net2                           
  sky130_fd_sc_hd__or2_1/X = 1             |  sky130_fd_sc_hd__or2_1/7 = 1             
  sky130_fd_sc_hd__or2_1/B = 1             |  sky130_fd_sc_hd__or2_1/2 = 1             
                                           |                                           
Net: x3/B                                  |Net: net6                                  
  sky130_fd_sc_hd__or2_1/X = 1             |  sky130_fd_sc_hd__mux2_1/8 = 1            
  sky130_fd_sc_hd__or2_1/B = 1             |  sky130_fd_sc_hd__mux2_1/2 = 1            
                                           |                                           
Net: x6/A0                                 |Net: net3                                  
  sky130_fd_sc_hd__mux2_1/X = 1            |  sky130_fd_sc_hd__or2_1/7 = 1             
  sky130_fd_sc_hd__mux2_1/A0 = 1           |  sky130_fd_sc_hd__or2_1/2 = 1             
                                           |                                           
Net: A[1]                                  |Net: A[1]                                  
  sky130_fd_sc_hd__or2_1/A = 1             |  sky130_fd_sc_hd__or2_1/1 = 1             
  sky130_fd_sc_hd__inv_1/A = 1             |  sky130_fd_sc_hd__inv_1/1 = 1             
                                           |                                           
Net: A[5]                                  |Net: A[5]                                  
  sky130_fd_sc_hd__or2_1/A = 1             |  sky130_fd_sc_hd__or2_1/1 = 1             
  sky130_fd_sc_hd__inv_1/A = 1             |  sky130_fd_sc_hd__inv_1/1 = 1             
                                           |                                           
Net: A[3]                                  |Net: A[3]                                  
  sky130_fd_sc_hd__or2_1/A = 1             |  sky130_fd_sc_hd__or2_1/1 = 1             
  sky130_fd_sc_hd__inv_1/A = 1             |  sky130_fd_sc_hd__inv_1/1 = 1             
                                           |                                           
Net: A[7]                                  |Net: A[7]                                  
  sky130_fd_sc_hd__or2_1/A = 1             |  sky130_fd_sc_hd__or2_1/1 = 1             
  sky130_fd_sc_hd__inv_1/A = 1             |  sky130_fd_sc_hd__inv_1/1 = 1             
                                           |                                           
Net: x6/A1                                 |Net: net5                                  
  sky130_fd_sc_hd__mux2_1/X = 1            |  sky130_fd_sc_hd__mux2_1/8 = 1            
  sky130_fd_sc_hd__mux2_1/A1 = 1           |  sky130_fd_sc_hd__mux2_1/1 = 1            
---------------------------------------------------------------------------------------

---------------------------------------------------------------------------------------
Net: lzc4:x2/x4/A                          |Net: lzc4:2/net1                           
  sky130_fd_sc_hd__or2_1/X = 1             |  sky130_fd_sc_hd__or2_1/7 = 1             
  sky130_fd_sc_hd__or2_1/A = 1             |  sky130_fd_sc_hd__or2_1/1 = 1             
  sky130_fd_sc_hd__inv_1/A = 1             |  sky130_fd_sc_hd__inv_1/1 = 1             
                                           |                                           
Net: lzc4:x1/x4/A                          |Net: lzc4:1/net1                           
  sky130_fd_sc_hd__or2_1/X = 1             |  sky130_fd_sc_hd__or2_1/7 = 1             
  sky130_fd_sc_hd__or2_1/A = 1             |  sky130_fd_sc_hd__or2_1/1 = 1             
  sky130_fd_sc_hd__inv_1/A = 1             |  sky130_fd_sc_hd__inv_1/1 = 1             
                                           |                                           
Net: P2                                    |Net: P2                                    
  sky130_fd_sc_hd__inv_1/Y = 1             |  sky130_fd_sc_hd__inv_1/6 = 1             
  sky130_fd_sc_hd__mux2_1/S = 2            |  sky130_fd_sc_hd__mux2_1/3 = 2            
                                           |                                           
Net: x4/A                                  |Net: net4                                  
  sky130_fd_sc_hd__or2_1/X = 1             |  sky130_fd_sc_hd__inv_1/6 = 1             
  sky130_fd_sc_hd__or2_1/A = 1             |  sky130_fd_sc_hd__mux2_1/3 = 1            
  sky130_fd_sc_hd__inv_1/A = 1             |  sky130_fd_sc_hd__mux2_1/2 = 1            
                                           |                                           
Net: x5/A0                                 |Net: net2                                  
  sky130_fd_sc_hd__inv_1/Y = 1             |  sky130_fd_sc_hd__inv_1/6 = 1             
  sky130_fd_sc_hd__mux2_1/S = 1            |  sky130_fd_sc_hd__mux2_1/3 = 1            
  sky130_fd_sc_hd__mux2_1/A0 = 1           |  sky130_fd_sc_hd__mux2_1/1 = 1            
                                           |                                           
Net: x5/A1                                 |Net: net1                                  
  sky130_fd_sc_hd__inv_1/Y = 1             |  sky130_fd_sc_hd__or2_1/7 = 1             
  sky130_fd_sc_hd__mux2_1/S = 1            |  sky130_fd_sc_hd__or2_1/1 = 1             
  sky130_fd_sc_hd__mux2_1/A1 = 1           |  sky130_fd_sc_hd__inv_1/1 = 1             
---------------------------------------------------------------------------------------
DEVICE mismatches: Class fragments follow (with node fanout counts):
Circuit 1: lzc8                            |Circuit 2: lzc8                            

---------------------------------------------------------------------------------------
Instance: sky130_fd_sc_hd__mux2_1:x6       |Instance: sky130_fd_sc_hd__mux2_1:6        
  A0 = 2                                   |  proxyA0 = 1                              
  A1 = 2                                   |  proxyA1 = 1                              
  S = 3                                    |  proxyS = 1                               
  VGND = 36                                |  proxyVGND = 1                            
  VNB = 36                                 |  proxyVNB = 1                             
  VPB = 36                                 |  proxyVPB = 1                             
  VPWR = 36                                |  proxyVPWR = 1                            
  X = 1                                    |  proxyX = 1                               
  proxy1 = 1                               |  1 = 2                                    
  proxy2 = 1                               |  2 = 2                                    
  proxy3 = 1                               |  3 = 3                                    
  proxy4 = 1                               |  4 = 36                                   
  proxy5 = 1                               |  5 = 36                                   
  proxy6 = 1                               |  6 = 36                                   
  proxy7 = 1                               |  7 = 36                                   
  proxy8 = 1                               |  8 = 1                                    
                                           |                                           
Instance: sky130_fd_sc_hd__mux2_1:x5       |Instance: sky130_fd_sc_hd__mux2_1:5        
  A0 = 3                                   |  proxyA0 = 1                              
  A1 = 3                                   |  proxyA1 = 1                              
  S = 3                                    |  proxyS = 1                               
  VGND = 36                                |  proxyVGND = 1                            
  VNB = 36                                 |  proxyVNB = 1                             
  VPB = 36                                 |  proxyVPB = 1                             
  VPWR = 36                                |  proxyVPWR = 1                            
  X = 1                                    |  proxyX = 1                               
  proxy1 = 1                               |  1 = 3                                    
  proxy2 = 1                               |  2 = 3                                    
  proxy3 = 1                               |  3 = 3                                    
  proxy4 = 1                               |  4 = 36                                   
  proxy5 = 1                               |  5 = 36                                   
  proxy6 = 1                               |  6 = 36                                   
  proxy7 = 1                               |  7 = 36                                   
  proxy8 = 1                               |  8 = 1                                    
                                           |                                           
Instance: lzc4:x2/sky130_fd_sc_hd__mux2_1: |Instance: lzc4:2/sky130_fd_sc_hd__mux2_1:5 
  A0 = 2                                   |  proxyA0 = 1                              
  A1 = 2                                   |  proxyA1 = 1                              
  S = 3                                    |  proxyS = 1                               
  VGND = 36                                |  proxyVGND = 1                            
  VNB = 36                                 |  proxyVNB = 1                             
  VPB = 36                                 |  proxyVPB = 1                             
  VPWR = 36                                |  proxyVPWR = 1                            
  X = 2                                    |  proxyX = 1                               
  proxy1 = 1                               |  1 = 2                                    
  proxy2 = 1                               |  2 = 2                                    
  proxy3 = 1                               |  3 = 3                                    
  proxy4 = 1                               |  4 = 36                                   
  proxy5 = 1                               |  5 = 36                                   
  proxy6 = 1                               |  6 = 36                                   
  proxy7 = 1                               |  7 = 36                                   
  proxy8 = 1                               |  8 = 2                                    
                                           |                                           
Instance: lzc4:x1/sky130_fd_sc_hd__mux2_1: |Instance: lzc4:1/sky130_fd_sc_hd__mux2_1:5 
  A0 = 2                                   |  proxyA0 = 1                              
  A1 = 2                                   |  proxyA1 = 1                              
  S = 3                                    |  proxyS = 1                               
  VGND = 36                                |  proxyVGND = 1                            
  VNB = 36                                 |  proxyVNB = 1                             
  VPB = 36                                 |  proxyVPB = 1                             
  VPWR = 36                                |  proxyVPWR = 1                            
  X = 2                                    |  proxyX = 1                               
  proxy1 = 1                               |  1 = 2                                    
  proxy2 = 1                               |  2 = 2                                    
  proxy3 = 1                               |  3 = 3                                    
  proxy4 = 1                               |  4 = 36                                   
  proxy5 = 1                               |  5 = 36                                   
  proxy6 = 1                               |  6 = 36                                   
  proxy7 = 1                               |  7 = 36                                   
  proxy8 = 1                               |  8 = 2                                    
---------------------------------------------------------------------------------------

---------------------------------------------------------------------------------------
Instance: sky130_fd_sc_hd__inv_1:x4        |Instance: sky130_fd_sc_hd__inv_1:4         
  A = 3                                    |  proxyA = 1                               
  VGND = 36                                |  proxyVGND = 1                            
  VNB = 36                                 |  proxyVNB = 1                             
  VPB = 36                                 |  proxyVPB = 1                             
  VPWR = 36                                |  proxyVPWR = 1                            
  Y = 3                                    |  proxyY = 1                               
  proxy1 = 1                               |  1 = 3                                    
  proxy2 = 1                               |  2 = 36                                   
  proxy3 = 1                               |  3 = 36                                   
  proxy4 = 1                               |  4 = 36                                   
  proxy5 = 1                               |  5 = 36                                   
  proxy6 = 1                               |  6 = 3                                    
                                           |                                           
Instance: lzc4:x2/sky130_fd_sc_hd__inv_1:x |Instance: lzc4:2/sky130_fd_sc_hd__inv_1:4  
  A = 3                                    |  proxyA = 1                               
  VGND = 36                                |  proxyVGND = 1                            
  VNB = 36                                 |  proxyVNB = 1                             
  VPB = 36                                 |  proxyVPB = 1                             
  VPWR = 36                                |  proxyVPWR = 1                            
  Y = 3                                    |  proxyY = 1                               
  proxy1 = 1                               |  1 = 3                                    
  proxy2 = 1                               |  2 = 36                                   
  proxy3 = 1                               |  3 = 36                                   
  proxy4 = 1                               |  4 = 36                                   
  proxy5 = 1                               |  5 = 36                                   
  proxy6 = 1                               |  6 = 3                                    
                                           |                                           
Instance: lzc4:x1/sky130_fd_sc_hd__inv_1:x |Instance: lzc4:1/sky130_fd_sc_hd__inv_1:4  
  A = 3                                    |  proxyA = 1                               
  VGND = 36                                |  proxyVGND = 1                            
  VNB = 36                                 |  proxyVNB = 1                             
  VPB = 36                                 |  proxyVPB = 1                             
  VPWR = 36                                |  proxyVPWR = 1                            
  Y = 3                                    |  proxyY = 1                               
  proxy1 = 1                               |  1 = 3                                    
  proxy2 = 1                               |  2 = 36                                   
  proxy3 = 1                               |  3 = 36                                   
  proxy4 = 1                               |  4 = 36                                   
  proxy5 = 1                               |  5 = 36                                   
  proxy6 = 1                               |  6 = 3                                    
                                           |                                           
Instance: lzc4:x2/lzc2:x2/sky130_fd_sc_hd_ |Instance: lzc4:2/lzc2:2/sky130_fd_sc_hd__i 
  A = 2                                    |  proxyA = 1                               
  VGND = 36                                |  proxyVGND = 1                            
  VNB = 36                                 |  proxyVNB = 1                             
  VPB = 36                                 |  proxyVPB = 1                             
  VPWR = 36                                |  proxyVPWR = 1                            
  Y = 2                                    |  proxyY = 1                               
  proxy1 = 1                               |  1 = 2                                    
  proxy2 = 1                               |  2 = 36                                   
  proxy3 = 1                               |  3 = 36                                   
  proxy4 = 1                               |  4 = 36                                   
  proxy5 = 1                               |  5 = 36                                   
  proxy6 = 1                               |  6 = 2                                    
                                           |                                           
Instance: lzc4:x2/lzc2:x1/sky130_fd_sc_hd_ |Instance: lzc4:2/lzc2:1/sky130_fd_sc_hd__i 
  A = 2                                    |  proxyA = 1                               
  VGND = 36                                |  proxyVGND = 1                            
  VNB = 36                                 |  proxyVNB = 1                             
  VPB = 36                                 |  proxyVPB = 1                             
  VPWR = 36                                |  proxyVPWR = 1                            
  Y = 2                                    |  proxyY = 1                               
  proxy1 = 1                               |  1 = 2                                    
  proxy2 = 1                               |  2 = 36                                   
  proxy3 = 1                               |  3 = 36                                   
  proxy4 = 1                               |  4 = 36                                   
  proxy5 = 1                               |  5 = 36                                   
  proxy6 = 1                               |  6 = 2                                    
                                           |                                           
Instance: lzc4:x1/lzc2:x2/sky130_fd_sc_hd_ |Instance: lzc4:1/lzc2:2/sky130_fd_sc_hd__i 
  A = 2                                    |  proxyA = 1                               
  VGND = 36                                |  proxyVGND = 1                            
  VNB = 36                                 |  proxyVNB = 1                             
  VPB = 36                                 |  proxyVPB = 1                             
  VPWR = 36                                |  proxyVPWR = 1                            
  Y = 2                                    |  proxyY = 1                               
  proxy1 = 1                               |  1 = 2                                    
  proxy2 = 1                               |  2 = 36                                   
  proxy3 = 1                               |  3 = 36                                   
  proxy4 = 1                               |  4 = 36                                   
  proxy5 = 1                               |  5 = 36                                   
  proxy6 = 1                               |  6 = 2                                    
                                           |                                           
Instance: lzc4:x1/lzc2:x1/sky130_fd_sc_hd_ |Instance: lzc4:1/lzc2:1/sky130_fd_sc_hd__i 
  A = 2                                    |  proxyA = 1                               
  VGND = 36                                |  proxyVGND = 1                            
  VNB = 36                                 |  proxyVNB = 1                             
  VPB = 36                                 |  proxyVPB = 1                             
  VPWR = 36                                |  proxyVPWR = 1                            
  Y = 2                                    |  proxyY = 1                               
  proxy1 = 1                               |  1 = 2                                    
  proxy2 = 1                               |  2 = 36                                   
  proxy3 = 1                               |  3 = 36                                   
  proxy4 = 1                               |  4 = 36                                   
  proxy5 = 1                               |  5 = 36                                   
  proxy6 = 1                               |  6 = 2                                    
---------------------------------------------------------------------------------------

---------------------------------------------------------------------------------------
Instance: sky130_fd_sc_hd__or2_1:x3        |Instance: sky130_fd_sc_hd__or2_1:3         
  A = 3                                    |  proxyA = 1                               
  B = 2                                    |  proxyB = 1                               
  VGND = 36                                |  proxyVGND = 1                            
  VNB = 36                                 |  proxyVNB = 1                             
  VPB = 36                                 |  proxyVPB = 1                             
  VPWR = 36                                |  proxyVPWR = 1                            
  X = 1                                    |  proxyX = 1                               
  proxy1 = 1                               |  1 = 3                                    
  proxy2 = 1                               |  2 = 2                                    
  proxy3 = 1                               |  3 = 36                                   
  proxy4 = 1                               |  4 = 36                                   
  proxy5 = 1                               |  5 = 36                                   
  proxy6 = 1                               |  6 = 36                                   
  proxy7 = 1                               |  7 = 1                                    
                                           |                                           
Instance: lzc4:x2/sky130_fd_sc_hd__or2_1:x |Instance: lzc4:2/sky130_fd_sc_hd__or2_1:3  
  A = 3                                    |  proxyA = 1                               
  B = 2                                    |  proxyB = 1                               
  VGND = 36                                |  proxyVGND = 1                            
  VNB = 36                                 |  proxyVNB = 1                             
  VPB = 36                                 |  proxyVPB = 1                             
  VPWR = 36                                |  proxyVPWR = 1                            
  X = 3                                    |  proxyX = 1                               
  proxy1 = 1                               |  1 = 3                                    
  proxy2 = 1                               |  2 = 2                                    
  proxy3 = 1                               |  3 = 36                                   
  proxy4 = 1                               |  4 = 36                                   
  proxy5 = 1                               |  5 = 36                                   
  proxy6 = 1                               |  6 = 36                                   
  proxy7 = 1                               |  7 = 2                                    
                                           |                                           
Instance: lzc4:x2/lzc2:x2/sky130_fd_sc_hd_ |Instance: lzc4:2/lzc2:2/sky130_fd_sc_hd__o 
  A = 2                                    |  proxyA = 1                               
  B = 1                                    |  proxyB = 1                               
  VGND = 36                                |  proxyVGND = 1                            
  VNB = 36                                 |  proxyVNB = 1                             
  VPB = 36                                 |  proxyVPB = 1                             
  VPWR = 36                                |  proxyVPWR = 1                            
  X = 2                                    |  proxyX = 1                               
  proxy1 = 1                               |  1 = 2                                    
  proxy2 = 1                               |  2 = 1                                    
  proxy3 = 1                               |  3 = 36                                   
  proxy4 = 1                               |  4 = 36                                   
  proxy5 = 1                               |  5 = 36                                   
  proxy6 = 1                               |  6 = 36                                   
  proxy7 = 1                               |  7 = 2                                    
                                           |                                           
Instance: lzc4:x1/lzc2:x2/sky130_fd_sc_hd_ |Instance: lzc4:1/lzc2:2/sky130_fd_sc_hd__o 
  A = 2                                    |  proxyA = 1                               
  B = 1                                    |  proxyB = 1                               
  VGND = 36                                |  proxyVGND = 1                            
  VNB = 36                                 |  proxyVNB = 1                             
  VPB = 36                                 |  proxyVPB = 1                             
  VPWR = 36                                |  proxyVPWR = 1                            
  X = 2                                    |  proxyX = 1                               
  proxy1 = 1                               |  1 = 2                                    
  proxy2 = 1                               |  2 = 1                                    
  proxy3 = 1                               |  3 = 36                                   
  proxy4 = 1                               |  4 = 36                                   
  proxy5 = 1                               |  5 = 36                                   
  proxy6 = 1                               |  6 = 36                                   
  proxy7 = 1                               |  7 = 2                                    
                                           |                                           
Instance: lzc4:x2/lzc2:x1/sky130_fd_sc_hd_ |Instance: lzc4:2/lzc2:1/sky130_fd_sc_hd__o 
  A = 2                                    |  proxyA = 1                               
  B = 1                                    |  proxyB = 1                               
  VGND = 36                                |  proxyVGND = 1                            
  VNB = 36                                 |  proxyVNB = 1                             
  VPB = 36                                 |  proxyVPB = 1                             
  VPWR = 36                                |  proxyVPWR = 1                            
  X = 3                                    |  proxyX = 1                               
  proxy1 = 1                               |  1 = 2                                    
  proxy2 = 1                               |  2 = 1                                    
  proxy3 = 1                               |  3 = 36                                   
  proxy4 = 1                               |  4 = 36                                   
  proxy5 = 1                               |  5 = 36                                   
  proxy6 = 1                               |  6 = 36                                   
  proxy7 = 1                               |  7 = 3                                    
                                           |                                           
Instance: lzc4:x1/lzc2:x1/sky130_fd_sc_hd_ |Instance: lzc4:1/lzc2:1/sky130_fd_sc_hd__o 
  A = 2                                    |  proxyA = 1                               
  B = 1                                    |  proxyB = 1                               
  VGND = 36                                |  proxyVGND = 1                            
  VNB = 36                                 |  proxyVNB = 1                             
  VPB = 36                                 |  proxyVPB = 1                             
  VPWR = 36                                |  proxyVPWR = 1                            
  X = 3                                    |  proxyX = 1                               
  proxy1 = 1                               |  1 = 2                                    
  proxy2 = 1                               |  2 = 1                                    
  proxy3 = 1                               |  3 = 36                                   
  proxy4 = 1                               |  4 = 36                                   
  proxy5 = 1                               |  5 = 36                                   
  proxy6 = 1                               |  6 = 36                                   
  proxy7 = 1                               |  7 = 3                                    
                                           |                                           
Instance: lzc4:x1/sky130_fd_sc_hd__or2_1:x |Instance: lzc4:1/sky130_fd_sc_hd__or2_1:3  
  A = 3                                    |  proxyA = 1                               
  B = 2                                    |  proxyB = 1                               
  VGND = 36                                |  proxyVGND = 1                            
  VNB = 36                                 |  proxyVNB = 1                             
  VPB = 36                                 |  proxyVPB = 1                             
  VPWR = 36                                |  proxyVPWR = 1                            
  X = 2                                    |  proxyX = 1                               
  proxy1 = 1                               |  1 = 3                                    
  proxy2 = 1                               |  2 = 2                                    
  proxy3 = 1                               |  3 = 36                                   
  proxy4 = 1                               |  4 = 36                                   
  proxy5 = 1                               |  5 = 36                                   
  proxy6 = 1                               |  6 = 36                                   
  proxy7 = 1                               |  7 = 3                                    
---------------------------------------------------------------------------------------
Netlists do not match.
Port matching may fail to disambiguate symmetries.
  Flattening non-matched subcircuits lzc8 lzc8

Circuit 2 cell sky130_fd_sc_hd__and2_1 is a black box; will not flatten Circuit 1
Warning: Equate pins:  cell sky130_fd_sc_hd__and2_1 is a placeholder, treated as a black box.

Subcircuit pins:
Circuit 1: sky130_fd_sc_hd__and2_1         |Circuit 2: sky130_fd_sc_hd__and2_1         
-------------------------------------------|-------------------------------------------
(no matching pin)                          |1                                          
(no matching pin)                          |1                                          
(no matching pin)                          |2                                          
(no matching pin)                          |2                                          
(no matching pin)                          |3                                          
(no matching pin)                          |3                                          
(no matching pin)                          |4                                          
(no matching pin)                          |4                                          
(no matching pin)                          |5                                          
(no matching pin)                          |5                                          
(no matching pin)                          |6                                          
(no matching pin)                          |6                                          
(no matching pin)                          |7                                          
(no matching pin)                          |7                                          
A                                          |(no matching pin)                          
B                                          |(no matching pin)                          
VGND                                       |(no matching pin)                          
VNB                                        |(no matching pin)                          
VPB                                        |(no matching pin)                          
VPWR                                       |(no matching pin)                          
X                                          |(no matching pin)                          
---------------------------------------------------------------------------------------
Cell pin lists are equivalent.
Device classes sky130_fd_sc_hd__and2_1 and sky130_fd_sc_hd__and2_1 are equivalent.

Subcircuit summary:
Circuit 1: lzc16                           |Circuit 2: lzc16                           
-------------------------------------------|-------------------------------------------
sky130_fd_sc_hd__or2_1 (15)                |sky130_fd_sc_hd__or2_1 (15)                
sky130_fd_sc_hd__inv_1 (16)                |sky130_fd_sc_hd__inv_1 (16)                
sky130_fd_sc_hd__mux2_1 (11)               |sky130_fd_sc_hd__mux2_1 (11)               
sky130_fd_sc_hd__and2_1 (4)                |sky130_fd_sc_hd__and2_1 (4)                
Number of devices: 46                      |Number of devices: 46                      
Number of nets: 381                        |Number of nets: 381                        
---------------------------------------------------------------------------------------
NET mismatches: Class fragments follow (with fanout counts):
Circuit 1: lzc16                           |Circuit 2: lzc16                           

---------------------------------------------------------------------------------------
Net: x8/A                                  |Net: net8                                  
  sky130_fd_sc_hd__inv_1/Y = 1             |  sky130_fd_sc_hd__inv_1/6 = 1             
  sky130_fd_sc_hd__mux2_1/S = 3            |  sky130_fd_sc_hd__mux2_1/3 = 3            
  sky130_fd_sc_hd__and2_1/A = 1            |  sky130_fd_sc_hd__and2_1/1 = 1            
---------------------------------------------------------------------------------------

---------------------------------------------------------------------------------------
Net: x9/B                                  |Net: net12                                 
  sky130_fd_sc_hd__or2_1/X = 1             |  sky130_fd_sc_hd__or2_1/7 = 1             
  sky130_fd_sc_hd__and2_1/B = 4            |  sky130_fd_sc_hd__and2_1/2 = 4            
  sky130_fd_sc_hd__inv_1/A = 1             |  sky130_fd_sc_hd__inv_1/1 = 1             
---------------------------------------------------------------------------------------

---------------------------------------------------------------------------------------
Net: GND                                   |Net: GND                                   
  sky130_fd_sc_hd__or2_1/VGND = 15         |  sky130_fd_sc_hd__or2_1/3 = 15            
  sky130_fd_sc_hd__or2_1/VNB = 15          |  sky130_fd_sc_hd__or2_1/4 = 15            
  sky130_fd_sc_hd__inv_1/VGND = 16         |  sky130_fd_sc_hd__inv_1/2 = 16            
  sky130_fd_sc_hd__inv_1/VNB = 16          |  sky130_fd_sc_hd__inv_1/3 = 16            
  sky130_fd_sc_hd__mux2_1/VGND = 11        |  sky130_fd_sc_hd__mux2_1/4 = 11           
  sky130_fd_sc_hd__mux2_1/VNB = 11         |  sky130_fd_sc_hd__mux2_1/5 = 11           
  sky130_fd_sc_hd__and2_1/VGND = 4         |  sky130_fd_sc_hd__and2_1/3 = 4            
  sky130_fd_sc_hd__and2_1/VNB = 4          |  sky130_fd_sc_hd__and2_1/4 = 4            
                                           |                                           
Net: VDD                                   |Net: VDD                                   
  sky130_fd_sc_hd__or2_1/VPB = 15          |  sky130_fd_sc_hd__or2_1/5 = 15            
  sky130_fd_sc_hd__or2_1/VPWR = 15         |  sky130_fd_sc_hd__or2_1/6 = 15            
  sky130_fd_sc_hd__inv_1/VPB = 16          |  sky130_fd_sc_hd__inv_1/4 = 16            
  sky130_fd_sc_hd__inv_1/VPWR = 16         |  sky130_fd_sc_hd__inv_1/5 = 16            
  sky130_fd_sc_hd__mux2_1/VPB = 11         |  sky130_fd_sc_hd__mux2_1/6 = 11           
  sky130_fd_sc_hd__mux2_1/VPWR = 11        |  sky130_fd_sc_hd__mux2_1/7 = 11           
  sky130_fd_sc_hd__and2_1/VPB = 4          |  sky130_fd_sc_hd__and2_1/5 = 4            
  sky130_fd_sc_hd__and2_1/VPWR = 4         |  sky130_fd_sc_hd__and2_1/6 = 4            
---------------------------------------------------------------------------------------

---------------------------------------------------------------------------------------
Net: dummy_493                             |Net: dummy_493                             
  sky130_fd_sc_hd__and2_1/proxy7 = 1       |  sky130_fd_sc_hd__and2_1/proxyX = 1       
                                           |                                           
Net: dummy_486                             |Net: dummy_486                             
  sky130_fd_sc_hd__and2_1/proxy7 = 1       |  sky130_fd_sc_hd__and2_1/proxyX = 1       
                                           |                                           
Net: dummy_479                             |Net: dummy_479                             
  sky130_fd_sc_hd__and2_1/proxy7 = 1       |  sky130_fd_sc_hd__and2_1/proxyX = 1       
                                           |                                           
Net: dummy_492                             |Net: dummy_492                             
  sky130_fd_sc_hd__and2_1/proxy6 = 1       |  sky130_fd_sc_hd__and2_1/proxyVPWR = 1    
                                           |                                           
Net: dummy_485                             |Net: dummy_485                             
  sky130_fd_sc_hd__and2_1/proxy6 = 1       |  sky130_fd_sc_hd__and2_1/proxyVPWR = 1    
                                           |                                           
Net: dummy_478                             |Net: dummy_478                             
  sky130_fd_sc_hd__and2_1/proxy6 = 1       |  sky130_fd_sc_hd__and2_1/proxyVPWR = 1    
                                           |                                           
Net: dummy_491                             |Net: dummy_491                             
  sky130_fd_sc_hd__and2_1/proxy5 = 1       |  sky130_fd_sc_hd__and2_1/proxyVPB = 1     
                                           |                                           
Net: dummy_484                             |Net: dummy_484                             
  sky130_fd_sc_hd__and2_1/proxy5 = 1       |  sky130_fd_sc_hd__and2_1/proxyVPB = 1     
                                           |                                           
Net: dummy_477                             |Net: dummy_477                             
  sky130_fd_sc_hd__and2_1/proxy5 = 1       |  sky130_fd_sc_hd__and2_1/proxyVPB = 1     
                                           |                                           
Net: dummy_490                             |Net: dummy_490                             
  sky130_fd_sc_hd__and2_1/proxy4 = 1       |  sky130_fd_sc_hd__and2_1/proxyVNB = 1     
                                           |                                           
Net: dummy_483                             |Net: dummy_483                             
  sky130_fd_sc_hd__and2_1/proxy4 = 1       |  sky130_fd_sc_hd__and2_1/proxyVNB = 1     
                                           |                                           
Net: dummy_476                             |Net: dummy_476                             
  sky130_fd_sc_hd__and2_1/proxy4 = 1       |  sky130_fd_sc_hd__and2_1/proxyVNB = 1     
                                           |                                           
Net: dummy_489                             |Net: dummy_489                             
  sky130_fd_sc_hd__and2_1/proxy3 = 1       |  sky130_fd_sc_hd__and2_1/proxyVGND = 1    
                                           |                                           
Net: dummy_482                             |Net: dummy_482                             
  sky130_fd_sc_hd__and2_1/proxy3 = 1       |  sky130_fd_sc_hd__and2_1/proxyVGND = 1    
                                           |                                           
Net: dummy_475                             |Net: dummy_475                             
  sky130_fd_sc_hd__and2_1/proxy3 = 1       |  sky130_fd_sc_hd__and2_1/proxyVGND = 1    
                                           |                                           
Net: dummy_488                             |Net: dummy_488                             
  sky130_fd_sc_hd__and2_1/proxy2 = 1       |  sky130_fd_sc_hd__and2_1/proxyB = 1       
                                           |                                           
Net: dummy_481                             |Net: dummy_481                             
  sky130_fd_sc_hd__and2_1/proxy2 = 1       |  sky130_fd_sc_hd__and2_1/proxyB = 1       
                                           |                                           
Net: dummy_474                             |Net: dummy_474                             
  sky130_fd_sc_hd__and2_1/proxy2 = 1       |  sky130_fd_sc_hd__and2_1/proxyB = 1       
                                           |                                           
Net: dummy_487                             |Net: dummy_487                             
  sky130_fd_sc_hd__and2_1/proxy1 = 1       |  sky130_fd_sc_hd__and2_1/proxyA = 1       
                                           |                                           
Net: dummy_480                             |Net: dummy_480                             
  sky130_fd_sc_hd__and2_1/proxy1 = 1       |  sky130_fd_sc_hd__and2_1/proxyA = 1       
                                           |                                           
Net: dummy_473                             |Net: dummy_473                             
  sky130_fd_sc_hd__and2_1/proxy1 = 1       |  sky130_fd_sc_hd__and2_1/proxyA = 1       
                                           |                                           
Net: dummy_472                             |Net: dummy_472                             
  sky130_fd_sc_hd__and2_1/proxy7 = 1       |  sky130_fd_sc_hd__and2_1/proxyX = 1       
                                           |                                           
Net: dummy_471                             |Net: dummy_471                             
  sky130_fd_sc_hd__and2_1/proxy6 = 1       |  sky130_fd_sc_hd__and2_1/proxyVPWR = 1    
                                           |                                           
Net: dummy_470                             |Net: dummy_470                             
  sky130_fd_sc_hd__and2_1/proxy5 = 1       |  sky130_fd_sc_hd__and2_1/proxyVPB = 1     
                                           |                                           
Net: dummy_469                             |Net: dummy_469                             
  sky130_fd_sc_hd__and2_1/proxy4 = 1       |  sky130_fd_sc_hd__and2_1/proxyVNB = 1     
                                           |                                           
Net: dummy_468                             |Net: dummy_468                             
  sky130_fd_sc_hd__and2_1/proxy3 = 1       |  sky130_fd_sc_hd__and2_1/proxyVGND = 1    
                                           |                                           
Net: dummy_467                             |Net: dummy_467                             
  sky130_fd_sc_hd__and2_1/proxy2 = 1       |  sky130_fd_sc_hd__and2_1/proxyB = 1       
                                           |                                           
Net: dummy_466                             |Net: dummy_466                             
  sky130_fd_sc_hd__and2_1/proxy1 = 1       |  sky130_fd_sc_hd__and2_1/proxyA = 1       
                                           |                                           
Net: lzc8:x2/lzc4:x2/dummy_72              |Net: lzc8:2/lzc4:2/dummy_72                
  sky130_fd_sc_hd__mux2_1/proxy8 = 1       |  sky130_fd_sc_hd__mux2_1/proxyX = 1       
                                           |                                           
Net: lzc8:x2/lzc4:x1/dummy_72              |Net: lzc8:2/lzc4:1/dummy_72                
  sky130_fd_sc_hd__mux2_1/proxy8 = 1       |  sky130_fd_sc_hd__mux2_1/proxyX = 1       
                                           |                                           
Net: lzc8:x1/lzc4:x2/dummy_72              |Net: lzc8:1/lzc4:2/dummy_72                
  sky130_fd_sc_hd__mux2_1/proxy8 = 1       |  sky130_fd_sc_hd__mux2_1/proxyX = 1       
                                           |                                           
Net: lzc8:x1/lzc4:x1/dummy_72              |Net: lzc8:1/lzc4:1/dummy_72                
  sky130_fd_sc_hd__mux2_1/proxy8 = 1       |  sky130_fd_sc_hd__mux2_1/proxyX = 1       
                                           |                                           
Net: lzc8:x2/lzc4:x2/dummy_71              |Net: lzc8:2/lzc4:2/dummy_71                
  sky130_fd_sc_hd__mux2_1/proxy7 = 1       |  sky130_fd_sc_hd__mux2_1/proxyVPWR = 1    
                                           |                                           
Net: lzc8:x2/lzc4:x1/dummy_71              |Net: lzc8:2/lzc4:1/dummy_71                
  sky130_fd_sc_hd__mux2_1/proxy7 = 1       |  sky130_fd_sc_hd__mux2_1/proxyVPWR = 1    
                                           |                                           
Net: lzc8:x1/lzc4:x2/dummy_71              |Net: lzc8:1/lzc4:2/dummy_71                
  sky130_fd_sc_hd__mux2_1/proxy7 = 1       |  sky130_fd_sc_hd__mux2_1/proxyVPWR = 1    
                                           |                                           
Net: lzc8:x1/lzc4:x1/dummy_71              |Net: lzc8:1/lzc4:1/dummy_71                
  sky130_fd_sc_hd__mux2_1/proxy7 = 1       |  sky130_fd_sc_hd__mux2_1/proxyVPWR = 1    
                                           |                                           
Net: lzc8:x2/lzc4:x2/dummy_70              |Net: lzc8:2/lzc4:2/dummy_70                
  sky130_fd_sc_hd__mux2_1/proxy6 = 1       |  sky130_fd_sc_hd__mux2_1/proxyVPB = 1     
                                           |                                           
Net: lzc8:x2/lzc4:x1/dummy_70              |Net: lzc8:2/lzc4:1/dummy_70                
  sky130_fd_sc_hd__mux2_1/proxy6 = 1       |  sky130_fd_sc_hd__mux2_1/proxyVPB = 1     
                                           |                                           
Net: lzc8:x1/lzc4:x2/dummy_70              |Net: lzc8:1/lzc4:2/dummy_70                
  sky130_fd_sc_hd__mux2_1/proxy6 = 1       |  sky130_fd_sc_hd__mux2_1/proxyVPB = 1     
                                           |                                           
Net: lzc8:x1/lzc4:x1/dummy_70              |Net: lzc8:1/lzc4:1/dummy_70                
  sky130_fd_sc_hd__mux2_1/proxy6 = 1       |  sky130_fd_sc_hd__mux2_1/proxyVPB = 1     
                                           |                                           
Net: lzc8:x2/lzc4:x2/dummy_69              |Net: lzc8:2/lzc4:2/dummy_69                
  sky130_fd_sc_hd__mux2_1/proxy5 = 1       |  sky130_fd_sc_hd__mux2_1/proxyVNB = 1     
                                           |                                           
Net: lzc8:x2/lzc4:x1/dummy_69              |Net: lzc8:2/lzc4:1/dummy_69                
  sky130_fd_sc_hd__mux2_1/proxy5 = 1       |  sky130_fd_sc_hd__mux2_1/proxyVNB = 1     
                                           |                                           
Net: lzc8:x1/lzc4:x2/dummy_69              |Net: lzc8:1/lzc4:2/dummy_69                
  sky130_fd_sc_hd__mux2_1/proxy5 = 1       |  sky130_fd_sc_hd__mux2_1/proxyVNB = 1     
                                           |                                           
Net: lzc8:x1/lzc4:x1/dummy_69              |Net: lzc8:1/lzc4:1/dummy_69                
  sky130_fd_sc_hd__mux2_1/proxy5 = 1       |  sky130_fd_sc_hd__mux2_1/proxyVNB = 1     
                                           |                                           
Net: lzc8:x2/lzc4:x2/dummy_68              |Net: lzc8:2/lzc4:2/dummy_68                
  sky130_fd_sc_hd__mux2_1/proxy4 = 1       |  sky130_fd_sc_hd__mux2_1/proxyVGND = 1    
                                           |                                           
Net: lzc8:x2/lzc4:x1/dummy_68              |Net: lzc8:2/lzc4:1/dummy_68                
  sky130_fd_sc_hd__mux2_1/proxy4 = 1       |  sky130_fd_sc_hd__mux2_1/proxyVGND = 1    
                                           |                                           
Net: lzc8:x1/lzc4:x2/dummy_68              |Net: lzc8:1/lzc4:2/dummy_68                
  sky130_fd_sc_hd__mux2_1/proxy4 = 1       |  sky130_fd_sc_hd__mux2_1/proxyVGND = 1    
                                           |                                           
Net: lzc8:x1/lzc4:x1/dummy_68              |Net: lzc8:1/lzc4:1/dummy_68                
  sky130_fd_sc_hd__mux2_1/proxy4 = 1       |  sky130_fd_sc_hd__mux2_1/proxyVGND = 1    
                                           |                                           
Net: lzc8:x2/lzc4:x2/dummy_67              |Net: lzc8:2/lzc4:2/dummy_67                
  sky130_fd_sc_hd__mux2_1/proxy3 = 1       |  sky130_fd_sc_hd__mux2_1/proxyS = 1       
                                           |                                           
Net: lzc8:x2/lzc4:x1/dummy_67              |Net: lzc8:2/lzc4:1/dummy_67                
  sky130_fd_sc_hd__mux2_1/proxy3 = 1       |  sky130_fd_sc_hd__mux2_1/proxyS = 1       
                                           |                                           
Net: lzc8:x1/lzc4:x2/dummy_67              |Net: lzc8:1/lzc4:2/dummy_67                
  sky130_fd_sc_hd__mux2_1/proxy3 = 1       |  sky130_fd_sc_hd__mux2_1/proxyS = 1       
                                           |                                           
Net: lzc8:x1/lzc4:x1/dummy_67              |Net: lzc8:1/lzc4:1/dummy_67                
  sky130_fd_sc_hd__mux2_1/proxy3 = 1       |  sky130_fd_sc_hd__mux2_1/proxyS = 1       
                                           |                                           
Net: lzc8:x2/lzc4:x2/dummy_66              |Net: lzc8:2/lzc4:2/dummy_66                
  sky130_fd_sc_hd__mux2_1/proxy2 = 1       |  sky130_fd_sc_hd__mux2_1/proxyA1 = 1      
                                           |                                           
Net: lzc8:x2/lzc4:x1/dummy_66              |Net: lzc8:2/lzc4:1/dummy_66                
  sky130_fd_sc_hd__mux2_1/proxy2 = 1       |  sky130_fd_sc_hd__mux2_1/proxyA1 = 1      
                                           |                                           
Net: lzc8:x1/lzc4:x2/dummy_66              |Net: lzc8:1/lzc4:2/dummy_66                
  sky130_fd_sc_hd__mux2_1/proxy2 = 1       |  sky130_fd_sc_hd__mux2_1/proxyA1 = 1      
                                           |                                           
Net: lzc8:x1/lzc4:x1/dummy_66              |Net: lzc8:1/lzc4:1/dummy_66                
  sky130_fd_sc_hd__mux2_1/proxy2 = 1       |  sky130_fd_sc_hd__mux2_1/proxyA1 = 1      
                                           |                                           
Net: lzc8:x2/lzc4:x2/dummy_65              |Net: lzc8:2/lzc4:2/dummy_65                
  sky130_fd_sc_hd__mux2_1/proxy1 = 1       |  sky130_fd_sc_hd__mux2_1/proxyA0 = 1      
                                           |                                           
Net: lzc8:x2/lzc4:x1/dummy_65              |Net: lzc8:2/lzc4:1/dummy_65                
  sky130_fd_sc_hd__mux2_1/proxy1 = 1       |  sky130_fd_sc_hd__mux2_1/proxyA0 = 1      
                                           |                                           
Net: lzc8:x1/lzc4:x2/dummy_65              |Net: lzc8:1/lzc4:2/dummy_65                
  sky130_fd_sc_hd__mux2_1/proxy1 = 1       |  sky130_fd_sc_hd__mux2_1/proxyA0 = 1      
                                           |                                           
Net: lzc8:x1/lzc4:x1/dummy_65              |Net: lzc8:1/lzc4:1/dummy_65                
  sky130_fd_sc_hd__mux2_1/proxy1 = 1       |  sky130_fd_sc_hd__mux2_1/proxyA0 = 1      
                                           |                                           
Net: lzc8:x2/lzc4:x2/lzc2:x2/dummy_19      |Net: lzc8:2/lzc4:2/lzc2:2/dummy_19         
  sky130_fd_sc_hd__inv_1/proxy6 = 1        |  sky130_fd_sc_hd__inv_1/proxyY = 1        
                                           |                                           
Net: lzc8:x2/lzc4:x2/lzc2:x1/dummy_19      |Net: lzc8:2/lzc4:2/lzc2:1/dummy_19         
  sky130_fd_sc_hd__inv_1/proxy6 = 1        |  sky130_fd_sc_hd__inv_1/proxyY = 1        
                                           |                                           
Net: lzc8:x2/lzc4:x1/lzc2:x2/dummy_19      |Net: lzc8:2/lzc4:1/lzc2:2/dummy_19         
  sky130_fd_sc_hd__inv_1/proxy6 = 1        |  sky130_fd_sc_hd__inv_1/proxyY = 1        
                                           |                                           
Net: lzc8:x2/lzc4:x1/lzc2:x1/dummy_19      |Net: lzc8:2/lzc4:1/lzc2:1/dummy_19         
  sky130_fd_sc_hd__inv_1/proxy6 = 1        |  sky130_fd_sc_hd__inv_1/proxyY = 1        
                                           |                                           
Net: lzc8:x1/lzc4:x2/lzc2:x2/dummy_19      |Net: lzc8:1/lzc4:2/lzc2:2/dummy_19         
  sky130_fd_sc_hd__inv_1/proxy6 = 1        |  sky130_fd_sc_hd__inv_1/proxyY = 1        
                                           |                                           
Net: lzc8:x1/lzc4:x2/lzc2:x1/dummy_19      |Net: lzc8:1/lzc4:2/lzc2:1/dummy_19         
  sky130_fd_sc_hd__inv_1/proxy6 = 1        |  sky130_fd_sc_hd__inv_1/proxyY = 1        
                                           |                                           
Net: lzc8:x1/lzc4:x1/lzc2:x2/dummy_19      |Net: lzc8:1/lzc4:1/lzc2:2/dummy_19         
  sky130_fd_sc_hd__inv_1/proxy6 = 1        |  sky130_fd_sc_hd__inv_1/proxyY = 1        
                                           |                                           
Net: lzc8:x1/lzc4:x1/lzc2:x1/dummy_19      |Net: lzc8:1/lzc4:1/lzc2:1/dummy_19         
  sky130_fd_sc_hd__inv_1/proxy6 = 1        |  sky130_fd_sc_hd__inv_1/proxyY = 1        
                                           |                                           
Net: lzc8:x2/lzc4:x2/lzc2:x2/dummy_18      |Net: lzc8:2/lzc4:2/lzc2:2/dummy_18         
  sky130_fd_sc_hd__inv_1/proxy5 = 1        |  sky130_fd_sc_hd__inv_1/proxyVPWR = 1     
                                           |                                           
Net: lzc8:x2/lzc4:x2/lzc2:x1/dummy_18      |Net: lzc8:2/lzc4:2/lzc2:1/dummy_18         
  sky130_fd_sc_hd__inv_1/proxy5 = 1        |  sky130_fd_sc_hd__inv_1/proxyVPWR = 1     
                                           |                                           
Net: lzc8:x2/lzc4:x1/lzc2:x2/dummy_18      |Net: lzc8:2/lzc4:1/lzc2:2/dummy_18         
  sky130_fd_sc_hd__inv_1/proxy5 = 1        |  sky130_fd_sc_hd__inv_1/proxyVPWR = 1     
                                           |                                           
Net: lzc8:x2/lzc4:x1/lzc2:x1/dummy_18      |Net: lzc8:2/lzc4:1/lzc2:1/dummy_18         
  sky130_fd_sc_hd__inv_1/proxy5 = 1        |  sky130_fd_sc_hd__inv_1/proxyVPWR = 1     
                                           |                                           
Net: lzc8:x1/lzc4:x2/lzc2:x2/dummy_18      |Net: lzc8:1/lzc4:2/lzc2:2/dummy_18         
  sky130_fd_sc_hd__inv_1/proxy5 = 1        |  sky130_fd_sc_hd__inv_1/proxyVPWR = 1     
                                           |                                           
Net: lzc8:x1/lzc4:x2/lzc2:x1/dummy_18      |Net: lzc8:1/lzc4:2/lzc2:1/dummy_18         
  sky130_fd_sc_hd__inv_1/proxy5 = 1        |  sky130_fd_sc_hd__inv_1/proxyVPWR = 1     
                                           |                                           
Net: lzc8:x1/lzc4:x1/lzc2:x2/dummy_18      |Net: lzc8:1/lzc4:1/lzc2:2/dummy_18         
  sky130_fd_sc_hd__inv_1/proxy5 = 1        |  sky130_fd_sc_hd__inv_1/proxyVPWR = 1     
                                           |                                           
Net: lzc8:x1/lzc4:x1/lzc2:x1/dummy_18      |Net: lzc8:1/lzc4:1/lzc2:1/dummy_18         
  sky130_fd_sc_hd__inv_1/proxy5 = 1        |  sky130_fd_sc_hd__inv_1/proxyVPWR = 1     
                                           |                                           
Net: lzc8:x2/lzc4:x2/lzc2:x2/dummy_17      |Net: lzc8:2/lzc4:2/lzc2:2/dummy_17         
  sky130_fd_sc_hd__inv_1/proxy4 = 1        |  sky130_fd_sc_hd__inv_1/proxyVPB = 1      
                                           |                                           
Net: lzc8:x2/lzc4:x2/lzc2:x1/dummy_17      |Net: lzc8:2/lzc4:2/lzc2:1/dummy_17         
  sky130_fd_sc_hd__inv_1/proxy4 = 1        |  sky130_fd_sc_hd__inv_1/proxyVPB = 1      
                                           |                                           
Net: lzc8:x2/lzc4:x1/lzc2:x2/dummy_17      |Net: lzc8:2/lzc4:1/lzc2:2/dummy_17         
  sky130_fd_sc_hd__inv_1/proxy4 = 1        |  sky130_fd_sc_hd__inv_1/proxyVPB = 1      
                                           |                                           
Net: lzc8:x2/lzc4:x1/lzc2:x1/dummy_17      |Net: lzc8:2/lzc4:1/lzc2:1/dummy_17         
  sky130_fd_sc_hd__inv_1/proxy4 = 1        |  sky130_fd_sc_hd__inv_1/proxyVPB = 1      
                                           |                                           
Net: lzc8:x1/lzc4:x2/lzc2:x2/dummy_17      |Net: lzc8:1/lzc4:2/lzc2:2/dummy_17         
  sky130_fd_sc_hd__inv_1/proxy4 = 1        |  sky130_fd_sc_hd__inv_1/proxyVPB = 1      
                                           |                                           
Net: lzc8:x1/lzc4:x2/lzc2:x1/dummy_17      |Net: lzc8:1/lzc4:2/lzc2:1/dummy_17         
  sky130_fd_sc_hd__inv_1/proxy4 = 1        |  sky130_fd_sc_hd__inv_1/proxyVPB = 1      
                                           |                                           
Net: lzc8:x1/lzc4:x1/lzc2:x2/dummy_17      |Net: lzc8:1/lzc4:1/lzc2:2/dummy_17         
  sky130_fd_sc_hd__inv_1/proxy4 = 1        |  sky130_fd_sc_hd__inv_1/proxyVPB = 1      
                                           |                                           
Net: lzc8:x1/lzc4:x1/lzc2:x1/dummy_17      |Net: lzc8:1/lzc4:1/lzc2:1/dummy_17         
  sky130_fd_sc_hd__inv_1/proxy4 = 1        |  sky130_fd_sc_hd__inv_1/proxyVPB = 1      
                                           |                                           
Net: lzc8:x2/lzc4:x2/lzc2:x2/dummy_16      |Net: lzc8:2/lzc4:2/lzc2:2/dummy_16         
  sky130_fd_sc_hd__inv_1/proxy3 = 1        |  sky130_fd_sc_hd__inv_1/proxyVNB = 1      
                                           |                                           
Net: lzc8:x2/lzc4:x2/lzc2:x1/dummy_16      |Net: lzc8:2/lzc4:2/lzc2:1/dummy_16         
  sky130_fd_sc_hd__inv_1/proxy3 = 1        |  sky130_fd_sc_hd__inv_1/proxyVNB = 1      
                                           |                                           
Net: lzc8:x2/lzc4:x1/lzc2:x2/dummy_16      |Net: lzc8:2/lzc4:1/lzc2:2/dummy_16         
  sky130_fd_sc_hd__inv_1/proxy3 = 1        |  sky130_fd_sc_hd__inv_1/proxyVNB = 1      
                                           |                                           
Net: lzc8:x2/lzc4:x1/lzc2:x1/dummy_16      |Net: lzc8:2/lzc4:1/lzc2:1/dummy_16         
  sky130_fd_sc_hd__inv_1/proxy3 = 1        |  sky130_fd_sc_hd__inv_1/proxyVNB = 1      
                                           |                                           
Net: lzc8:x1/lzc4:x2/lzc2:x2/dummy_16      |Net: lzc8:1/lzc4:2/lzc2:2/dummy_16         
  sky130_fd_sc_hd__inv_1/proxy3 = 1        |  sky130_fd_sc_hd__inv_1/proxyVNB = 1      
                                           |                                           
Net: lzc8:x1/lzc4:x2/lzc2:x1/dummy_16      |Net: lzc8:1/lzc4:2/lzc2:1/dummy_16         
  sky130_fd_sc_hd__inv_1/proxy3 = 1        |  sky130_fd_sc_hd__inv_1/proxyVNB = 1      
                                           |                                           
Net: lzc8:x1/lzc4:x1/lzc2:x2/dummy_16      |Net: lzc8:1/lzc4:1/lzc2:2/dummy_16         
  sky130_fd_sc_hd__inv_1/proxy3 = 1        |  sky130_fd_sc_hd__inv_1/proxyVNB = 1      
                                           |                                           
Net: lzc8:x1/lzc4:x1/lzc2:x1/dummy_16      |Net: lzc8:1/lzc4:1/lzc2:1/dummy_16         
  sky130_fd_sc_hd__inv_1/proxy3 = 1        |  sky130_fd_sc_hd__inv_1/proxyVNB = 1      
                                           |                                           
Net: lzc8:x2/lzc4:x2/lzc2:x2/dummy_15      |Net: lzc8:2/lzc4:2/lzc2:2/dummy_15         
  sky130_fd_sc_hd__inv_1/proxy2 = 1        |  sky130_fd_sc_hd__inv_1/proxyVGND = 1     
                                           |                                           
Net: lzc8:x2/lzc4:x2/lzc2:x1/dummy_15      |Net: lzc8:2/lzc4:2/lzc2:1/dummy_15         
  sky130_fd_sc_hd__inv_1/proxy2 = 1        |  sky130_fd_sc_hd__inv_1/proxyVGND = 1     
                                           |                                           
Net: lzc8:x2/lzc4:x1/lzc2:x2/dummy_15      |Net: lzc8:2/lzc4:1/lzc2:2/dummy_15         
  sky130_fd_sc_hd__inv_1/proxy2 = 1        |  sky130_fd_sc_hd__inv_1/proxyVGND = 1     
                                           |                                           
Net: lzc8:x2/lzc4:x1/lzc2:x1/dummy_15      |Net: lzc8:2/lzc4:1/lzc2:1/dummy_15         
  sky130_fd_sc_hd__inv_1/proxy2 = 1        |  sky130_fd_sc_hd__inv_1/proxyVGND = 1     
                                           |                                           
Net: lzc8:x1/lzc4:x2/lzc2:x2/dummy_15      |Net: lzc8:1/lzc4:2/lzc2:2/dummy_15         
  sky130_fd_sc_hd__inv_1/proxy2 = 1        |  sky130_fd_sc_hd__inv_1/proxyVGND = 1     
                                           |                                           
Net: lzc8:x1/lzc4:x2/lzc2:x1/dummy_15      |Net: lzc8:1/lzc4:2/lzc2:1/dummy_15         
  sky130_fd_sc_hd__inv_1/proxy2 = 1        |  sky130_fd_sc_hd__inv_1/proxyVGND = 1     
                                           |                                           
Net: lzc8:x1/lzc4:x1/lzc2:x2/dummy_15      |Net: lzc8:1/lzc4:1/lzc2:2/dummy_15         
  sky130_fd_sc_hd__inv_1/proxy2 = 1        |  sky130_fd_sc_hd__inv_1/proxyVGND = 1     
                                           |                                           
Net: lzc8:x1/lzc4:x1/lzc2:x1/dummy_15      |Net: lzc8:1/lzc4:1/lzc2:1/dummy_15         
  sky130_fd_sc_hd__inv_1/proxy2 = 1        |  sky130_fd_sc_hd__inv_1/proxyVGND = 1     
                                           |                                           
Net: lzc8:x2/lzc4:x2/lzc2:x2/dummy_14      |Net: lzc8:2/lzc4:2/lzc2:2/dummy_14         
  sky130_fd_sc_hd__inv_1/proxy1 = 1        |  sky130_fd_sc_hd__inv_1/proxyA = 1        
                                           |                                           
Net: lzc8:x2/lzc4:x2/lzc2:x1/dummy_14      |Net: lzc8:2/lzc4:2/lzc2:1/dummy_14         
  sky130_fd_sc_hd__inv_1/proxy1 = 1        |  sky130_fd_sc_hd__inv_1/proxyA = 1        
                                           |                                           
Net: lzc8:x2/lzc4:x1/lzc2:x2/dummy_14      |Net: lzc8:2/lzc4:1/lzc2:2/dummy_14         
  sky130_fd_sc_hd__inv_1/proxy1 = 1        |  sky130_fd_sc_hd__inv_1/proxyA = 1        
                                           |                                           
Net: lzc8:x2/lzc4:x1/lzc2:x1/dummy_14      |Net: lzc8:2/lzc4:1/lzc2:1/dummy_14         
  sky130_fd_sc_hd__inv_1/proxy1 = 1        |  sky130_fd_sc_hd__inv_1/proxyA = 1        
                                           |                                           
Net: lzc8:x1/lzc4:x2/lzc2:x2/dummy_14      |Net: lzc8:1/lzc4:2/lzc2:2/dummy_14         
  sky130_fd_sc_hd__inv_1/proxy1 = 1        |  sky130_fd_sc_hd__inv_1/proxyA = 1        
                                           |                                           
Net: lzc8:x1/lzc4:x2/lzc2:x1/dummy_14      |Net: lzc8:1/lzc4:2/lzc2:1/dummy_14         
  sky130_fd_sc_hd__inv_1/proxy1 = 1        |  sky130_fd_sc_hd__inv_1/proxyA = 1        
                                           |                                           
Net: lzc8:x1/lzc4:x1/lzc2:x2/dummy_14      |Net: lzc8:1/lzc4:1/lzc2:2/dummy_14         
  sky130_fd_sc_hd__inv_1/proxy1 = 1        |  sky130_fd_sc_hd__inv_1/proxyA = 1        
                                           |                                           
Net: lzc8:x1/lzc4:x1/lzc2:x1/dummy_14      |Net: lzc8:1/lzc4:1/lzc2:1/dummy_14         
  sky130_fd_sc_hd__inv_1/proxy1 = 1        |  sky130_fd_sc_hd__inv_1/proxyA = 1        
                                           |                                           
Net: lzc8:x2/lzc4:x2/lzc2:x2/dummy_13      |Net: lzc8:2/lzc4:2/lzc2:2/dummy_13         
  sky130_fd_sc_hd__or2_1/proxy7 = 1        |  sky130_fd_sc_hd__or2_1/proxyX = 1        
                                           |                                           
Net: lzc8:x2/lzc4:x1/lzc2:x2/dummy_13      |Net: lzc8:2/lzc4:1/lzc2:2/dummy_13         
  sky130_fd_sc_hd__or2_1/proxy7 = 1        |  sky130_fd_sc_hd__or2_1/proxyX = 1        
                                           |                                           
Net: lzc8:x1/lzc4:x2/lzc2:x2/dummy_13      |Net: lzc8:1/lzc4:2/lzc2:2/dummy_13         
  sky130_fd_sc_hd__or2_1/proxy7 = 1        |  sky130_fd_sc_hd__or2_1/proxyX = 1        
                                           |                                           
Net: lzc8:x1/lzc4:x1/lzc2:x2/dummy_13      |Net: lzc8:1/lzc4:1/lzc2:2/dummy_13         
  sky130_fd_sc_hd__or2_1/proxy7 = 1        |  sky130_fd_sc_hd__or2_1/proxyX = 1        
                                           |                                           
Net: lzc8:x2/lzc4:x2/lzc2:x2/dummy_12      |Net: lzc8:2/lzc4:2/lzc2:2/dummy_12         
  sky130_fd_sc_hd__or2_1/proxy6 = 1        |  sky130_fd_sc_hd__or2_1/proxyVPWR = 1     
                                           |                                           
Net: lzc8:x2/lzc4:x1/lzc2:x2/dummy_12      |Net: lzc8:2/lzc4:1/lzc2:2/dummy_12         
  sky130_fd_sc_hd__or2_1/proxy6 = 1        |  sky130_fd_sc_hd__or2_1/proxyVPWR = 1     
                                           |                                           
Net: lzc8:x1/lzc4:x2/lzc2:x2/dummy_12      |Net: lzc8:1/lzc4:2/lzc2:2/dummy_12         
  sky130_fd_sc_hd__or2_1/proxy6 = 1        |  sky130_fd_sc_hd__or2_1/proxyVPWR = 1     
                                           |                                           
Net: lzc8:x1/lzc4:x1/lzc2:x2/dummy_12      |Net: lzc8:1/lzc4:1/lzc2:2/dummy_12         
  sky130_fd_sc_hd__or2_1/proxy6 = 1        |  sky130_fd_sc_hd__or2_1/proxyVPWR = 1     
                                           |                                           
Net: lzc8:x2/lzc4:x2/lzc2:x2/dummy_11      |Net: lzc8:2/lzc4:2/lzc2:2/dummy_11         
  sky130_fd_sc_hd__or2_1/proxy5 = 1        |  sky130_fd_sc_hd__or2_1/proxyVPB = 1      
                                           |                                           
Net: lzc8:x2/lzc4:x1/lzc2:x2/dummy_11      |Net: lzc8:2/lzc4:1/lzc2:2/dummy_11         
  sky130_fd_sc_hd__or2_1/proxy5 = 1        |  sky130_fd_sc_hd__or2_1/proxyVPB = 1      
                                           |                                           
Net: lzc8:x1/lzc4:x2/lzc2:x2/dummy_11      |Net: lzc8:1/lzc4:2/lzc2:2/dummy_11         
  sky130_fd_sc_hd__or2_1/proxy5 = 1        |  sky130_fd_sc_hd__or2_1/proxyVPB = 1      
                                           |                                           
Net: lzc8:x1/lzc4:x1/lzc2:x2/dummy_11      |Net: lzc8:1/lzc4:1/lzc2:2/dummy_11         
  sky130_fd_sc_hd__or2_1/proxy5 = 1        |  sky130_fd_sc_hd__or2_1/proxyVPB = 1      
                                           |                                           
Net: lzc8:x2/lzc4:x2/lzc2:x2/dummy_10      |Net: lzc8:2/lzc4:2/lzc2:2/dummy_10         
  sky130_fd_sc_hd__or2_1/proxy4 = 1        |  sky130_fd_sc_hd__or2_1/proxyVNB = 1      
                                           |                                           
Net: lzc8:x2/lzc4:x1/lzc2:x2/dummy_10      |Net: lzc8:2/lzc4:1/lzc2:2/dummy_10         
  sky130_fd_sc_hd__or2_1/proxy4 = 1        |  sky130_fd_sc_hd__or2_1/proxyVNB = 1      
                                           |                                           
Net: lzc8:x1/lzc4:x2/lzc2:x2/dummy_10      |Net: lzc8:1/lzc4:2/lzc2:2/dummy_10         
  sky130_fd_sc_hd__or2_1/proxy4 = 1        |  sky130_fd_sc_hd__or2_1/proxyVNB = 1      
                                           |                                           
Net: lzc8:x1/lzc4:x1/lzc2:x2/dummy_10      |Net: lzc8:1/lzc4:1/lzc2:2/dummy_10         
  sky130_fd_sc_hd__or2_1/proxy4 = 1        |  sky130_fd_sc_hd__or2_1/proxyVNB = 1      
                                           |                                           
Net: lzc8:x2/lzc4:x2/lzc2:x2/dummy_9       |Net: lzc8:2/lzc4:2/lzc2:2/dummy_9          
  sky130_fd_sc_hd__or2_1/proxy3 = 1        |  sky130_fd_sc_hd__or2_1/proxyVGND = 1     
                                           |                                           
Net: lzc8:x2/lzc4:x1/lzc2:x2/dummy_9       |Net: lzc8:2/lzc4:1/lzc2:2/dummy_9          
  sky130_fd_sc_hd__or2_1/proxy3 = 1        |  sky130_fd_sc_hd__or2_1/proxyVGND = 1     
                                           |                                           
Net: lzc8:x1/lzc4:x2/lzc2:x2/dummy_9       |Net: lzc8:1/lzc4:2/lzc2:2/dummy_9          
  sky130_fd_sc_hd__or2_1/proxy3 = 1        |  sky130_fd_sc_hd__or2_1/proxyVGND = 1     
                                           |                                           
Net: lzc8:x1/lzc4:x1/lzc2:x2/dummy_9       |Net: lzc8:1/lzc4:1/lzc2:2/dummy_9          
  sky130_fd_sc_hd__or2_1/proxy3 = 1        |  sky130_fd_sc_hd__or2_1/proxyVGND = 1     
                                           |                                           
Net: lzc8:x2/lzc4:x2/lzc2:x2/dummy_8       |Net: lzc8:2/lzc4:2/lzc2:2/dummy_8          
  sky130_fd_sc_hd__or2_1/proxy2 = 1        |  sky130_fd_sc_hd__or2_1/proxyB = 1        
                                           |                                           
Net: lzc8:x2/lzc4:x1/lzc2:x2/dummy_8       |Net: lzc8:2/lzc4:1/lzc2:2/dummy_8          
  sky130_fd_sc_hd__or2_1/proxy2 = 1        |  sky130_fd_sc_hd__or2_1/proxyB = 1        
                                           |                                           
Net: lzc8:x1/lzc4:x2/lzc2:x2/dummy_8       |Net: lzc8:1/lzc4:2/lzc2:2/dummy_8          
  sky130_fd_sc_hd__or2_1/proxy2 = 1        |  sky130_fd_sc_hd__or2_1/proxyB = 1        
                                           |                                           
Net: lzc8:x1/lzc4:x1/lzc2:x2/dummy_8       |Net: lzc8:1/lzc4:1/lzc2:2/dummy_8          
  sky130_fd_sc_hd__or2_1/proxy2 = 1        |  sky130_fd_sc_hd__or2_1/proxyB = 1        
                                           |                                           
Net: lzc8:x2/lzc4:x2/lzc2:x2/dummy_7       |Net: lzc8:2/lzc4:2/lzc2:2/dummy_7          
  sky130_fd_sc_hd__or2_1/proxy1 = 1        |  sky130_fd_sc_hd__or2_1/proxyA = 1        
                                           |                                           
Net: lzc8:x2/lzc4:x1/lzc2:x2/dummy_7       |Net: lzc8:2/lzc4:1/lzc2:2/dummy_7          
  sky130_fd_sc_hd__or2_1/proxy1 = 1        |  sky130_fd_sc_hd__or2_1/proxyA = 1        
                                           |                                           
Net: lzc8:x1/lzc4:x2/lzc2:x2/dummy_7       |Net: lzc8:1/lzc4:2/lzc2:2/dummy_7          
  sky130_fd_sc_hd__or2_1/proxy1 = 1        |  sky130_fd_sc_hd__or2_1/proxyA = 1        
                                           |                                           
Net: lzc8:x1/lzc4:x1/lzc2:x2/dummy_7       |Net: lzc8:1/lzc4:1/lzc2:2/dummy_7          
  sky130_fd_sc_hd__or2_1/proxy1 = 1        |  sky130_fd_sc_hd__or2_1/proxyA = 1        
                                           |                                           
Net: lzc8:x2/lzc4:x2/lzc2:x1/dummy_13      |Net: lzc8:2/lzc4:2/lzc2:1/dummy_13         
  sky130_fd_sc_hd__or2_1/proxy7 = 1        |  sky130_fd_sc_hd__or2_1/proxyX = 1        
                                           |                                           
Net: lzc8:x2/lzc4:x1/lzc2:x1/dummy_13      |Net: lzc8:2/lzc4:1/lzc2:1/dummy_13         
  sky130_fd_sc_hd__or2_1/proxy7 = 1        |  sky130_fd_sc_hd__or2_1/proxyX = 1        
                                           |                                           
Net: lzc8:x1/lzc4:x2/lzc2:x1/dummy_13      |Net: lzc8:1/lzc4:2/lzc2:1/dummy_13         
  sky130_fd_sc_hd__or2_1/proxy7 = 1        |  sky130_fd_sc_hd__or2_1/proxyX = 1        
                                           |                                           
Net: lzc8:x1/lzc4:x1/lzc2:x1/dummy_13      |Net: lzc8:1/lzc4:1/lzc2:1/dummy_13         
  sky130_fd_sc_hd__or2_1/proxy7 = 1        |  sky130_fd_sc_hd__or2_1/proxyX = 1        
                                           |                                           
Net: lzc8:x2/lzc4:x2/lzc2:x1/dummy_12      |Net: lzc8:2/lzc4:2/lzc2:1/dummy_12         
  sky130_fd_sc_hd__or2_1/proxy6 = 1        |  sky130_fd_sc_hd__or2_1/proxyVPWR = 1     
                                           |                                           
Net: lzc8:x2/lzc4:x1/lzc2:x1/dummy_12      |Net: lzc8:2/lzc4:1/lzc2:1/dummy_12         
  sky130_fd_sc_hd__or2_1/proxy6 = 1        |  sky130_fd_sc_hd__or2_1/proxyVPWR = 1     
                                           |                                           
Net: lzc8:x1/lzc4:x2/lzc2:x1/dummy_12      |Net: lzc8:1/lzc4:2/lzc2:1/dummy_12         
  sky130_fd_sc_hd__or2_1/proxy6 = 1        |  sky130_fd_sc_hd__or2_1/proxyVPWR = 1     
                                           |                                           
Net: lzc8:x1/lzc4:x1/lzc2:x1/dummy_12      |Net: lzc8:1/lzc4:1/lzc2:1/dummy_12         
  sky130_fd_sc_hd__or2_1/proxy6 = 1        |  sky130_fd_sc_hd__or2_1/proxyVPWR = 1     
                                           |                                           
Net: lzc8:x2/lzc4:x2/lzc2:x1/dummy_11      |Net: lzc8:2/lzc4:2/lzc2:1/dummy_11         
  sky130_fd_sc_hd__or2_1/proxy5 = 1        |  sky130_fd_sc_hd__or2_1/proxyVPB = 1      
                                           |                                           
Net: lzc8:x2/lzc4:x1/lzc2:x1/dummy_11      |Net: lzc8:2/lzc4:1/lzc2:1/dummy_11         
  sky130_fd_sc_hd__or2_1/proxy5 = 1        |  sky130_fd_sc_hd__or2_1/proxyVPB = 1      
                                           |                                           
Net: lzc8:x1/lzc4:x2/lzc2:x1/dummy_11      |Net: lzc8:1/lzc4:2/lzc2:1/dummy_11         
  sky130_fd_sc_hd__or2_1/proxy5 = 1        |  sky130_fd_sc_hd__or2_1/proxyVPB = 1      
                                           |                                           
Net: lzc8:x1/lzc4:x1/lzc2:x1/dummy_11      |Net: lzc8:1/lzc4:1/lzc2:1/dummy_11         
  sky130_fd_sc_hd__or2_1/proxy5 = 1        |  sky130_fd_sc_hd__or2_1/proxyVPB = 1      
                                           |                                           
Net: lzc8:x2/lzc4:x2/lzc2:x1/dummy_10      |Net: lzc8:2/lzc4:2/lzc2:1/dummy_10         
  sky130_fd_sc_hd__or2_1/proxy4 = 1        |  sky130_fd_sc_hd__or2_1/proxyVNB = 1      
                                           |                                           
Net: lzc8:x2/lzc4:x1/lzc2:x1/dummy_10      |Net: lzc8:2/lzc4:1/lzc2:1/dummy_10         
  sky130_fd_sc_hd__or2_1/proxy4 = 1        |  sky130_fd_sc_hd__or2_1/proxyVNB = 1      
                                           |                                           
Net: lzc8:x1/lzc4:x2/lzc2:x1/dummy_10      |Net: lzc8:1/lzc4:2/lzc2:1/dummy_10         
  sky130_fd_sc_hd__or2_1/proxy4 = 1        |  sky130_fd_sc_hd__or2_1/proxyVNB = 1      
                                           |                                           
Net: lzc8:x1/lzc4:x1/lzc2:x1/dummy_10      |Net: lzc8:1/lzc4:1/lzc2:1/dummy_10         
  sky130_fd_sc_hd__or2_1/proxy4 = 1        |  sky130_fd_sc_hd__or2_1/proxyVNB = 1      
                                           |                                           
Net: lzc8:x2/lzc4:x2/lzc2:x1/dummy_9       |Net: lzc8:2/lzc4:2/lzc2:1/dummy_9          
  sky130_fd_sc_hd__or2_1/proxy3 = 1        |  sky130_fd_sc_hd__or2_1/proxyVGND = 1     
                                           |                                           
Net: lzc8:x2/lzc4:x1/lzc2:x1/dummy_9       |Net: lzc8:2/lzc4:1/lzc2:1/dummy_9          
  sky130_fd_sc_hd__or2_1/proxy3 = 1        |  sky130_fd_sc_hd__or2_1/proxyVGND = 1     
                                           |                                           
Net: lzc8:x1/lzc4:x2/lzc2:x1/dummy_9       |Net: lzc8:1/lzc4:2/lzc2:1/dummy_9          
  sky130_fd_sc_hd__or2_1/proxy3 = 1        |  sky130_fd_sc_hd__or2_1/proxyVGND = 1     
                                           |                                           
Net: lzc8:x1/lzc4:x1/lzc2:x1/dummy_9       |Net: lzc8:1/lzc4:1/lzc2:1/dummy_9          
  sky130_fd_sc_hd__or2_1/proxy3 = 1        |  sky130_fd_sc_hd__or2_1/proxyVGND = 1     
                                           |                                           
Net: lzc8:x2/lzc4:x2/lzc2:x1/dummy_8       |Net: lzc8:2/lzc4:2/lzc2:1/dummy_8          
  sky130_fd_sc_hd__or2_1/proxy2 = 1        |  sky130_fd_sc_hd__or2_1/proxyB = 1        
                                           |                                           
Net: lzc8:x2/lzc4:x1/lzc2:x1/dummy_8       |Net: lzc8:2/lzc4:1/lzc2:1/dummy_8          
  sky130_fd_sc_hd__or2_1/proxy2 = 1        |  sky130_fd_sc_hd__or2_1/proxyB = 1        
                                           |                                           
Net: lzc8:x1/lzc4:x2/lzc2:x1/dummy_8       |Net: lzc8:1/lzc4:2/lzc2:1/dummy_8          
  sky130_fd_sc_hd__or2_1/proxy2 = 1        |  sky130_fd_sc_hd__or2_1/proxyB = 1        
                                           |                                           
Net: lzc8:x1/lzc4:x1/lzc2:x1/dummy_8       |Net: lzc8:1/lzc4:1/lzc2:1/dummy_8          
  sky130_fd_sc_hd__or2_1/proxy2 = 1        |  sky130_fd_sc_hd__or2_1/proxyB = 1        
                                           |                                           
Net: lzc8:x2/lzc4:x2/lzc2:x1/dummy_7       |Net: lzc8:2/lzc4:2/lzc2:1/dummy_7          
  sky130_fd_sc_hd__or2_1/proxy1 = 1        |  sky130_fd_sc_hd__or2_1/proxyA = 1        
                                           |                                           
Net: lzc8:x2/lzc4:x1/lzc2:x1/dummy_7       |Net: lzc8:2/lzc4:1/lzc2:1/dummy_7          
  sky130_fd_sc_hd__or2_1/proxy1 = 1        |  sky130_fd_sc_hd__or2_1/proxyA = 1        
                                           |                                           
Net: lzc8:x1/lzc4:x2/lzc2:x1/dummy_7       |Net: lzc8:1/lzc4:2/lzc2:1/dummy_7          
  sky130_fd_sc_hd__or2_1/proxy1 = 1        |  sky130_fd_sc_hd__or2_1/proxyA = 1        
                                           |                                           
Net: lzc8:x1/lzc4:x1/lzc2:x1/dummy_7       |Net: lzc8:1/lzc4:1/lzc2:1/dummy_7          
  sky130_fd_sc_hd__or2_1/proxy1 = 1        |  sky130_fd_sc_hd__or2_1/proxyA = 1        
                                           |                                           
Net: lzc8:x2/lzc4:x2/dummy_26              |Net: lzc8:2/lzc4:2/dummy_26                
  sky130_fd_sc_hd__inv_1/proxy6 = 1        |  sky130_fd_sc_hd__inv_1/proxyY = 1        
                                           |                                           
Net: lzc8:x2/lzc4:x1/dummy_26              |Net: lzc8:2/lzc4:1/dummy_26                
  sky130_fd_sc_hd__inv_1/proxy6 = 1        |  sky130_fd_sc_hd__inv_1/proxyY = 1        
                                           |                                           
Net: lzc8:x1/lzc4:x2/dummy_26              |Net: lzc8:1/lzc4:2/dummy_26                
  sky130_fd_sc_hd__inv_1/proxy6 = 1        |  sky130_fd_sc_hd__inv_1/proxyY = 1        
                                           |                                           
Net: lzc8:x1/lzc4:x1/dummy_26              |Net: lzc8:1/lzc4:1/dummy_26                
  sky130_fd_sc_hd__inv_1/proxy6 = 1        |  sky130_fd_sc_hd__inv_1/proxyY = 1        
                                           |                                           
Net: lzc8:x2/lzc4:x2/dummy_25              |Net: lzc8:2/lzc4:2/dummy_25                
  sky130_fd_sc_hd__inv_1/proxy5 = 1        |  sky130_fd_sc_hd__inv_1/proxyVPWR = 1     
                                           |                                           
Net: lzc8:x2/lzc4:x1/dummy_25              |Net: lzc8:2/lzc4:1/dummy_25                
  sky130_fd_sc_hd__inv_1/proxy5 = 1        |  sky130_fd_sc_hd__inv_1/proxyVPWR = 1     
                                           |                                           
Net: lzc8:x1/lzc4:x2/dummy_25              |Net: lzc8:1/lzc4:2/dummy_25                
  sky130_fd_sc_hd__inv_1/proxy5 = 1        |  sky130_fd_sc_hd__inv_1/proxyVPWR = 1     
                                           |                                           
Net: lzc8:x1/lzc4:x1/dummy_25              |Net: lzc8:1/lzc4:1/dummy_25                
  sky130_fd_sc_hd__inv_1/proxy5 = 1        |  sky130_fd_sc_hd__inv_1/proxyVPWR = 1     
                                           |                                           
Net: lzc8:x2/lzc4:x2/dummy_24              |Net: lzc8:2/lzc4:2/dummy_24                
  sky130_fd_sc_hd__inv_1/proxy4 = 1        |  sky130_fd_sc_hd__inv_1/proxyVPB = 1      
                                           |                                           
Net: lzc8:x2/lzc4:x1/dummy_24              |Net: lzc8:2/lzc4:1/dummy_24                
  sky130_fd_sc_hd__inv_1/proxy4 = 1        |  sky130_fd_sc_hd__inv_1/proxyVPB = 1      
                                           |                                           
Net: lzc8:x1/lzc4:x2/dummy_24              |Net: lzc8:1/lzc4:2/dummy_24                
  sky130_fd_sc_hd__inv_1/proxy4 = 1        |  sky130_fd_sc_hd__inv_1/proxyVPB = 1      
                                           |                                           
Net: lzc8:x1/lzc4:x1/dummy_24              |Net: lzc8:1/lzc4:1/dummy_24                
  sky130_fd_sc_hd__inv_1/proxy4 = 1        |  sky130_fd_sc_hd__inv_1/proxyVPB = 1      
                                           |                                           
Net: lzc8:x2/lzc4:x2/dummy_23              |Net: lzc8:2/lzc4:2/dummy_23                
  sky130_fd_sc_hd__inv_1/proxy3 = 1        |  sky130_fd_sc_hd__inv_1/proxyVNB = 1      
                                           |                                           
Net: lzc8:x2/lzc4:x1/dummy_23              |Net: lzc8:2/lzc4:1/dummy_23                
  sky130_fd_sc_hd__inv_1/proxy3 = 1        |  sky130_fd_sc_hd__inv_1/proxyVNB = 1      
                                           |                                           
Net: lzc8:x1/lzc4:x2/dummy_23              |Net: lzc8:1/lzc4:2/dummy_23                
  sky130_fd_sc_hd__inv_1/proxy3 = 1        |  sky130_fd_sc_hd__inv_1/proxyVNB = 1      
                                           |                                           
Net: lzc8:x1/lzc4:x1/dummy_23              |Net: lzc8:1/lzc4:1/dummy_23                
  sky130_fd_sc_hd__inv_1/proxy3 = 1        |  sky130_fd_sc_hd__inv_1/proxyVNB = 1      
                                           |                                           
Net: lzc8:x2/lzc4:x2/dummy_22              |Net: lzc8:2/lzc4:2/dummy_22                
  sky130_fd_sc_hd__inv_1/proxy2 = 1        |  sky130_fd_sc_hd__inv_1/proxyVGND = 1     
                                           |                                           
Net: lzc8:x2/lzc4:x1/dummy_22              |Net: lzc8:2/lzc4:1/dummy_22                
  sky130_fd_sc_hd__inv_1/proxy2 = 1        |  sky130_fd_sc_hd__inv_1/proxyVGND = 1     
                                           |                                           
Net: lzc8:x1/lzc4:x2/dummy_22              |Net: lzc8:1/lzc4:2/dummy_22                
  sky130_fd_sc_hd__inv_1/proxy2 = 1        |  sky130_fd_sc_hd__inv_1/proxyVGND = 1     
                                           |                                           
Net: lzc8:x1/lzc4:x1/dummy_22              |Net: lzc8:1/lzc4:1/dummy_22                
  sky130_fd_sc_hd__inv_1/proxy2 = 1        |  sky130_fd_sc_hd__inv_1/proxyVGND = 1     
                                           |                                           
Net: lzc8:x2/lzc4:x2/dummy_21              |Net: lzc8:2/lzc4:2/dummy_21                
  sky130_fd_sc_hd__inv_1/proxy1 = 1        |  sky130_fd_sc_hd__inv_1/proxyA = 1        
                                           |                                           
Net: lzc8:x2/lzc4:x1/dummy_21              |Net: lzc8:2/lzc4:1/dummy_21                
  sky130_fd_sc_hd__inv_1/proxy1 = 1        |  sky130_fd_sc_hd__inv_1/proxyA = 1        
                                           |                                           
Net: lzc8:x1/lzc4:x2/dummy_21              |Net: lzc8:1/lzc4:2/dummy_21                
  sky130_fd_sc_hd__inv_1/proxy1 = 1        |  sky130_fd_sc_hd__inv_1/proxyA = 1        
                                           |                                           
Net: lzc8:x1/lzc4:x1/dummy_21              |Net: lzc8:1/lzc4:1/dummy_21                
  sky130_fd_sc_hd__inv_1/proxy1 = 1        |  sky130_fd_sc_hd__inv_1/proxyA = 1        
                                           |                                           
Net: lzc8:x2/lzc4:x2/dummy_20              |Net: lzc8:2/lzc4:2/dummy_20                
  sky130_fd_sc_hd__or2_1/proxy7 = 1        |  sky130_fd_sc_hd__or2_1/proxyX = 1        
                                           |                                           
Net: lzc8:x1/lzc4:x2/dummy_20              |Net: lzc8:2/dummy_27                       
  sky130_fd_sc_hd__or2_1/proxy7 = 1        |  sky130_fd_sc_hd__or2_1/proxyX = 1        
                                           |                                           
Net: lzc8:x1/dummy_27                      |Net: lzc8:1/lzc4:2/dummy_20                
  sky130_fd_sc_hd__or2_1/proxy7 = 1        |  sky130_fd_sc_hd__or2_1/proxyX = 1        
                                           |                                           
Net: lzc8:x2/lzc4:x2/dummy_19              |Net: lzc8:2/lzc4:2/dummy_19                
  sky130_fd_sc_hd__or2_1/proxy6 = 1        |  sky130_fd_sc_hd__or2_1/proxyVPWR = 1     
                                           |                                           
Net: lzc8:x1/lzc4:x2/dummy_19              |Net: lzc8:2/dummy_26                       
  sky130_fd_sc_hd__or2_1/proxy6 = 1        |  sky130_fd_sc_hd__or2_1/proxyVPWR = 1     
                                           |                                           
Net: lzc8:x1/dummy_26                      |Net: lzc8:1/lzc4:2/dummy_19                
  sky130_fd_sc_hd__or2_1/proxy6 = 1        |  sky130_fd_sc_hd__or2_1/proxyVPWR = 1     
                                           |                                           
Net: lzc8:x2/lzc4:x2/dummy_18              |Net: lzc8:2/lzc4:2/dummy_18                
  sky130_fd_sc_hd__or2_1/proxy5 = 1        |  sky130_fd_sc_hd__or2_1/proxyVPB = 1      
                                           |                                           
Net: lzc8:x1/lzc4:x2/dummy_18              |Net: lzc8:2/dummy_25                       
  sky130_fd_sc_hd__or2_1/proxy5 = 1        |  sky130_fd_sc_hd__or2_1/proxyVPB = 1      
                                           |                                           
Net: lzc8:x1/dummy_25                      |Net: lzc8:1/lzc4:2/dummy_18                
  sky130_fd_sc_hd__or2_1/proxy5 = 1        |  sky130_fd_sc_hd__or2_1/proxyVPB = 1      
                                           |                                           
Net: lzc8:x2/lzc4:x2/dummy_17              |Net: lzc8:2/lzc4:2/dummy_17                
  sky130_fd_sc_hd__or2_1/proxy4 = 1        |  sky130_fd_sc_hd__or2_1/proxyVNB = 1      
                                           |                                           
Net: lzc8:x1/lzc4:x2/dummy_17              |Net: lzc8:2/dummy_24                       
  sky130_fd_sc_hd__or2_1/proxy4 = 1        |  sky130_fd_sc_hd__or2_1/proxyVNB = 1      
                                           |                                           
Net: lzc8:x1/dummy_24                      |Net: lzc8:1/lzc4:2/dummy_17                
  sky130_fd_sc_hd__or2_1/proxy4 = 1        |  sky130_fd_sc_hd__or2_1/proxyVNB = 1      
                                           |                                           
Net: lzc8:x2/lzc4:x2/dummy_16              |Net: lzc8:2/lzc4:2/dummy_16                
  sky130_fd_sc_hd__or2_1/proxy3 = 1        |  sky130_fd_sc_hd__or2_1/proxyVGND = 1     
                                           |                                           
Net: lzc8:x1/lzc4:x2/dummy_16              |Net: lzc8:2/dummy_23                       
  sky130_fd_sc_hd__or2_1/proxy3 = 1        |  sky130_fd_sc_hd__or2_1/proxyVGND = 1     
                                           |                                           
Net: lzc8:x1/dummy_23                      |Net: lzc8:1/lzc4:2/dummy_16                
  sky130_fd_sc_hd__or2_1/proxy3 = 1        |  sky130_fd_sc_hd__or2_1/proxyVGND = 1     
                                           |                                           
Net: lzc8:x2/lzc4:x2/dummy_15              |Net: lzc8:2/lzc4:2/dummy_15                
  sky130_fd_sc_hd__or2_1/proxy2 = 1        |  sky130_fd_sc_hd__or2_1/proxyB = 1        
                                           |                                           
Net: lzc8:x1/lzc4:x2/dummy_15              |Net: lzc8:2/dummy_22                       
  sky130_fd_sc_hd__or2_1/proxy2 = 1        |  sky130_fd_sc_hd__or2_1/proxyB = 1        
                                           |                                           
Net: lzc8:x1/dummy_22                      |Net: lzc8:1/lzc4:2/dummy_15                
  sky130_fd_sc_hd__or2_1/proxy2 = 1        |  sky130_fd_sc_hd__or2_1/proxyB = 1        
                                           |                                           
Net: lzc8:x2/lzc4:x2/dummy_14              |Net: lzc8:2/lzc4:2/dummy_14                
  sky130_fd_sc_hd__or2_1/proxy1 = 1        |  sky130_fd_sc_hd__or2_1/proxyA = 1        
                                           |                                           
Net: lzc8:x1/lzc4:x2/dummy_14              |Net: lzc8:2/dummy_21                       
  sky130_fd_sc_hd__or2_1/proxy1 = 1        |  sky130_fd_sc_hd__or2_1/proxyA = 1        
                                           |                                           
Net: lzc8:x1/dummy_21                      |Net: lzc8:1/lzc4:2/dummy_14                
  sky130_fd_sc_hd__or2_1/proxy1 = 1        |  sky130_fd_sc_hd__or2_1/proxyA = 1        
                                           |                                           
Net: lzc8:x2/lzc4:x1/dummy_20              |Net: lzc8:2/lzc4:1/dummy_20                
  sky130_fd_sc_hd__or2_1/proxy7 = 1        |  sky130_fd_sc_hd__or2_1/proxyX = 1        
                                           |                                           
Net: lzc8:x2/dummy_27                      |Net: lzc8:1/lzc4:1/dummy_20                
  sky130_fd_sc_hd__or2_1/proxy7 = 1        |  sky130_fd_sc_hd__or2_1/proxyX = 1        
                                           |                                           
Net: lzc8:x1/lzc4:x1/dummy_20              |Net: lzc8:1/dummy_27                       
  sky130_fd_sc_hd__or2_1/proxy7 = 1        |  sky130_fd_sc_hd__or2_1/proxyX = 1        
                                           |                                           
Net: lzc8:x2/lzc4:x1/dummy_19              |Net: lzc8:2/lzc4:1/dummy_19                
  sky130_fd_sc_hd__or2_1/proxy6 = 1        |  sky130_fd_sc_hd__or2_1/proxyVPWR = 1     
                                           |                                           
Net: lzc8:x2/dummy_26                      |Net: lzc8:1/lzc4:1/dummy_19                
  sky130_fd_sc_hd__or2_1/proxy6 = 1        |  sky130_fd_sc_hd__or2_1/proxyVPWR = 1     
                                           |                                           
Net: lzc8:x1/lzc4:x1/dummy_19              |Net: lzc8:1/dummy_26                       
  sky130_fd_sc_hd__or2_1/proxy6 = 1        |  sky130_fd_sc_hd__or2_1/proxyVPWR = 1     
                                           |                                           
Net: lzc8:x2/lzc4:x1/dummy_18              |Net: lzc8:2/lzc4:1/dummy_18                
  sky130_fd_sc_hd__or2_1/proxy5 = 1        |  sky130_fd_sc_hd__or2_1/proxyVPB = 1      
                                           |                                           
Net: lzc8:x2/dummy_25                      |Net: lzc8:1/lzc4:1/dummy_18                
  sky130_fd_sc_hd__or2_1/proxy5 = 1        |  sky130_fd_sc_hd__or2_1/proxyVPB = 1      
                                           |                                           
Net: lzc8:x1/lzc4:x1/dummy_18              |Net: lzc8:1/dummy_25                       
  sky130_fd_sc_hd__or2_1/proxy5 = 1        |  sky130_fd_sc_hd__or2_1/proxyVPB = 1      
                                           |                                           
Net: lzc8:x2/lzc4:x1/dummy_17              |Net: lzc8:2/lzc4:1/dummy_17                
  sky130_fd_sc_hd__or2_1/proxy4 = 1        |  sky130_fd_sc_hd__or2_1/proxyVNB = 1      
                                           |                                           
Net: lzc8:x2/dummy_24                      |Net: lzc8:1/lzc4:1/dummy_17                
  sky130_fd_sc_hd__or2_1/proxy4 = 1        |  sky130_fd_sc_hd__or2_1/proxyVNB = 1      
                                           |                                           
Net: lzc8:x1/lzc4:x1/dummy_17              |Net: lzc8:1/dummy_24                       
  sky130_fd_sc_hd__or2_1/proxy4 = 1        |  sky130_fd_sc_hd__or2_1/proxyVNB = 1      
                                           |                                           
Net: lzc8:x2/lzc4:x1/dummy_16              |Net: lzc8:2/lzc4:1/dummy_16                
  sky130_fd_sc_hd__or2_1/proxy3 = 1        |  sky130_fd_sc_hd__or2_1/proxyVGND = 1     
                                           |                                           
Net: lzc8:x2/dummy_23                      |Net: lzc8:1/lzc4:1/dummy_16                
  sky130_fd_sc_hd__or2_1/proxy3 = 1        |  sky130_fd_sc_hd__or2_1/proxyVGND = 1     
                                           |                                           
Net: lzc8:x1/lzc4:x1/dummy_16              |Net: lzc8:1/dummy_23                       
  sky130_fd_sc_hd__or2_1/proxy3 = 1        |  sky130_fd_sc_hd__or2_1/proxyVGND = 1     
                                           |                                           
Net: lzc8:x2/lzc4:x1/dummy_15              |Net: lzc8:2/lzc4:1/dummy_15                
  sky130_fd_sc_hd__or2_1/proxy2 = 1        |  sky130_fd_sc_hd__or2_1/proxyB = 1        
                                           |                                           
Net: lzc8:x2/dummy_22                      |Net: lzc8:1/lzc4:1/dummy_15                
  sky130_fd_sc_hd__or2_1/proxy2 = 1        |  sky130_fd_sc_hd__or2_1/proxyB = 1        
                                           |                                           
Net: lzc8:x1/lzc4:x1/dummy_15              |Net: lzc8:1/dummy_22                       
  sky130_fd_sc_hd__or2_1/proxy2 = 1        |  sky130_fd_sc_hd__or2_1/proxyB = 1        
                                           |                                           
Net: lzc8:x2/lzc4:x1/dummy_14              |Net: lzc8:2/lzc4:1/dummy_14                
  sky130_fd_sc_hd__or2_1/proxy1 = 1        |  sky130_fd_sc_hd__or2_1/proxyA = 1        
                                           |                                           
Net: lzc8:x2/dummy_21                      |Net: lzc8:1/lzc4:1/dummy_14                
  sky130_fd_sc_hd__or2_1/proxy1 = 1        |  sky130_fd_sc_hd__or2_1/proxyA = 1        
                                           |                                           
Net: lzc8:x1/lzc4:x1/dummy_14              |Net: lzc8:1/dummy_21                       
  sky130_fd_sc_hd__or2_1/proxy1 = 1        |  sky130_fd_sc_hd__or2_1/proxyA = 1        
                                           |                                           
Net: lzc8:x2/dummy_49                      |Net: lzc8:2/dummy_49                       
  sky130_fd_sc_hd__mux2_1/proxy8 = 1       |  sky130_fd_sc_hd__mux2_1/proxyX = 1       
                                           |                                           
Net: lzc8:x1/dummy_49                      |Net: lzc8:1/dummy_49                       
  sky130_fd_sc_hd__mux2_1/proxy8 = 1       |  sky130_fd_sc_hd__mux2_1/proxyX = 1       
                                           |                                           
Net: lzc8:x2/dummy_48                      |Net: lzc8:2/dummy_48                       
  sky130_fd_sc_hd__mux2_1/proxy7 = 1       |  sky130_fd_sc_hd__mux2_1/proxyVPWR = 1    
                                           |                                           
Net: lzc8:x1/dummy_48                      |Net: lzc8:1/dummy_48                       
  sky130_fd_sc_hd__mux2_1/proxy7 = 1       |  sky130_fd_sc_hd__mux2_1/proxyVPWR = 1    
                                           |                                           
Net: lzc8:x2/dummy_47                      |Net: lzc8:2/dummy_47                       
  sky130_fd_sc_hd__mux2_1/proxy6 = 1       |  sky130_fd_sc_hd__mux2_1/proxyVPB = 1     
                                           |                                           
Net: lzc8:x1/dummy_47                      |Net: lzc8:1/dummy_47                       
  sky130_fd_sc_hd__mux2_1/proxy6 = 1       |  sky130_fd_sc_hd__mux2_1/proxyVPB = 1     
                                           |                                           
Net: lzc8:x2/dummy_46                      |Net: lzc8:2/dummy_46                       
  sky130_fd_sc_hd__mux2_1/proxy5 = 1       |  sky130_fd_sc_hd__mux2_1/proxyVNB = 1     
                                           |                                           
Net: lzc8:x1/dummy_46                      |Net: lzc8:1/dummy_46                       
  sky130_fd_sc_hd__mux2_1/proxy5 = 1       |  sky130_fd_sc_hd__mux2_1/proxyVNB = 1     
                                           |                                           
Net: lzc8:x2/dummy_45                      |Net: lzc8:2/dummy_45                       
  sky130_fd_sc_hd__mux2_1/proxy4 = 1       |  sky130_fd_sc_hd__mux2_1/proxyVGND = 1    
                                           |                                           
Net: lzc8:x1/dummy_45                      |Net: lzc8:1/dummy_45                       
  sky130_fd_sc_hd__mux2_1/proxy4 = 1       |  sky130_fd_sc_hd__mux2_1/proxyVGND = 1    
                                           |                                           
Net: lzc8:x2/dummy_44                      |Net: lzc8:2/dummy_44                       
  sky130_fd_sc_hd__mux2_1/proxy3 = 1       |  sky130_fd_sc_hd__mux2_1/proxyS = 1       
                                           |                                           
Net: lzc8:x1/dummy_44                      |Net: lzc8:1/dummy_44                       
  sky130_fd_sc_hd__mux2_1/proxy3 = 1       |  sky130_fd_sc_hd__mux2_1/proxyS = 1       
                                           |                                           
Net: lzc8:x2/dummy_43                      |Net: lzc8:2/dummy_43                       
  sky130_fd_sc_hd__mux2_1/proxy2 = 1       |  sky130_fd_sc_hd__mux2_1/proxyA1 = 1      
                                           |                                           
Net: lzc8:x1/dummy_43                      |Net: lzc8:1/dummy_43                       
  sky130_fd_sc_hd__mux2_1/proxy2 = 1       |  sky130_fd_sc_hd__mux2_1/proxyA1 = 1      
                                           |                                           
Net: lzc8:x2/dummy_42                      |Net: lzc8:2/dummy_42                       
  sky130_fd_sc_hd__mux2_1/proxy1 = 1       |  sky130_fd_sc_hd__mux2_1/proxyA0 = 1      
                                           |                                           
Net: lzc8:x1/dummy_42                      |Net: lzc8:1/dummy_42                       
  sky130_fd_sc_hd__mux2_1/proxy1 = 1       |  sky130_fd_sc_hd__mux2_1/proxyA0 = 1      
                                           |                                           
Net: lzc8:x2/dummy_41                      |Net: lzc8:2/dummy_41                       
  sky130_fd_sc_hd__mux2_1/proxy8 = 1       |  sky130_fd_sc_hd__mux2_1/proxyX = 1       
                                           |                                           
Net: lzc8:x1/dummy_41                      |Net: lzc8:1/dummy_41                       
  sky130_fd_sc_hd__mux2_1/proxy8 = 1       |  sky130_fd_sc_hd__mux2_1/proxyX = 1       
                                           |                                           
Net: lzc8:x2/dummy_40                      |Net: lzc8:2/dummy_40                       
  sky130_fd_sc_hd__mux2_1/proxy7 = 1       |  sky130_fd_sc_hd__mux2_1/proxyVPWR = 1    
                                           |                                           
Net: lzc8:x1/dummy_40                      |Net: lzc8:1/dummy_40                       
  sky130_fd_sc_hd__mux2_1/proxy7 = 1       |  sky130_fd_sc_hd__mux2_1/proxyVPWR = 1    
                                           |                                           
Net: lzc8:x2/dummy_39                      |Net: lzc8:2/dummy_39                       
  sky130_fd_sc_hd__mux2_1/proxy6 = 1       |  sky130_fd_sc_hd__mux2_1/proxyVPB = 1     
                                           |                                           
Net: lzc8:x1/dummy_39                      |Net: lzc8:1/dummy_39                       
  sky130_fd_sc_hd__mux2_1/proxy6 = 1       |  sky130_fd_sc_hd__mux2_1/proxyVPB = 1     
                                           |                                           
Net: lzc8:x2/dummy_38                      |Net: lzc8:2/dummy_38                       
  sky130_fd_sc_hd__mux2_1/proxy5 = 1       |  sky130_fd_sc_hd__mux2_1/proxyVNB = 1     
                                           |                                           
Net: lzc8:x1/dummy_38                      |Net: lzc8:1/dummy_38                       
  sky130_fd_sc_hd__mux2_1/proxy5 = 1       |  sky130_fd_sc_hd__mux2_1/proxyVNB = 1     
                                           |                                           
Net: lzc8:x2/dummy_37                      |Net: lzc8:2/dummy_37                       
  sky130_fd_sc_hd__mux2_1/proxy4 = 1       |  sky130_fd_sc_hd__mux2_1/proxyVGND = 1    
                                           |                                           
Net: lzc8:x1/dummy_37                      |Net: lzc8:1/dummy_37                       
  sky130_fd_sc_hd__mux2_1/proxy4 = 1       |  sky130_fd_sc_hd__mux2_1/proxyVGND = 1    
                                           |                                           
Net: lzc8:x2/dummy_36                      |Net: lzc8:2/dummy_36                       
  sky130_fd_sc_hd__mux2_1/proxy3 = 1       |  sky130_fd_sc_hd__mux2_1/proxyS = 1       
                                           |                                           
Net: lzc8:x1/dummy_36                      |Net: lzc8:1/dummy_36                       
  sky130_fd_sc_hd__mux2_1/proxy3 = 1       |  sky130_fd_sc_hd__mux2_1/proxyS = 1       
                                           |                                           
Net: lzc8:x2/dummy_35                      |Net: lzc8:2/dummy_35                       
  sky130_fd_sc_hd__mux2_1/proxy2 = 1       |  sky130_fd_sc_hd__mux2_1/proxyA1 = 1      
                                           |                                           
Net: lzc8:x1/dummy_35                      |Net: lzc8:1/dummy_35                       
  sky130_fd_sc_hd__mux2_1/proxy2 = 1       |  sky130_fd_sc_hd__mux2_1/proxyA1 = 1      
                                           |                                           
Net: lzc8:x2/dummy_34                      |Net: lzc8:2/dummy_34                       
  sky130_fd_sc_hd__mux2_1/proxy1 = 1       |  sky130_fd_sc_hd__mux2_1/proxyA0 = 1      
                                           |                                           
Net: lzc8:x1/dummy_34                      |Net: lzc8:1/dummy_34                       
  sky130_fd_sc_hd__mux2_1/proxy1 = 1       |  sky130_fd_sc_hd__mux2_1/proxyA0 = 1      
                                           |                                           
Net: lzc8:x2/dummy_33                      |Net: lzc8:2/dummy_33                       
  sky130_fd_sc_hd__inv_1/proxy6 = 1        |  sky130_fd_sc_hd__inv_1/proxyY = 1        
                                           |                                           
Net: lzc8:x1/dummy_33                      |Net: lzc8:1/dummy_33                       
  sky130_fd_sc_hd__inv_1/proxy6 = 1        |  sky130_fd_sc_hd__inv_1/proxyY = 1        
                                           |                                           
Net: lzc8:x2/dummy_32                      |Net: lzc8:2/dummy_32                       
  sky130_fd_sc_hd__inv_1/proxy5 = 1        |  sky130_fd_sc_hd__inv_1/proxyVPWR = 1     
                                           |                                           
Net: lzc8:x1/dummy_32                      |Net: lzc8:1/dummy_32                       
  sky130_fd_sc_hd__inv_1/proxy5 = 1        |  sky130_fd_sc_hd__inv_1/proxyVPWR = 1     
                                           |                                           
Net: lzc8:x2/dummy_31                      |Net: lzc8:2/dummy_31                       
  sky130_fd_sc_hd__inv_1/proxy4 = 1        |  sky130_fd_sc_hd__inv_1/proxyVPB = 1      
                                           |                                           
Net: lzc8:x1/dummy_31                      |Net: lzc8:1/dummy_31                       
  sky130_fd_sc_hd__inv_1/proxy4 = 1        |  sky130_fd_sc_hd__inv_1/proxyVPB = 1      
                                           |                                           
Net: lzc8:x2/dummy_30                      |Net: lzc8:2/dummy_30                       
  sky130_fd_sc_hd__inv_1/proxy3 = 1        |  sky130_fd_sc_hd__inv_1/proxyVNB = 1      
                                           |                                           
Net: lzc8:x1/dummy_30                      |Net: lzc8:1/dummy_30                       
  sky130_fd_sc_hd__inv_1/proxy3 = 1        |  sky130_fd_sc_hd__inv_1/proxyVNB = 1      
                                           |                                           
Net: lzc8:x2/dummy_29                      |Net: lzc8:2/dummy_29                       
  sky130_fd_sc_hd__inv_1/proxy2 = 1        |  sky130_fd_sc_hd__inv_1/proxyVGND = 1     
                                           |                                           
Net: lzc8:x1/dummy_29                      |Net: lzc8:1/dummy_29                       
  sky130_fd_sc_hd__inv_1/proxy2 = 1        |  sky130_fd_sc_hd__inv_1/proxyVGND = 1     
                                           |                                           
Net: lzc8:x2/dummy_28                      |Net: lzc8:2/dummy_28                       
  sky130_fd_sc_hd__inv_1/proxy1 = 1        |  sky130_fd_sc_hd__inv_1/proxyA = 1        
                                           |                                           
Net: lzc8:x1/dummy_28                      |Net: lzc8:1/dummy_28                       
  sky130_fd_sc_hd__inv_1/proxy1 = 1        |  sky130_fd_sc_hd__inv_1/proxyA = 1        
                                           |                                           
Net: dummy_79                              |Net: dummy_79                              
  sky130_fd_sc_hd__mux2_1/proxy8 = 1       |  sky130_fd_sc_hd__mux2_1/proxyX = 1       
                                           |                                           
Net: dummy_78                              |Net: dummy_78                              
  sky130_fd_sc_hd__mux2_1/proxy7 = 1       |  sky130_fd_sc_hd__mux2_1/proxyVPWR = 1    
                                           |                                           
Net: dummy_77                              |Net: dummy_77                              
  sky130_fd_sc_hd__mux2_1/proxy6 = 1       |  sky130_fd_sc_hd__mux2_1/proxyVPB = 1     
                                           |                                           
Net: dummy_76                              |Net: dummy_76                              
  sky130_fd_sc_hd__mux2_1/proxy5 = 1       |  sky130_fd_sc_hd__mux2_1/proxyVNB = 1     
                                           |                                           
Net: dummy_75                              |Net: dummy_75                              
  sky130_fd_sc_hd__mux2_1/proxy4 = 1       |  sky130_fd_sc_hd__mux2_1/proxyVGND = 1    
                                           |                                           
Net: dummy_74                              |Net: dummy_74                              
  sky130_fd_sc_hd__mux2_1/proxy3 = 1       |  sky130_fd_sc_hd__mux2_1/proxyS = 1       
                                           |                                           
Net: dummy_73                              |Net: dummy_73                              
  sky130_fd_sc_hd__mux2_1/proxy2 = 1       |  sky130_fd_sc_hd__mux2_1/proxyA1 = 1      
                                           |                                           
Net: dummy_72                              |Net: dummy_72                              
  sky130_fd_sc_hd__mux2_1/proxy1 = 1       |  sky130_fd_sc_hd__mux2_1/proxyA0 = 1      
                                           |                                           
Net: dummy_71                              |Net: dummy_71                              
  sky130_fd_sc_hd__mux2_1/proxy8 = 1       |  sky130_fd_sc_hd__mux2_1/proxyX = 1       
                                           |                                           
Net: dummy_63                              |Net: dummy_63                              
  sky130_fd_sc_hd__mux2_1/proxy8 = 1       |  sky130_fd_sc_hd__mux2_1/proxyX = 1       
                                           |                                           
Net: dummy_70                              |Net: dummy_70                              
  sky130_fd_sc_hd__mux2_1/proxy7 = 1       |  sky130_fd_sc_hd__mux2_1/proxyVPWR = 1    
                                           |                                           
Net: dummy_62                              |Net: dummy_62                              
  sky130_fd_sc_hd__mux2_1/proxy7 = 1       |  sky130_fd_sc_hd__mux2_1/proxyVPWR = 1    
                                           |                                           
Net: dummy_69                              |Net: dummy_69                              
  sky130_fd_sc_hd__mux2_1/proxy6 = 1       |  sky130_fd_sc_hd__mux2_1/proxyVPB = 1     
                                           |                                           
Net: dummy_61                              |Net: dummy_61                              
  sky130_fd_sc_hd__mux2_1/proxy6 = 1       |  sky130_fd_sc_hd__mux2_1/proxyVPB = 1     
                                           |                                           
Net: dummy_68                              |Net: dummy_68                              
  sky130_fd_sc_hd__mux2_1/proxy5 = 1       |  sky130_fd_sc_hd__mux2_1/proxyVNB = 1     
                                           |                                           
Net: dummy_60                              |Net: dummy_60                              
  sky130_fd_sc_hd__mux2_1/proxy5 = 1       |  sky130_fd_sc_hd__mux2_1/proxyVNB = 1     
                                           |                                           
Net: dummy_67                              |Net: dummy_67                              
  sky130_fd_sc_hd__mux2_1/proxy4 = 1       |  sky130_fd_sc_hd__mux2_1/proxyVGND = 1    
                                           |                                           
Net: dummy_59                              |Net: dummy_59                              
  sky130_fd_sc_hd__mux2_1/proxy4 = 1       |  sky130_fd_sc_hd__mux2_1/proxyVGND = 1    
                                           |                                           
Net: dummy_66                              |Net: dummy_66                              
  sky130_fd_sc_hd__mux2_1/proxy3 = 1       |  sky130_fd_sc_hd__mux2_1/proxyS = 1       
                                           |                                           
Net: dummy_58                              |Net: dummy_58                              
  sky130_fd_sc_hd__mux2_1/proxy3 = 1       |  sky130_fd_sc_hd__mux2_1/proxyS = 1       
                                           |                                           
Net: dummy_65                              |Net: dummy_65                              
  sky130_fd_sc_hd__mux2_1/proxy2 = 1       |  sky130_fd_sc_hd__mux2_1/proxyA1 = 1      
                                           |                                           
Net: dummy_57                              |Net: dummy_57                              
  sky130_fd_sc_hd__mux2_1/proxy2 = 1       |  sky130_fd_sc_hd__mux2_1/proxyA1 = 1      
                                           |                                           
Net: dummy_64                              |Net: dummy_64                              
  sky130_fd_sc_hd__mux2_1/proxy1 = 1       |  sky130_fd_sc_hd__mux2_1/proxyA0 = 1      
                                           |                                           
Net: dummy_56                              |Net: dummy_56                              
  sky130_fd_sc_hd__mux2_1/proxy1 = 1       |  sky130_fd_sc_hd__mux2_1/proxyA0 = 1      
                                           |                                           
Net: dummy_55                              |Net: dummy_55                              
  sky130_fd_sc_hd__inv_1/proxy6 = 1        |  sky130_fd_sc_hd__inv_1/proxyY = 1        
                                           |                                           
Net: dummy_54                              |Net: dummy_54                              
  sky130_fd_sc_hd__inv_1/proxy5 = 1        |  sky130_fd_sc_hd__inv_1/proxyVPWR = 1     
                                           |                                           
Net: dummy_53                              |Net: dummy_53                              
  sky130_fd_sc_hd__inv_1/proxy4 = 1        |  sky130_fd_sc_hd__inv_1/proxyVPB = 1      
                                           |                                           
Net: dummy_52                              |Net: dummy_52                              
  sky130_fd_sc_hd__inv_1/proxy3 = 1        |  sky130_fd_sc_hd__inv_1/proxyVNB = 1      
                                           |                                           
Net: dummy_51                              |Net: dummy_51                              
  sky130_fd_sc_hd__inv_1/proxy2 = 1        |  sky130_fd_sc_hd__inv_1/proxyVGND = 1     
                                           |                                           
Net: dummy_50                              |Net: dummy_50                              
  sky130_fd_sc_hd__inv_1/proxy1 = 1        |  sky130_fd_sc_hd__inv_1/proxyA = 1        
                                           |                                           
Net: dummy_49                              |Net: dummy_49                              
  sky130_fd_sc_hd__inv_1/proxy6 = 1        |  sky130_fd_sc_hd__inv_1/proxyY = 1        
                                           |                                           
Net: dummy_48                              |Net: dummy_48                              
  sky130_fd_sc_hd__inv_1/proxy5 = 1        |  sky130_fd_sc_hd__inv_1/proxyVPWR = 1     
                                           |                                           
Net: dummy_47                              |Net: dummy_47                              
  sky130_fd_sc_hd__inv_1/proxy4 = 1        |  sky130_fd_sc_hd__inv_1/proxyVPB = 1      
                                           |                                           
Net: dummy_46                              |Net: dummy_46                              
  sky130_fd_sc_hd__inv_1/proxy3 = 1        |  sky130_fd_sc_hd__inv_1/proxyVNB = 1      
                                           |                                           
Net: dummy_45                              |Net: dummy_45                              
  sky130_fd_sc_hd__inv_1/proxy2 = 1        |  sky130_fd_sc_hd__inv_1/proxyVGND = 1     
                                           |                                           
Net: dummy_44                              |Net: dummy_44                              
  sky130_fd_sc_hd__inv_1/proxy1 = 1        |  sky130_fd_sc_hd__inv_1/proxyA = 1        
                                           |                                           
Net: dummy_43                              |Net: dummy_43                              
  sky130_fd_sc_hd__or2_1/proxy7 = 1        |  sky130_fd_sc_hd__or2_1/proxyX = 1        
                                           |                                           
Net: dummy_42                              |Net: dummy_42                              
  sky130_fd_sc_hd__or2_1/proxy6 = 1        |  sky130_fd_sc_hd__or2_1/proxyVPWR = 1     
                                           |                                           
Net: dummy_41                              |Net: dummy_41                              
  sky130_fd_sc_hd__or2_1/proxy5 = 1        |  sky130_fd_sc_hd__or2_1/proxyVPB = 1      
                                           |                                           
Net: dummy_40                              |Net: dummy_40                              
  sky130_fd_sc_hd__or2_1/proxy4 = 1        |  sky130_fd_sc_hd__or2_1/proxyVNB = 1      
                                           |                                           
Net: dummy_39                              |Net: dummy_39                              
  sky130_fd_sc_hd__or2_1/proxy3 = 1        |  sky130_fd_sc_hd__or2_1/proxyVGND = 1     
                                           |                                           
Net: dummy_38                              |Net: dummy_38                              
  sky130_fd_sc_hd__or2_1/proxy2 = 1        |  sky130_fd_sc_hd__or2_1/proxyB = 1        
                                           |                                           
Net: dummy_37                              |Net: dummy_37                              
  sky130_fd_sc_hd__or2_1/proxy1 = 1        |  sky130_fd_sc_hd__or2_1/proxyA = 1        
                                           |                                           
Net: Y[4]                                  |Net: Y[4]                                  
  sky130_fd_sc_hd__inv_1/Y = 1             |  sky130_fd_sc_hd__inv_1/6 = 1             
                                           |                                           
Net: Y[0]                                  |Net: Y[0]                                  
  sky130_fd_sc_hd__and2_1/X = 1            |  sky130_fd_sc_hd__and2_1/7 = 1            
                                           |                                           
Net: Y[1]                                  |Net: Y[1]                                  
  sky130_fd_sc_hd__and2_1/X = 1            |  sky130_fd_sc_hd__and2_1/7 = 1            
                                           |                                           
Net: Y[2]                                  |Net: Y[2]                                  
  sky130_fd_sc_hd__and2_1/X = 1            |  sky130_fd_sc_hd__and2_1/7 = 1            
                                           |                                           
Net: Y[3]                                  |Net: Y[3]                                  
  sky130_fd_sc_hd__and2_1/X = 1            |  sky130_fd_sc_hd__and2_1/7 = 1            
                                           |                                           
Net: A[0]                                  |Net: A[0]                                  
  sky130_fd_sc_hd__or2_1/B = 1             |  sky130_fd_sc_hd__or2_1/2 = 1             
                                           |                                           
Net: A[4]                                  |Net: A[4]                                  
  sky130_fd_sc_hd__or2_1/B = 1             |  sky130_fd_sc_hd__or2_1/2 = 1             
                                           |                                           
Net: A[8]                                  |Net: A[8]                                  
  sky130_fd_sc_hd__or2_1/B = 1             |  sky130_fd_sc_hd__or2_1/2 = 1             
                                           |                                           
Net: A[12]                                 |Net: A[12]                                 
  sky130_fd_sc_hd__or2_1/B = 1             |  sky130_fd_sc_hd__or2_1/2 = 1             
                                           |                                           
Net: A[2]                                  |Net: A[2]                                  
  sky130_fd_sc_hd__or2_1/B = 1             |  sky130_fd_sc_hd__or2_1/2 = 1             
                                           |                                           
Net: A[6]                                  |Net: A[6]                                  
  sky130_fd_sc_hd__or2_1/B = 1             |  sky130_fd_sc_hd__or2_1/2 = 1             
                                           |                                           
Net: A[10]                                 |Net: A[10]                                 
  sky130_fd_sc_hd__or2_1/B = 1             |  sky130_fd_sc_hd__or2_1/2 = 1             
                                           |                                           
Net: A[14]                                 |Net: A[14]                                 
  sky130_fd_sc_hd__or2_1/B = 1             |  sky130_fd_sc_hd__or2_1/2 = 1             
---------------------------------------------------------------------------------------

---------------------------------------------------------------------------------------
Net: lzc8:x2/lzc4:x2/x3/B                  |Net: lzc8:2/lzc4:2/net4                    
  sky130_fd_sc_hd__or2_1/X = 1             |  sky130_fd_sc_hd__inv_1/6 = 1             
  sky130_fd_sc_hd__or2_1/B = 1             |  sky130_fd_sc_hd__mux2_1/2 = 1            
                                           |                                           
Net: lzc8:x1/lzc4:x2/x3/B                  |Net: lzc8:2/lzc4:1/net4                    
  sky130_fd_sc_hd__or2_1/X = 1             |  sky130_fd_sc_hd__inv_1/6 = 1             
  sky130_fd_sc_hd__or2_1/B = 1             |  sky130_fd_sc_hd__mux2_1/2 = 1            
                                           |                                           
Net: lzc8:x2/lzc4:x2/x2/P                  |Net: lzc8:1/lzc4:2/net4                    
  sky130_fd_sc_hd__inv_1/Y = 1             |  sky130_fd_sc_hd__inv_1/6 = 1             
  sky130_fd_sc_hd__mux2_1/A1 = 1           |  sky130_fd_sc_hd__mux2_1/2 = 1            
                                           |                                           
Net: lzc8:x2/lzc4:x1/x2/P                  |Net: lzc8:1/lzc4:1/net4                    
  sky130_fd_sc_hd__inv_1/Y = 1             |  sky130_fd_sc_hd__inv_1/6 = 1             
  sky130_fd_sc_hd__mux2_1/A1 = 1           |  sky130_fd_sc_hd__mux2_1/2 = 1            
                                           |                                           
Net: lzc8:x1/lzc4:x2/x2/P                  |Net: lzc8:2/lzc4:2/net2                    
  sky130_fd_sc_hd__inv_1/Y = 1             |  sky130_fd_sc_hd__or2_1/7 = 1             
  sky130_fd_sc_hd__mux2_1/A1 = 1           |  sky130_fd_sc_hd__or2_1/2 = 1             
                                           |                                           
Net: lzc8:x1/lzc4:x1/x2/P                  |Net: lzc8:1/lzc4:2/net2                    
  sky130_fd_sc_hd__inv_1/Y = 1             |  sky130_fd_sc_hd__or2_1/7 = 1             
  sky130_fd_sc_hd__mux2_1/A1 = 1           |  sky130_fd_sc_hd__or2_1/2 = 1             
                                           |                                           
Net: lzc8:x2/lzc4:x2/x1/P                  |Net: lzc8:2/lzc4:2/net3                    
  sky130_fd_sc_hd__inv_1/Y = 1             |  sky130_fd_sc_hd__inv_1/6 = 1             
  sky130_fd_sc_hd__mux2_1/A0 = 1           |  sky130_fd_sc_hd__mux2_1/1 = 1            
                                           |                                           
Net: lzc8:x2/lzc4:x1/x1/P                  |Net: lzc8:2/lzc4:1/net3                    
  sky130_fd_sc_hd__inv_1/Y = 1             |  sky130_fd_sc_hd__inv_1/6 = 1             
  sky130_fd_sc_hd__mux2_1/A0 = 1           |  sky130_fd_sc_hd__mux2_1/1 = 1            
                                           |                                           
Net: lzc8:x1/lzc4:x2/x1/P                  |Net: lzc8:1/lzc4:2/net3                    
  sky130_fd_sc_hd__inv_1/Y = 1             |  sky130_fd_sc_hd__inv_1/6 = 1             
  sky130_fd_sc_hd__mux2_1/A0 = 1           |  sky130_fd_sc_hd__mux2_1/1 = 1            
                                           |                                           
Net: lzc8:x1/lzc4:x1/x1/P                  |Net: lzc8:1/lzc4:1/net3                    
  sky130_fd_sc_hd__inv_1/Y = 1             |  sky130_fd_sc_hd__inv_1/6 = 1             
  sky130_fd_sc_hd__mux2_1/A0 = 1           |  sky130_fd_sc_hd__mux2_1/1 = 1            
                                           |                                           
Net: lzc8:x2/lzc4:x1/x3/B                  |Net: lzc8:2/lzc4:1/net2                    
  sky130_fd_sc_hd__or2_1/X = 1             |  sky130_fd_sc_hd__or2_1/7 = 1             
  sky130_fd_sc_hd__or2_1/B = 1             |  sky130_fd_sc_hd__or2_1/2 = 1             
                                           |                                           
Net: lzc8:x1/lzc4:x1/x3/B                  |Net: lzc8:1/lzc4:1/net2                    
  sky130_fd_sc_hd__or2_1/X = 1             |  sky130_fd_sc_hd__or2_1/7 = 1             
  sky130_fd_sc_hd__or2_1/B = 1             |  sky130_fd_sc_hd__or2_1/2 = 1             
                                           |                                           
Net: lzc8:x2/x6/A0                         |Net: lzc8:2/net6                           
  sky130_fd_sc_hd__mux2_1/X = 1            |  sky130_fd_sc_hd__mux2_1/8 = 1            
  sky130_fd_sc_hd__mux2_1/A0 = 1           |  sky130_fd_sc_hd__mux2_1/2 = 1            
                                           |                                           
Net: lzc8:x1/x6/A0                         |Net: lzc8:1/net6                           
  sky130_fd_sc_hd__mux2_1/X = 1            |  sky130_fd_sc_hd__mux2_1/8 = 1            
  sky130_fd_sc_hd__mux2_1/A0 = 1           |  sky130_fd_sc_hd__mux2_1/2 = 1            
                                           |                                           
Net: lzc8:x2/x3/B                          |Net: lzc8:2/net3                           
  sky130_fd_sc_hd__or2_1/X = 1             |  sky130_fd_sc_hd__or2_1/7 = 1             
  sky130_fd_sc_hd__or2_1/B = 1             |  sky130_fd_sc_hd__or2_1/2 = 1             
                                           |                                           
Net: lzc8:x2/x6/A1                         |Net: lzc8:2/net5                           
  sky130_fd_sc_hd__mux2_1/X = 1            |  sky130_fd_sc_hd__mux2_1/8 = 1            
  sky130_fd_sc_hd__mux2_1/A1 = 1           |  sky130_fd_sc_hd__mux2_1/1 = 1            
                                           |                                           
Net: lzc8:x1/x6/A1                         |Net: lzc8:1/net5                           
  sky130_fd_sc_hd__mux2_1/X = 1            |  sky130_fd_sc_hd__mux2_1/8 = 1            
  sky130_fd_sc_hd__mux2_1/A1 = 1           |  sky130_fd_sc_hd__mux2_1/1 = 1            
                                           |                                           
Net: lzc8:x1/x3/B                          |Net: lzc8:1/net3                           
  sky130_fd_sc_hd__or2_1/X = 1             |  sky130_fd_sc_hd__or2_1/7 = 1             
  sky130_fd_sc_hd__or2_1/B = 1             |  sky130_fd_sc_hd__or2_1/2 = 1             
                                           |                                           
Net: x7/X                                  |Net: net9                                  
  sky130_fd_sc_hd__mux2_1/X = 1            |  sky130_fd_sc_hd__mux2_1/8 = 1            
  sky130_fd_sc_hd__and2_1/A = 1            |  sky130_fd_sc_hd__and2_1/1 = 1            
                                           |                                           
Net: x6/X                                  |Net: net10                                 
  sky130_fd_sc_hd__mux2_1/X = 1            |  sky130_fd_sc_hd__mux2_1/8 = 1            
  sky130_fd_sc_hd__and2_1/A = 1            |  sky130_fd_sc_hd__and2_1/1 = 1            
                                           |                                           
Net: x9/A                                  |Net: net11                                 
  sky130_fd_sc_hd__mux2_1/X = 1            |  sky130_fd_sc_hd__mux2_1/8 = 1            
  sky130_fd_sc_hd__and2_1/A = 1            |  sky130_fd_sc_hd__and2_1/1 = 1            
                                           |                                           
Net: x5/A1                                 |Net: net7                                  
  sky130_fd_sc_hd__mux2_1/X = 1            |  sky130_fd_sc_hd__mux2_1/8 = 1            
  sky130_fd_sc_hd__mux2_1/A1 = 1           |  sky130_fd_sc_hd__mux2_1/2 = 1            
                                           |                                           
Net: x3/B                                  |Net: net5                                  
  sky130_fd_sc_hd__or2_1/X = 1             |  sky130_fd_sc_hd__mux2_1/8 = 1            
  sky130_fd_sc_hd__or2_1/B = 1             |  sky130_fd_sc_hd__mux2_1/2 = 1            
                                           |                                           
Net: x6/A1                                 |Net: net13                                 
  sky130_fd_sc_hd__mux2_1/X = 1            |  sky130_fd_sc_hd__or2_1/7 = 1             
  sky130_fd_sc_hd__mux2_1/A1 = 1           |  sky130_fd_sc_hd__or2_1/2 = 1             
                                           |                                           
Net: A[1]                                  |Net: A[1]                                  
  sky130_fd_sc_hd__or2_1/A = 1             |  sky130_fd_sc_hd__or2_1/1 = 1             
  sky130_fd_sc_hd__inv_1/A = 1             |  sky130_fd_sc_hd__inv_1/1 = 1             
                                           |                                           
Net: A[5]                                  |Net: A[5]                                  
  sky130_fd_sc_hd__or2_1/A = 1             |  sky130_fd_sc_hd__or2_1/1 = 1             
  sky130_fd_sc_hd__inv_1/A = 1             |  sky130_fd_sc_hd__inv_1/1 = 1             
                                           |                                           
Net: A[9]                                  |Net: A[9]                                  
  sky130_fd_sc_hd__or2_1/A = 1             |  sky130_fd_sc_hd__or2_1/1 = 1             
  sky130_fd_sc_hd__inv_1/A = 1             |  sky130_fd_sc_hd__inv_1/1 = 1             
                                           |                                           
Net: A[13]                                 |Net: A[13]                                 
  sky130_fd_sc_hd__or2_1/A = 1             |  sky130_fd_sc_hd__or2_1/1 = 1             
  sky130_fd_sc_hd__inv_1/A = 1             |  sky130_fd_sc_hd__inv_1/1 = 1             
                                           |                                           
Net: A[3]                                  |Net: A[3]                                  
  sky130_fd_sc_hd__or2_1/A = 1             |  sky130_fd_sc_hd__or2_1/1 = 1             
  sky130_fd_sc_hd__inv_1/A = 1             |  sky130_fd_sc_hd__inv_1/1 = 1             
                                           |                                           
Net: A[7]                                  |Net: A[7]                                  
  sky130_fd_sc_hd__or2_1/A = 1             |  sky130_fd_sc_hd__or2_1/1 = 1             
  sky130_fd_sc_hd__inv_1/A = 1             |  sky130_fd_sc_hd__inv_1/1 = 1             
                                           |                                           
Net: A[11]                                 |Net: A[11]                                 
  sky130_fd_sc_hd__or2_1/A = 1             |  sky130_fd_sc_hd__or2_1/1 = 1             
  sky130_fd_sc_hd__inv_1/A = 1             |  sky130_fd_sc_hd__inv_1/1 = 1             
                                           |                                           
Net: A[15]                                 |Net: A[15]                                 
  sky130_fd_sc_hd__or2_1/A = 1             |  sky130_fd_sc_hd__or2_1/1 = 1             
  sky130_fd_sc_hd__inv_1/A = 1             |  sky130_fd_sc_hd__inv_1/1 = 1             
                                           |                                           
Net: x6/A0                                 |Net: net6                                  
  sky130_fd_sc_hd__mux2_1/X = 1            |  sky130_fd_sc_hd__mux2_1/8 = 1            
  sky130_fd_sc_hd__mux2_1/A0 = 1           |  sky130_fd_sc_hd__mux2_1/1 = 1            
                                           |                                           
Net: x5/A0                                 |Net: net4                                  
  sky130_fd_sc_hd__mux2_1/X = 1            |  sky130_fd_sc_hd__mux2_1/8 = 1            
  sky130_fd_sc_hd__mux2_1/A0 = 1           |  sky130_fd_sc_hd__mux2_1/1 = 1            
---------------------------------------------------------------------------------------

---------------------------------------------------------------------------------------
Net: lzc8:x2/lzc4:x2/x4/A                  |Net: lzc8:2/lzc4:2/net1                    
  sky130_fd_sc_hd__or2_1/X = 1             |  sky130_fd_sc_hd__or2_1/7 = 1             
  sky130_fd_sc_hd__or2_1/A = 1             |  sky130_fd_sc_hd__or2_1/1 = 1             
  sky130_fd_sc_hd__inv_1/A = 1             |  sky130_fd_sc_hd__inv_1/1 = 1             
                                           |                                           
Net: lzc8:x1/lzc4:x2/x4/A                  |Net: lzc8:1/lzc4:2/net1                    
  sky130_fd_sc_hd__or2_1/X = 1             |  sky130_fd_sc_hd__or2_1/7 = 1             
  sky130_fd_sc_hd__or2_1/A = 1             |  sky130_fd_sc_hd__or2_1/1 = 1             
  sky130_fd_sc_hd__inv_1/A = 1             |  sky130_fd_sc_hd__inv_1/1 = 1             
                                           |                                           
Net: lzc8:x2/lzc4:x1/x4/A                  |Net: lzc8:2/lzc4:1/net1                    
  sky130_fd_sc_hd__or2_1/X = 1             |  sky130_fd_sc_hd__or2_1/7 = 1             
  sky130_fd_sc_hd__or2_1/A = 1             |  sky130_fd_sc_hd__or2_1/1 = 1             
  sky130_fd_sc_hd__inv_1/A = 1             |  sky130_fd_sc_hd__inv_1/1 = 1             
                                           |                                           
Net: lzc8:x1/lzc4:x1/x4/A                  |Net: lzc8:1/lzc4:1/net1                    
  sky130_fd_sc_hd__or2_1/X = 1             |  sky130_fd_sc_hd__or2_1/7 = 1             
  sky130_fd_sc_hd__or2_1/A = 1             |  sky130_fd_sc_hd__or2_1/1 = 1             
  sky130_fd_sc_hd__inv_1/A = 1             |  sky130_fd_sc_hd__inv_1/1 = 1             
                                           |                                           
Net: lzc8:x2/x4/A                          |Net: lzc8:2/net4                           
  sky130_fd_sc_hd__or2_1/X = 1             |  sky130_fd_sc_hd__inv_1/6 = 1             
  sky130_fd_sc_hd__or2_1/A = 1             |  sky130_fd_sc_hd__mux2_1/3 = 1            
  sky130_fd_sc_hd__inv_1/A = 1             |  sky130_fd_sc_hd__mux2_1/2 = 1            
                                           |                                           
Net: lzc8:x2/x5/A0                         |Net: lzc8:1/net4                           
  sky130_fd_sc_hd__inv_1/Y = 1             |  sky130_fd_sc_hd__inv_1/6 = 1             
  sky130_fd_sc_hd__mux2_1/S = 1            |  sky130_fd_sc_hd__mux2_1/3 = 1            
  sky130_fd_sc_hd__mux2_1/A0 = 1           |  sky130_fd_sc_hd__mux2_1/2 = 1            
                                           |                                           
Net: lzc8:x1/x5/A0                         |Net: lzc8:2/net2                           
  sky130_fd_sc_hd__inv_1/Y = 1             |  sky130_fd_sc_hd__inv_1/6 = 1             
  sky130_fd_sc_hd__mux2_1/S = 1            |  sky130_fd_sc_hd__mux2_1/3 = 1            
  sky130_fd_sc_hd__mux2_1/A0 = 1           |  sky130_fd_sc_hd__mux2_1/1 = 1            
                                           |                                           
Net: lzc8:x2/x5/A1                         |Net: lzc8:1/net2                           
  sky130_fd_sc_hd__inv_1/Y = 1             |  sky130_fd_sc_hd__inv_1/6 = 1             
  sky130_fd_sc_hd__mux2_1/S = 1            |  sky130_fd_sc_hd__mux2_1/3 = 1            
  sky130_fd_sc_hd__mux2_1/A1 = 1           |  sky130_fd_sc_hd__mux2_1/1 = 1            
                                           |                                           
Net: lzc8:x1/x5/A1                         |Net: lzc8:2/net1                           
  sky130_fd_sc_hd__inv_1/Y = 1             |  sky130_fd_sc_hd__or2_1/7 = 1             
  sky130_fd_sc_hd__mux2_1/S = 1            |  sky130_fd_sc_hd__or2_1/1 = 1             
  sky130_fd_sc_hd__mux2_1/A1 = 1           |  sky130_fd_sc_hd__inv_1/1 = 1             
                                           |                                           
Net: lzc8:x1/x4/A                          |Net: lzc8:1/net1                           
  sky130_fd_sc_hd__or2_1/X = 1             |  sky130_fd_sc_hd__or2_1/7 = 1             
  sky130_fd_sc_hd__or2_1/A = 1             |  sky130_fd_sc_hd__or2_1/1 = 1             
  sky130_fd_sc_hd__inv_1/A = 1             |  sky130_fd_sc_hd__inv_1/1 = 1             
                                           |                                           
Net: x4/A                                  |Net: net1                                  
  sky130_fd_sc_hd__or2_1/X = 1             |  sky130_fd_sc_hd__or2_1/7 = 1             
  sky130_fd_sc_hd__or2_1/A = 1             |  sky130_fd_sc_hd__or2_1/1 = 1             
  sky130_fd_sc_hd__inv_1/A = 1             |  sky130_fd_sc_hd__inv_1/1 = 1             
---------------------------------------------------------------------------------------

---------------------------------------------------------------------------------------
Net: x7/A1                                 |Net: net3                                  
  sky130_fd_sc_hd__inv_1/Y = 1             |  sky130_fd_sc_hd__inv_1/6 = 1             
  sky130_fd_sc_hd__mux2_1/S = 2            |  sky130_fd_sc_hd__mux2_1/3 = 2            
  sky130_fd_sc_hd__mux2_1/A1 = 1           |  sky130_fd_sc_hd__mux2_1/2 = 1            
                                           |                                           
Net: x7/A0                                 |Net: net2                                  
  sky130_fd_sc_hd__inv_1/Y = 1             |  sky130_fd_sc_hd__inv_1/6 = 1             
  sky130_fd_sc_hd__mux2_1/S = 2            |  sky130_fd_sc_hd__mux2_1/3 = 2            
  sky130_fd_sc_hd__mux2_1/A0 = 1           |  sky130_fd_sc_hd__mux2_1/1 = 1            
---------------------------------------------------------------------------------------
DEVICE mismatches: Class fragments follow (with node fanout counts):
Circuit 1: lzc16                           |Circuit 2: lzc16                           

---------------------------------------------------------------------------------------
Instance: sky130_fd_sc_hd__and2_1:x11      |Instance: sky130_fd_sc_hd__and2_1:11       
  A = 2                                    |  proxyA = 1                               
  B = 6                                    |  proxyB = 1                               
  VGND = 92                                |  proxyVGND = 1                            
  VNB = 92                                 |  proxyVNB = 1                             
  VPB = 92                                 |  proxyVPB = 1                             
  VPWR = 92                                |  proxyVPWR = 1                            
  X = 1                                    |  proxyX = 1                               
  proxy1 = 1                               |  1 = 2                                    
  proxy2 = 1                               |  2 = 6                                    
  proxy3 = 1                               |  3 = 92                                   
  proxy4 = 1                               |  4 = 92                                   
  proxy5 = 1                               |  5 = 92                                   
  proxy6 = 1                               |  6 = 92                                   
  proxy7 = 1                               |  7 = 1                                    
                                           |                                           
Instance: sky130_fd_sc_hd__and2_1:x10      |Instance: sky130_fd_sc_hd__and2_1:10       
  A = 2                                    |  proxyA = 1                               
  B = 6                                    |  proxyB = 1                               
  VGND = 92                                |  proxyVGND = 1                            
  VNB = 92                                 |  proxyVNB = 1                             
  VPB = 92                                 |  proxyVPB = 1                             
  VPWR = 92                                |  proxyVPWR = 1                            
  X = 1                                    |  proxyX = 1                               
  proxy1 = 1                               |  1 = 2                                    
  proxy2 = 1                               |  2 = 6                                    
  proxy3 = 1                               |  3 = 92                                   
  proxy4 = 1                               |  4 = 92                                   
  proxy5 = 1                               |  5 = 92                                   
  proxy6 = 1                               |  6 = 92                                   
  proxy7 = 1                               |  7 = 1                                    
                                           |                                           
Instance: sky130_fd_sc_hd__and2_1:x9       |Instance: sky130_fd_sc_hd__and2_1:9        
  A = 2                                    |  proxyA = 1                               
  B = 6                                    |  proxyB = 1                               
  VGND = 92                                |  proxyVGND = 1                            
  VNB = 92                                 |  proxyVNB = 1                             
  VPB = 92                                 |  proxyVPB = 1                             
  VPWR = 92                                |  proxyVPWR = 1                            
  X = 1                                    |  proxyX = 1                               
  proxy1 = 1                               |  1 = 2                                    
  proxy2 = 1                               |  2 = 6                                    
  proxy3 = 1                               |  3 = 92                                   
  proxy4 = 1                               |  4 = 92                                   
  proxy5 = 1                               |  5 = 92                                   
  proxy6 = 1                               |  6 = 92                                   
  proxy7 = 1                               |  7 = 1                                    
                                           |                                           
Instance: sky130_fd_sc_hd__and2_1:x8       |Instance: sky130_fd_sc_hd__and2_1:8        
  A = 5                                    |  proxyA = 1                               
  B = 6                                    |  proxyB = 1                               
  VGND = 92                                |  proxyVGND = 1                            
  VNB = 92                                 |  proxyVNB = 1                             
  VPB = 92                                 |  proxyVPB = 1                             
  VPWR = 92                                |  proxyVPWR = 1                            
  X = 1                                    |  proxyX = 1                               
  proxy1 = 1                               |  1 = 5                                    
  proxy2 = 1                               |  2 = 6                                    
  proxy3 = 1                               |  3 = 92                                   
  proxy4 = 1                               |  4 = 92                                   
  proxy5 = 1                               |  5 = 92                                   
  proxy6 = 1                               |  6 = 92                                   
  proxy7 = 1                               |  7 = 1                                    
---------------------------------------------------------------------------------------

---------------------------------------------------------------------------------------
Instance: sky130_fd_sc_hd__mux2_1:x7       |Instance: sky130_fd_sc_hd__mux2_1:7        
  A0 = 4                                   |  proxyA0 = 1                              
  A1 = 4                                   |  proxyA1 = 1                              
  S = 5                                    |  proxyS = 1                               
  VGND = 92                                |  proxyVGND = 1                            
  VNB = 92                                 |  proxyVNB = 1                             
  VPB = 92                                 |  proxyVPB = 1                             
  VPWR = 92                                |  proxyVPWR = 1                            
  X = 2                                    |  proxyX = 1                               
  proxy1 = 1                               |  1 = 4                                    
  proxy2 = 1                               |  2 = 4                                    
  proxy3 = 1                               |  3 = 5                                    
  proxy4 = 1                               |  4 = 92                                   
  proxy5 = 1                               |  5 = 92                                   
  proxy6 = 1                               |  6 = 92                                   
  proxy7 = 1                               |  7 = 92                                   
  proxy8 = 1                               |  8 = 2                                    
                                           |                                           
Instance: sky130_fd_sc_hd__mux2_1:x6       |Instance: sky130_fd_sc_hd__mux2_1:6        
  A0 = 2                                   |  proxyA0 = 1                              
  A1 = 2                                   |  proxyA1 = 1                              
  S = 5                                    |  proxyS = 1                               
  VGND = 92                                |  proxyVGND = 1                            
  VNB = 92                                 |  proxyVNB = 1                             
  VPB = 92                                 |  proxyVPB = 1                             
  VPWR = 92                                |  proxyVPWR = 1                            
  X = 2                                    |  proxyX = 1                               
  proxy1 = 1                               |  1 = 2                                    
  proxy2 = 1                               |  2 = 2                                    
  proxy3 = 1                               |  3 = 5                                    
  proxy4 = 1                               |  4 = 92                                   
  proxy5 = 1                               |  5 = 92                                   
  proxy6 = 1                               |  6 = 92                                   
  proxy7 = 1                               |  7 = 92                                   
  proxy8 = 1                               |  8 = 2                                    
                                           |                                           
Instance: sky130_fd_sc_hd__mux2_1:x5       |Instance: sky130_fd_sc_hd__mux2_1:5        
  A0 = 2                                   |  proxyA0 = 1                              
  A1 = 2                                   |  proxyA1 = 1                              
  S = 5                                    |  proxyS = 1                               
  VGND = 92                                |  proxyVGND = 1                            
  VNB = 92                                 |  proxyVNB = 1                             
  VPB = 92                                 |  proxyVPB = 1                             
  VPWR = 92                                |  proxyVPWR = 1                            
  X = 2                                    |  proxyX = 1                               
  proxy1 = 1                               |  1 = 2                                    
  proxy2 = 1                               |  2 = 2                                    
  proxy3 = 1                               |  3 = 5                                    
  proxy4 = 1                               |  4 = 92                                   
  proxy5 = 1                               |  5 = 92                                   
  proxy6 = 1                               |  6 = 92                                   
  proxy7 = 1                               |  7 = 92                                   
  proxy8 = 1                               |  8 = 2                                    
                                           |                                           
Instance: lzc8:x2/sky130_fd_sc_hd__mux2_1: |Instance: lzc8:2/sky130_fd_sc_hd__mux2_1:6 
  A0 = 2                                   |  proxyA0 = 1                              
  A1 = 2                                   |  proxyA1 = 1                              
  S = 4                                    |  proxyS = 1                               
  VGND = 92                                |  proxyVGND = 1                            
  VNB = 92                                 |  proxyVNB = 1                             
  VPB = 92                                 |  proxyVPB = 1                             
  VPWR = 92                                |  proxyVPWR = 1                            
  X = 2                                    |  proxyX = 1                               
  proxy1 = 1                               |  1 = 2                                    
  proxy2 = 1                               |  2 = 2                                    
  proxy3 = 1                               |  3 = 4                                    
  proxy4 = 1                               |  4 = 92                                   
  proxy5 = 1                               |  5 = 92                                   
  proxy6 = 1                               |  6 = 92                                   
  proxy7 = 1                               |  7 = 92                                   
  proxy8 = 1                               |  8 = 2                                    
                                           |                                           
Instance: lzc8:x1/sky130_fd_sc_hd__mux2_1: |Instance: lzc8:1/sky130_fd_sc_hd__mux2_1:6 
  A0 = 2                                   |  proxyA0 = 1                              
  A1 = 2                                   |  proxyA1 = 1                              
  S = 4                                    |  proxyS = 1                               
  VGND = 92                                |  proxyVGND = 1                            
  VNB = 92                                 |  proxyVNB = 1                             
  VPB = 92                                 |  proxyVPB = 1                             
  VPWR = 92                                |  proxyVPWR = 1                            
  X = 2                                    |  proxyX = 1                               
  proxy1 = 1                               |  1 = 2                                    
  proxy2 = 1                               |  2 = 2                                    
  proxy3 = 1                               |  3 = 4                                    
  proxy4 = 1                               |  4 = 92                                   
  proxy5 = 1                               |  5 = 92                                   
  proxy6 = 1                               |  6 = 92                                   
  proxy7 = 1                               |  7 = 92                                   
  proxy8 = 1                               |  8 = 2                                    
                                           |                                           
Instance: lzc8:x2/sky130_fd_sc_hd__mux2_1: |Instance: lzc8:2/sky130_fd_sc_hd__mux2_1:5 
  A0 = 3                                   |  proxyA0 = 1                              
  A1 = 3                                   |  proxyA1 = 1                              
  S = 4                                    |  proxyS = 1                               
  VGND = 92                                |  proxyVGND = 1                            
  VNB = 92                                 |  proxyVNB = 1                             
  VPB = 92                                 |  proxyVPB = 1                             
  VPWR = 92                                |  proxyVPWR = 1                            
  X = 2                                    |  proxyX = 1                               
  proxy1 = 1                               |  1 = 3                                    
  proxy2 = 1                               |  2 = 3                                    
  proxy3 = 1                               |  3 = 4                                    
  proxy4 = 1                               |  4 = 92                                   
  proxy5 = 1                               |  5 = 92                                   
  proxy6 = 1                               |  6 = 92                                   
  proxy7 = 1                               |  7 = 92                                   
  proxy8 = 1                               |  8 = 2                                    
                                           |                                           
Instance: lzc8:x1/sky130_fd_sc_hd__mux2_1: |Instance: lzc8:1/sky130_fd_sc_hd__mux2_1:5 
  A0 = 3                                   |  proxyA0 = 1                              
  A1 = 3                                   |  proxyA1 = 1                              
  S = 4                                    |  proxyS = 1                               
  VGND = 92                                |  proxyVGND = 1                            
  VNB = 92                                 |  proxyVNB = 1                             
  VPB = 92                                 |  proxyVPB = 1                             
  VPWR = 92                                |  proxyVPWR = 1                            
  X = 2                                    |  proxyX = 1                               
  proxy1 = 1                               |  1 = 3                                    
  proxy2 = 1                               |  2 = 3                                    
  proxy3 = 1                               |  3 = 4                                    
  proxy4 = 1                               |  4 = 92                                   
  proxy5 = 1                               |  5 = 92                                   
  proxy6 = 1                               |  6 = 92                                   
  proxy7 = 1                               |  7 = 92                                   
  proxy8 = 1                               |  8 = 2                                    
                                           |                                           
Instance: lzc8:x2/lzc4:x2/sky130_fd_sc_hd_ |Instance: lzc8:2/lzc4:2/sky130_fd_sc_hd__m 
  A0 = 2                                   |  proxyA0 = 1                              
  A1 = 2                                   |  proxyA1 = 1                              
  S = 3                                    |  proxyS = 1                               
  VGND = 92                                |  proxyVGND = 1                            
  VNB = 92                                 |  proxyVNB = 1                             
  VPB = 92                                 |  proxyVPB = 1                             
  VPWR = 92                                |  proxyVPWR = 1                            
  X = 2                                    |  proxyX = 1                               
  proxy1 = 1                               |  1 = 2                                    
  proxy2 = 1                               |  2 = 2                                    
  proxy3 = 1                               |  3 = 3                                    
  proxy4 = 1                               |  4 = 92                                   
  proxy5 = 1                               |  5 = 92                                   
  proxy6 = 1                               |  6 = 92                                   
  proxy7 = 1                               |  7 = 92                                   
  proxy8 = 1                               |  8 = 2                                    
                                           |                                           
Instance: lzc8:x2/lzc4:x1/sky130_fd_sc_hd_ |Instance: lzc8:2/lzc4:1/sky130_fd_sc_hd__m 
  A0 = 2                                   |  proxyA0 = 1                              
  A1 = 2                                   |  proxyA1 = 1                              
  S = 3                                    |  proxyS = 1                               
  VGND = 92                                |  proxyVGND = 1                            
  VNB = 92                                 |  proxyVNB = 1                             
  VPB = 92                                 |  proxyVPB = 1                             
  VPWR = 92                                |  proxyVPWR = 1                            
  X = 2                                    |  proxyX = 1                               
  proxy1 = 1                               |  1 = 2                                    
  proxy2 = 1                               |  2 = 2                                    
  proxy3 = 1                               |  3 = 3                                    
  proxy4 = 1                               |  4 = 92                                   
  proxy5 = 1                               |  5 = 92                                   
  proxy6 = 1                               |  6 = 92                                   
  proxy7 = 1                               |  7 = 92                                   
  proxy8 = 1                               |  8 = 2                                    
                                           |                                           
Instance: lzc8:x1/lzc4:x2/sky130_fd_sc_hd_ |Instance: lzc8:1/lzc4:2/sky130_fd_sc_hd__m 
  A0 = 2                                   |  proxyA0 = 1                              
  A1 = 2                                   |  proxyA1 = 1                              
  S = 3                                    |  proxyS = 1                               
  VGND = 92                                |  proxyVGND = 1                            
  VNB = 92                                 |  proxyVNB = 1                             
  VPB = 92                                 |  proxyVPB = 1                             
  VPWR = 92                                |  proxyVPWR = 1                            
  X = 2                                    |  proxyX = 1                               
  proxy1 = 1                               |  1 = 2                                    
  proxy2 = 1                               |  2 = 2                                    
  proxy3 = 1                               |  3 = 3                                    
  proxy4 = 1                               |  4 = 92                                   
  proxy5 = 1                               |  5 = 92                                   
  proxy6 = 1                               |  6 = 92                                   
  proxy7 = 1                               |  7 = 92                                   
  proxy8 = 1                               |  8 = 2                                    
                                           |                                           
Instance: lzc8:x1/lzc4:x1/sky130_fd_sc_hd_ |Instance: lzc8:1/lzc4:1/sky130_fd_sc_hd__m 
  A0 = 2                                   |  proxyA0 = 1                              
  A1 = 2                                   |  proxyA1 = 1                              
  S = 3                                    |  proxyS = 1                               
  VGND = 92                                |  proxyVGND = 1                            
  VNB = 92                                 |  proxyVNB = 1                             
  VPB = 92                                 |  proxyVPB = 1                             
  VPWR = 92                                |  proxyVPWR = 1                            
  X = 2                                    |  proxyX = 1                               
  proxy1 = 1                               |  1 = 2                                    
  proxy2 = 1                               |  2 = 2                                    
  proxy3 = 1                               |  3 = 3                                    
  proxy4 = 1                               |  4 = 92                                   
  proxy5 = 1                               |  5 = 92                                   
  proxy6 = 1                               |  6 = 92                                   
  proxy7 = 1                               |  7 = 92                                   
  proxy8 = 1                               |  8 = 2                                    
---------------------------------------------------------------------------------------

---------------------------------------------------------------------------------------
Instance: sky130_fd_sc_hd__inv_1:x12       |Instance: sky130_fd_sc_hd__inv_1:12        
  A = 6                                    |  proxyA = 1                               
  VGND = 92                                |  proxyVGND = 1                            
  VNB = 92                                 |  proxyVNB = 1                             
  VPB = 92                                 |  proxyVPB = 1                             
  VPWR = 92                                |  proxyVPWR = 1                            
  Y = 1                                    |  proxyY = 1                               
  proxy1 = 1                               |  1 = 6                                    
  proxy2 = 1                               |  2 = 92                                   
  proxy3 = 1                               |  3 = 92                                   
  proxy4 = 1                               |  4 = 92                                   
  proxy5 = 1                               |  5 = 92                                   
  proxy6 = 1                               |  6 = 1                                    
                                           |                                           
Instance: sky130_fd_sc_hd__inv_1:x4        |Instance: sky130_fd_sc_hd__inv_1:4         
  A = 3                                    |  proxyA = 1                               
  VGND = 92                                |  proxyVGND = 1                            
  VNB = 92                                 |  proxyVNB = 1                             
  VPB = 92                                 |  proxyVPB = 1                             
  VPWR = 92                                |  proxyVPWR = 1                            
  Y = 5                                    |  proxyY = 1                               
  proxy1 = 1                               |  1 = 3                                    
  proxy2 = 1                               |  2 = 92                                   
  proxy3 = 1                               |  3 = 92                                   
  proxy4 = 1                               |  4 = 92                                   
  proxy5 = 1                               |  5 = 92                                   
  proxy6 = 1                               |  6 = 5                                    
                                           |                                           
Instance: lzc8:x2/sky130_fd_sc_hd__inv_1:x |Instance: lzc8:2/sky130_fd_sc_hd__inv_1:4  
  A = 3                                    |  proxyA = 1                               
  VGND = 92                                |  proxyVGND = 1                            
  VNB = 92                                 |  proxyVNB = 1                             
  VPB = 92                                 |  proxyVPB = 1                             
  VPWR = 92                                |  proxyVPWR = 1                            
  Y = 4                                    |  proxyY = 1                               
  proxy1 = 1                               |  1 = 3                                    
  proxy2 = 1                               |  2 = 92                                   
  proxy3 = 1                               |  3 = 92                                   
  proxy4 = 1                               |  4 = 92                                   
  proxy5 = 1                               |  5 = 92                                   
  proxy6 = 1                               |  6 = 4                                    
                                           |                                           
Instance: lzc8:x1/sky130_fd_sc_hd__inv_1:x |Instance: lzc8:1/sky130_fd_sc_hd__inv_1:4  
  A = 3                                    |  proxyA = 1                               
  VGND = 92                                |  proxyVGND = 1                            
  VNB = 92                                 |  proxyVNB = 1                             
  VPB = 92                                 |  proxyVPB = 1                             
  VPWR = 92                                |  proxyVPWR = 1                            
  Y = 4                                    |  proxyY = 1                               
  proxy1 = 1                               |  1 = 3                                    
  proxy2 = 1                               |  2 = 92                                   
  proxy3 = 1                               |  3 = 92                                   
  proxy4 = 1                               |  4 = 92                                   
  proxy5 = 1                               |  5 = 92                                   
  proxy6 = 1                               |  6 = 4                                    
                                           |                                           
Instance: lzc8:x2/lzc4:x2/sky130_fd_sc_hd_ |Instance: lzc8:2/lzc4:2/sky130_fd_sc_hd__i 
  A = 3                                    |  proxyA = 1                               
  VGND = 92                                |  proxyVGND = 1                            
  VNB = 92                                 |  proxyVNB = 1                             
  VPB = 92                                 |  proxyVPB = 1                             
  VPWR = 92                                |  proxyVPWR = 1                            
  Y = 3                                    |  proxyY = 1                               
  proxy1 = 1                               |  1 = 3                                    
  proxy2 = 1                               |  2 = 92                                   
  proxy3 = 1                               |  3 = 92                                   
  proxy4 = 1                               |  4 = 92                                   
  proxy5 = 1                               |  5 = 92                                   
  proxy6 = 1                               |  6 = 3                                    
                                           |                                           
Instance: lzc8:x2/lzc4:x1/sky130_fd_sc_hd_ |Instance: lzc8:2/lzc4:1/sky130_fd_sc_hd__i 
  A = 3                                    |  proxyA = 1                               
  VGND = 92                                |  proxyVGND = 1                            
  VNB = 92                                 |  proxyVNB = 1                             
  VPB = 92                                 |  proxyVPB = 1                             
  VPWR = 92                                |  proxyVPWR = 1                            
  Y = 3                                    |  proxyY = 1                               
  proxy1 = 1                               |  1 = 3                                    
  proxy2 = 1                               |  2 = 92                                   
  proxy3 = 1                               |  3 = 92                                   
  proxy4 = 1                               |  4 = 92                                   
  proxy5 = 1                               |  5 = 92                                   
  proxy6 = 1                               |  6 = 3                                    
                                           |                                           
Instance: lzc8:x1/lzc4:x2/sky130_fd_sc_hd_ |Instance: lzc8:1/lzc4:2/sky130_fd_sc_hd__i 
  A = 3                                    |  proxyA = 1                               
  VGND = 92                                |  proxyVGND = 1                            
  VNB = 92                                 |  proxyVNB = 1                             
  VPB = 92                                 |  proxyVPB = 1                             
  VPWR = 92                                |  proxyVPWR = 1                            
  Y = 3                                    |  proxyY = 1                               
  proxy1 = 1                               |  1 = 3                                    
  proxy2 = 1                               |  2 = 92                                   
  proxy3 = 1                               |  3 = 92                                   
  proxy4 = 1                               |  4 = 92                                   
  proxy5 = 1                               |  5 = 92                                   
  proxy6 = 1                               |  6 = 3                                    
                                           |                                           
Instance: lzc8:x1/lzc4:x1/sky130_fd_sc_hd_ |Instance: lzc8:1/lzc4:1/sky130_fd_sc_hd__i 
  A = 3                                    |  proxyA = 1                               
  VGND = 92                                |  proxyVGND = 1                            
  VNB = 92                                 |  proxyVNB = 1                             
  VPB = 92                                 |  proxyVPB = 1                             
  VPWR = 92                                |  proxyVPWR = 1                            
  Y = 3                                    |  proxyY = 1                               
  proxy1 = 1                               |  1 = 3                                    
  proxy2 = 1                               |  2 = 92                                   
  proxy3 = 1                               |  3 = 92                                   
  proxy4 = 1                               |  4 = 92                                   
  proxy5 = 1                               |  5 = 92                                   
  proxy6 = 1                               |  6 = 3                                    
                                           |                                           
Instance: lzc8:x2/lzc4:x2/lzc2:x2/sky130_f |Instance: lzc8:2/lzc4:2/lzc2:2/sky130_fd_s 
  A = 2                                    |  proxyA = 1                               
  VGND = 92                                |  proxyVGND = 1                            
  VNB = 92                                 |  proxyVNB = 1                             
  VPB = 92                                 |  proxyVPB = 1                             
  VPWR = 92                                |  proxyVPWR = 1                            
  Y = 2                                    |  proxyY = 1                               
  proxy1 = 1                               |  1 = 2                                    
  proxy2 = 1                               |  2 = 92                                   
  proxy3 = 1                               |  3 = 92                                   
  proxy4 = 1                               |  4 = 92                                   
  proxy5 = 1                               |  5 = 92                                   
  proxy6 = 1                               |  6 = 2                                    
                                           |                                           
Instance: lzc8:x2/lzc4:x2/lzc2:x1/sky130_f |Instance: lzc8:2/lzc4:2/lzc2:1/sky130_fd_s 
  A = 2                                    |  proxyA = 1                               
  VGND = 92                                |  proxyVGND = 1                            
  VNB = 92                                 |  proxyVNB = 1                             
  VPB = 92                                 |  proxyVPB = 1                             
  VPWR = 92                                |  proxyVPWR = 1                            
  Y = 2                                    |  proxyY = 1                               
  proxy1 = 1                               |  1 = 2                                    
  proxy2 = 1                               |  2 = 92                                   
  proxy3 = 1                               |  3 = 92                                   
  proxy4 = 1                               |  4 = 92                                   
  proxy5 = 1                               |  5 = 92                                   
  proxy6 = 1                               |  6 = 2                                    
                                           |                                           
Instance: lzc8:x2/lzc4:x1/lzc2:x2/sky130_f |Instance: lzc8:2/lzc4:1/lzc2:2/sky130_fd_s 
  A = 2                                    |  proxyA = 1                               
  VGND = 92                                |  proxyVGND = 1                            
  VNB = 92                                 |  proxyVNB = 1                             
  VPB = 92                                 |  proxyVPB = 1                             
  VPWR = 92                                |  proxyVPWR = 1                            
  Y = 2                                    |  proxyY = 1                               
  proxy1 = 1                               |  1 = 2                                    
  proxy2 = 1                               |  2 = 92                                   
  proxy3 = 1                               |  3 = 92                                   
  proxy4 = 1                               |  4 = 92                                   
  proxy5 = 1                               |  5 = 92                                   
  proxy6 = 1                               |  6 = 2                                    
                                           |                                           
Instance: lzc8:x2/lzc4:x1/lzc2:x1/sky130_f |Instance: lzc8:2/lzc4:1/lzc2:1/sky130_fd_s 
  A = 2                                    |  proxyA = 1                               
  VGND = 92                                |  proxyVGND = 1                            
  VNB = 92                                 |  proxyVNB = 1                             
  VPB = 92                                 |  proxyVPB = 1                             
  VPWR = 92                                |  proxyVPWR = 1                            
  Y = 2                                    |  proxyY = 1                               
  proxy1 = 1                               |  1 = 2                                    
  proxy2 = 1                               |  2 = 92                                   
  proxy3 = 1                               |  3 = 92                                   
  proxy4 = 1                               |  4 = 92                                   
  proxy5 = 1                               |  5 = 92                                   
  proxy6 = 1                               |  6 = 2                                    
                                           |                                           
Instance: lzc8:x1/lzc4:x2/lzc2:x2/sky130_f |Instance: lzc8:1/lzc4:2/lzc2:2/sky130_fd_s 
  A = 2                                    |  proxyA = 1                               
  VGND = 92                                |  proxyVGND = 1                            
  VNB = 92                                 |  proxyVNB = 1                             
  VPB = 92                                 |  proxyVPB = 1                             
  VPWR = 92                                |  proxyVPWR = 1                            
  Y = 2                                    |  proxyY = 1                               
  proxy1 = 1                               |  1 = 2                                    
  proxy2 = 1                               |  2 = 92                                   
  proxy3 = 1                               |  3 = 92                                   
  proxy4 = 1                               |  4 = 92                                   
  proxy5 = 1                               |  5 = 92                                   
  proxy6 = 1                               |  6 = 2                                    
                                           |                                           
Instance: lzc8:x1/lzc4:x2/lzc2:x1/sky130_f |Instance: lzc8:1/lzc4:2/lzc2:1/sky130_fd_s 
  A = 2                                    |  proxyA = 1                               
  VGND = 92                                |  proxyVGND = 1                            
  VNB = 92                                 |  proxyVNB = 1                             
  VPB = 92                                 |  proxyVPB = 1                             
  VPWR = 92                                |  proxyVPWR = 1                            
  Y = 2                                    |  proxyY = 1                               
  proxy1 = 1                               |  1 = 2                                    
  proxy2 = 1                               |  2 = 92                                   
  proxy3 = 1                               |  3 = 92                                   
  proxy4 = 1                               |  4 = 92                                   
  proxy5 = 1                               |  5 = 92                                   
  proxy6 = 1                               |  6 = 2                                    
                                           |                                           
Instance: lzc8:x1/lzc4:x1/lzc2:x2/sky130_f |Instance: lzc8:1/lzc4:1/lzc2:2/sky130_fd_s 
  A = 2                                    |  proxyA = 1                               
  VGND = 92                                |  proxyVGND = 1                            
  VNB = 92                                 |  proxyVNB = 1                             
  VPB = 92                                 |  proxyVPB = 1                             
  VPWR = 92                                |  proxyVPWR = 1                            
  Y = 2                                    |  proxyY = 1                               
  proxy1 = 1                               |  1 = 2                                    
  proxy2 = 1                               |  2 = 92                                   
  proxy3 = 1                               |  3 = 92                                   
  proxy4 = 1                               |  4 = 92                                   
  proxy5 = 1                               |  5 = 92                                   
  proxy6 = 1                               |  6 = 2                                    
                                           |                                           
Instance: lzc8:x1/lzc4:x1/lzc2:x1/sky130_f |Instance: lzc8:1/lzc4:1/lzc2:1/sky130_fd_s 
  A = 2                                    |  proxyA = 1                               
  VGND = 92                                |  proxyVGND = 1                            
  VNB = 92                                 |  proxyVNB = 1                             
  VPB = 92                                 |  proxyVPB = 1                             
  VPWR = 92                                |  proxyVPWR = 1                            
  Y = 2                                    |  proxyY = 1                               
  proxy1 = 1                               |  1 = 2                                    
  proxy2 = 1                               |  2 = 92                                   
  proxy3 = 1                               |  3 = 92                                   
  proxy4 = 1                               |  4 = 92                                   
  proxy5 = 1                               |  5 = 92                                   
  proxy6 = 1                               |  6 = 2                                    
---------------------------------------------------------------------------------------

---------------------------------------------------------------------------------------
Instance: sky130_fd_sc_hd__or2_1:x3        |Instance: sky130_fd_sc_hd__or2_1:3         
  A = 3                                    |  proxyA = 1                               
  B = 2                                    |  proxyB = 1                               
  VGND = 92                                |  proxyVGND = 1                            
  VNB = 92                                 |  proxyVNB = 1                             
  VPB = 92                                 |  proxyVPB = 1                             
  VPWR = 92                                |  proxyVPWR = 1                            
  X = 6                                    |  proxyX = 1                               
  proxy1 = 1                               |  1 = 3                                    
  proxy2 = 1                               |  2 = 2                                    
  proxy3 = 1                               |  3 = 92                                   
  proxy4 = 1                               |  4 = 92                                   
  proxy5 = 1                               |  5 = 92                                   
  proxy6 = 1                               |  6 = 92                                   
  proxy7 = 1                               |  7 = 6                                    
                                           |                                           
Instance: lzc8:x2/sky130_fd_sc_hd__or2_1:x |Instance: lzc8:2/sky130_fd_sc_hd__or2_1:3  
  A = 3                                    |  proxyA = 1                               
  B = 2                                    |  proxyB = 1                               
  VGND = 92                                |  proxyVGND = 1                            
  VNB = 92                                 |  proxyVNB = 1                             
  VPB = 92                                 |  proxyVPB = 1                             
  VPWR = 92                                |  proxyVPWR = 1                            
  X = 2                                    |  proxyX = 1                               
  proxy1 = 1                               |  1 = 3                                    
  proxy2 = 1                               |  2 = 2                                    
  proxy3 = 1                               |  3 = 92                                   
  proxy4 = 1                               |  4 = 92                                   
  proxy5 = 1                               |  5 = 92                                   
  proxy6 = 1                               |  6 = 92                                   
  proxy7 = 1                               |  7 = 2                                    
                                           |                                           
Instance: lzc8:x2/lzc4:x1/sky130_fd_sc_hd_ |Instance: lzc8:2/lzc4:2/sky130_fd_sc_hd__o 
  A = 3                                    |  proxyA = 1                               
  B = 2                                    |  proxyB = 1                               
  VGND = 92                                |  proxyVGND = 1                            
  VNB = 92                                 |  proxyVNB = 1                             
  VPB = 92                                 |  proxyVPB = 1                             
  VPWR = 92                                |  proxyVPWR = 1                            
  X = 2                                    |  proxyX = 1                               
  proxy1 = 1                               |  1 = 3                                    
  proxy2 = 1                               |  2 = 2                                    
  proxy3 = 1                               |  3 = 92                                   
  proxy4 = 1                               |  4 = 92                                   
  proxy5 = 1                               |  5 = 92                                   
  proxy6 = 1                               |  6 = 92                                   
  proxy7 = 1                               |  7 = 2                                    
                                           |                                           
Instance: lzc8:x1/lzc4:x1/sky130_fd_sc_hd_ |Instance: lzc8:1/lzc4:2/sky130_fd_sc_hd__o 
  A = 3                                    |  proxyA = 1                               
  B = 2                                    |  proxyB = 1                               
  VGND = 92                                |  proxyVGND = 1                            
  VNB = 92                                 |  proxyVNB = 1                             
  VPB = 92                                 |  proxyVPB = 1                             
  VPWR = 92                                |  proxyVPWR = 1                            
  X = 2                                    |  proxyX = 1                               
  proxy1 = 1                               |  1 = 3                                    
  proxy2 = 1                               |  2 = 2                                    
  proxy3 = 1                               |  3 = 92                                   
  proxy4 = 1                               |  4 = 92                                   
  proxy5 = 1                               |  5 = 92                                   
  proxy6 = 1                               |  6 = 92                                   
  proxy7 = 1                               |  7 = 2                                    
                                           |                                           
Instance: lzc8:x2/lzc4:x2/sky130_fd_sc_hd_ |Instance: lzc8:2/lzc4:2/lzc2:2/sky130_fd_s 
  A = 3                                    |  proxyA = 1                               
  B = 2                                    |  proxyB = 1                               
  VGND = 92                                |  proxyVGND = 1                            
  VNB = 92                                 |  proxyVNB = 1                             
  VPB = 92                                 |  proxyVPB = 1                             
  VPWR = 92                                |  proxyVPWR = 1                            
  X = 3                                    |  proxyX = 1                               
  proxy1 = 1                               |  1 = 2                                    
  proxy2 = 1                               |  2 = 1                                    
  proxy3 = 1                               |  3 = 92                                   
  proxy4 = 1                               |  4 = 92                                   
  proxy5 = 1                               |  5 = 92                                   
  proxy6 = 1                               |  6 = 92                                   
  proxy7 = 1                               |  7 = 2                                    
                                           |                                           
Instance: lzc8:x1/sky130_fd_sc_hd__or2_1:x |Instance: lzc8:2/lzc4:1/lzc2:2/sky130_fd_s 
  A = 3                                    |  proxyA = 1                               
  B = 2                                    |  proxyB = 1                               
  VGND = 92                                |  proxyVGND = 1                            
  VNB = 92                                 |  proxyVNB = 1                             
  VPB = 92                                 |  proxyVPB = 1                             
  VPWR = 92                                |  proxyVPWR = 1                            
  X = 3                                    |  proxyX = 1                               
  proxy1 = 1                               |  1 = 2                                    
  proxy2 = 1                               |  2 = 1                                    
  proxy3 = 1                               |  3 = 92                                   
  proxy4 = 1                               |  4 = 92                                   
  proxy5 = 1                               |  5 = 92                                   
  proxy6 = 1                               |  6 = 92                                   
  proxy7 = 1                               |  7 = 2                                    
                                           |                                           
Instance: lzc8:x1/lzc4:x2/sky130_fd_sc_hd_ |Instance: lzc8:1/lzc4:2/lzc2:2/sky130_fd_s 
  A = 3                                    |  proxyA = 1                               
  B = 2                                    |  proxyB = 1                               
  VGND = 92                                |  proxyVGND = 1                            
  VNB = 92                                 |  proxyVNB = 1                             
  VPB = 92                                 |  proxyVPB = 1                             
  VPWR = 92                                |  proxyVPWR = 1                            
  X = 3                                    |  proxyX = 1                               
  proxy1 = 1                               |  1 = 2                                    
  proxy2 = 1                               |  2 = 1                                    
  proxy3 = 1                               |  3 = 92                                   
  proxy4 = 1                               |  4 = 92                                   
  proxy5 = 1                               |  5 = 92                                   
  proxy6 = 1                               |  6 = 92                                   
  proxy7 = 1                               |  7 = 2                                    
                                           |                                           
Instance: lzc8:x2/lzc4:x2/lzc2:x2/sky130_f |Instance: lzc8:1/lzc4:1/lzc2:2/sky130_fd_s 
  A = 2                                    |  proxyA = 1                               
  B = 1                                    |  proxyB = 1                               
  VGND = 92                                |  proxyVGND = 1                            
  VNB = 92                                 |  proxyVNB = 1                             
  VPB = 92                                 |  proxyVPB = 1                             
  VPWR = 92                                |  proxyVPWR = 1                            
  X = 2                                    |  proxyX = 1                               
  proxy1 = 1                               |  1 = 2                                    
  proxy2 = 1                               |  2 = 1                                    
  proxy3 = 1                               |  3 = 92                                   
  proxy4 = 1                               |  4 = 92                                   
  proxy5 = 1                               |  5 = 92                                   
  proxy6 = 1                               |  6 = 92                                   
  proxy7 = 1                               |  7 = 2                                    
                                           |                                           
Instance: lzc8:x2/lzc4:x1/lzc2:x2/sky130_f |Instance: lzc8:2/lzc4:2/lzc2:1/sky130_fd_s 
  A = 2                                    |  proxyA = 1                               
  B = 1                                    |  proxyB = 1                               
  VGND = 92                                |  proxyVGND = 1                            
  VNB = 92                                 |  proxyVNB = 1                             
  VPB = 92                                 |  proxyVPB = 1                             
  VPWR = 92                                |  proxyVPWR = 1                            
  X = 2                                    |  proxyX = 1                               
  proxy1 = 1                               |  1 = 2                                    
  proxy2 = 1                               |  2 = 1                                    
  proxy3 = 1                               |  3 = 92                                   
  proxy4 = 1                               |  4 = 92                                   
  proxy5 = 1                               |  5 = 92                                   
  proxy6 = 1                               |  6 = 92                                   
  proxy7 = 1                               |  7 = 3                                    
                                           |                                           
Instance: lzc8:x1/lzc4:x2/lzc2:x2/sky130_f |Instance: lzc8:2/lzc4:1/lzc2:1/sky130_fd_s 
  A = 2                                    |  proxyA = 1                               
  B = 1                                    |  proxyB = 1                               
  VGND = 92                                |  proxyVGND = 1                            
  VNB = 92                                 |  proxyVNB = 1                             
  VPB = 92                                 |  proxyVPB = 1                             
  VPWR = 92                                |  proxyVPWR = 1                            
  X = 2                                    |  proxyX = 1                               
  proxy1 = 1                               |  1 = 2                                    
  proxy2 = 1                               |  2 = 1                                    
  proxy3 = 1                               |  3 = 92                                   
  proxy4 = 1                               |  4 = 92                                   
  proxy5 = 1                               |  5 = 92                                   
  proxy6 = 1                               |  6 = 92                                   
  proxy7 = 1                               |  7 = 3                                    
                                           |                                           
Instance: lzc8:x1/lzc4:x1/lzc2:x2/sky130_f |Instance: lzc8:1/lzc4:2/lzc2:1/sky130_fd_s 
  A = 2                                    |  proxyA = 1                               
  B = 1                                    |  proxyB = 1                               
  VGND = 92                                |  proxyVGND = 1                            
  VNB = 92                                 |  proxyVNB = 1                             
  VPB = 92                                 |  proxyVPB = 1                             
  VPWR = 92                                |  proxyVPWR = 1                            
  X = 2                                    |  proxyX = 1                               
  proxy1 = 1                               |  1 = 2                                    
  proxy2 = 1                               |  2 = 1                                    
  proxy3 = 1                               |  3 = 92                                   
  proxy4 = 1                               |  4 = 92                                   
  proxy5 = 1                               |  5 = 92                                   
  proxy6 = 1                               |  6 = 92                                   
  proxy7 = 1                               |  7 = 3                                    
                                           |                                           
Instance: lzc8:x2/lzc4:x2/lzc2:x1/sky130_f |Instance: lzc8:1/lzc4:1/lzc2:1/sky130_fd_s 
  A = 2                                    |  proxyA = 1                               
  B = 1                                    |  proxyB = 1                               
  VGND = 92                                |  proxyVGND = 1                            
  VNB = 92                                 |  proxyVNB = 1                             
  VPB = 92                                 |  proxyVPB = 1                             
  VPWR = 92                                |  proxyVPWR = 1                            
  X = 3                                    |  proxyX = 1                               
  proxy1 = 1                               |  1 = 2                                    
  proxy2 = 1                               |  2 = 1                                    
  proxy3 = 1                               |  3 = 92                                   
  proxy4 = 1                               |  4 = 92                                   
  proxy5 = 1                               |  5 = 92                                   
  proxy6 = 1                               |  6 = 92                                   
  proxy7 = 1                               |  7 = 3                                    
                                           |                                           
Instance: lzc8:x2/lzc4:x1/lzc2:x1/sky130_f |Instance: lzc8:2/lzc4:1/sky130_fd_sc_hd__o 
  A = 2                                    |  proxyA = 1                               
  B = 1                                    |  proxyB = 1                               
  VGND = 92                                |  proxyVGND = 1                            
  VNB = 92                                 |  proxyVNB = 1                             
  VPB = 92                                 |  proxyVPB = 1                             
  VPWR = 92                                |  proxyVPWR = 1                            
  X = 3                                    |  proxyX = 1                               
  proxy1 = 1                               |  1 = 3                                    
  proxy2 = 1                               |  2 = 2                                    
  proxy3 = 1                               |  3 = 92                                   
  proxy4 = 1                               |  4 = 92                                   
  proxy5 = 1                               |  5 = 92                                   
  proxy6 = 1                               |  6 = 92                                   
  proxy7 = 1                               |  7 = 3                                    
                                           |                                           
Instance: lzc8:x1/lzc4:x2/lzc2:x1/sky130_f |Instance: lzc8:1/sky130_fd_sc_hd__or2_1:3  
  A = 2                                    |  proxyA = 1                               
  B = 1                                    |  proxyB = 1                               
  VGND = 92                                |  proxyVGND = 1                            
  VNB = 92                                 |  proxyVNB = 1                             
  VPB = 92                                 |  proxyVPB = 1                             
  VPWR = 92                                |  proxyVPWR = 1                            
  X = 3                                    |  proxyX = 1                               
  proxy1 = 1                               |  1 = 3                                    
  proxy2 = 1                               |  2 = 2                                    
  proxy3 = 1                               |  3 = 92                                   
  proxy4 = 1                               |  4 = 92                                   
  proxy5 = 1                               |  5 = 92                                   
  proxy6 = 1                               |  6 = 92                                   
  proxy7 = 1                               |  7 = 3                                    
                                           |                                           
Instance: lzc8:x1/lzc4:x1/lzc2:x1/sky130_f |Instance: lzc8:1/lzc4:1/sky130_fd_sc_hd__o 
  A = 2                                    |  proxyA = 1                               
  B = 1                                    |  proxyB = 1                               
  VGND = 92                                |  proxyVGND = 1                            
  VNB = 92                                 |  proxyVNB = 1                             
  VPB = 92                                 |  proxyVPB = 1                             
  VPWR = 92                                |  proxyVPWR = 1                            
  X = 3                                    |  proxyX = 1                               
  proxy1 = 1                               |  1 = 3                                    
  proxy2 = 1                               |  2 = 2                                    
  proxy3 = 1                               |  3 = 92                                   
  proxy4 = 1                               |  4 = 92                                   
  proxy5 = 1                               |  5 = 92                                   
  proxy6 = 1                               |  6 = 92                                   
  proxy7 = 1                               |  7 = 3                                    
---------------------------------------------------------------------------------------
Netlists do not match.
Port matching may fail to disambiguate symmetries.

Subcircuit pins:
Circuit 1: lzc16                           |Circuit 2: lzc16                           
-------------------------------------------|-------------------------------------------
VDD                                        |GND **Mismatch**                           
GND                                        |VDD **Mismatch**                           
Y[4]                                       |Y[4]                                       
Y[1]                                       |Y[0] **Mismatch**                          
Y[2]                                       |Y[1] **Mismatch**                          
Y[0]                                       |Y[2] **Mismatch**                          
Y[3]                                       |Y[3]                                       
A[0]                                       |A[0]                                       
A[4]                                       |A[4]                                       
A[8]                                       |A[8]                                       
A[12]                                      |A[12]                                      
A[2]                                       |A[2]                                       
A[6]                                       |A[6]                                       
A[10]                                      |A[10]                                      
A[14]                                      |A[14]                                      
A[1]                                       |(no pin, node is net7)                     
A[5]                                       |(no pin, node is net5)                     
A[9]                                       |(no pin, node is net13)                    
A[13]                                      |A[1] **Mismatch**                          
A[3]                                       |A[5] **Mismatch**                          
A[7]                                       |A[9] **Mismatch**                          
A[11]                                      |A[13] **Mismatch**                         
A[15]                                      |A[3] **Mismatch**                          
(no pin, node is x5/A0)                    |A[15]                                      
(no pin, node is x5/A0)                    |A[11]                                      
(no pin, node is x5/A0)                    |A[7]                                       
---------------------------------------------------------------------------------------
Cell pin lists for lzc16 and lzc16 altered to match.
Device classes lzc16 and lzc16 are equivalent.

Final result: Top level cell failed pin matching.
