#! /usr/bin/vvp
:ivl_version "11.0 (stable)";
:ivl_delay_selection "TYPICAL";
:vpi_time_precision - 12;
:vpi_module "/usr/lib/x86_64-linux-gnu/ivl/system.vpi";
:vpi_module "/usr/lib/x86_64-linux-gnu/ivl/vhdl_sys.vpi";
:vpi_module "/usr/lib/x86_64-linux-gnu/ivl/vhdl_textio.vpi";
:vpi_module "/usr/lib/x86_64-linux-gnu/ivl/v2005_math.vpi";
:vpi_module "/usr/lib/x86_64-linux-gnu/ivl/va_math.vpi";
S_0x56368453d890 .scope module, "sky130_ef_sc_hd__decap_12" "sky130_ef_sc_hd__decap_12" 2 72;
 .timescale -9 -12;
L_0x563684252930 .functor BUFT 1, C8<770>, C4<0>, C4<0>, C4<0>;
v0x56368420c780_0 .net8 "VGND", 0 0, L_0x563684252930;  1 drivers, strength-aware
L_0x563684252760 .functor BUFT 1, C8<770>, C4<0>, C4<0>, C4<0>;
v0x56368420efd0_0 .net8 "VNB", 0 0, L_0x563684252760;  1 drivers, strength-aware
L_0x563684252cd0 .functor BUFT 1, C8<771>, C4<0>, C4<0>, C4<0>;
v0x5636841ef4c0_0 .net8 "VPB", 0 0, L_0x563684252cd0;  1 drivers, strength-aware
L_0x563684252b00 .functor BUFT 1, C8<771>, C4<0>, C4<0>, C4<0>;
v0x5636841d4910_0 .net8 "VPWR", 0 0, L_0x563684252b00;  1 drivers, strength-aware
S_0x5636848d9e00 .scope module, "sky130_ef_sc_hd__decap_20_12" "sky130_ef_sc_hd__decap_20_12" 2 174;
 .timescale -9 -12;
L_0x56368424ef90 .functor BUFT 1, C8<770>, C4<0>, C4<0>, C4<0>;
v0x5636841d7170_0 .net8 "VGND", 0 0, L_0x56368424ef90;  1 drivers, strength-aware
L_0x56368424f0f0 .functor BUFT 1, C8<770>, C4<0>, C4<0>, C4<0>;
v0x5636841d99d0_0 .net8 "VNB", 0 0, L_0x56368424f0f0;  1 drivers, strength-aware
L_0x56368424f440 .functor BUFT 1, C8<771>, C4<0>, C4<0>, C4<0>;
v0x5636841e3f80_0 .net8 "VPB", 0 0, L_0x56368424f440;  1 drivers, strength-aware
L_0x56368424f610 .functor BUFT 1, C8<771>, C4<0>, C4<0>, C4<0>;
v0x5636841e6cd0_0 .net8 "VPWR", 0 0, L_0x56368424f610;  1 drivers, strength-aware
S_0x5636848d92d0 .scope module, "sky130_ef_sc_hd__decap_40_12" "sky130_ef_sc_hd__decap_40_12" 2 276;
 .timescale -9 -12;
L_0x56368424ecd0 .functor BUFT 1, C8<770>, C4<0>, C4<0>, C4<0>;
v0x5636841e9a20_0 .net8 "VGND", 0 0, L_0x56368424ecd0;  1 drivers, strength-aware
L_0x56368424f9b0 .functor BUFT 1, C8<770>, C4<0>, C4<0>, C4<0>;
v0x5636841ec770_0 .net8 "VNB", 0 0, L_0x56368424f9b0;  1 drivers, strength-aware
L_0x563684344820 .functor BUFT 1, C8<771>, C4<0>, C4<0>, C4<0>;
v0x5636841cb730_0 .net8 "VPB", 0 0, L_0x563684344820;  1 drivers, strength-aware
L_0x563684344980 .functor BUFT 1, C8<771>, C4<0>, C4<0>, C4<0>;
v0x563684138020_0 .net8 "VPWR", 0 0, L_0x563684344980;  1 drivers, strength-aware
S_0x5636848d7910 .scope module, "sky130_ef_sc_hd__decap_60_12" "sky130_ef_sc_hd__decap_60_12" 2 378;
 .timescale -9 -12;
L_0x563684344c40 .functor BUFT 1, C8<770>, C4<0>, C4<0>, C4<0>;
v0x563684139410_0 .net8 "VGND", 0 0, L_0x563684344c40;  1 drivers, strength-aware
L_0x563684344f90 .functor BUFT 1, C8<770>, C4<0>, C4<0>, C4<0>;
v0x56368413bdc0_0 .net8 "VNB", 0 0, L_0x563684344f90;  1 drivers, strength-aware
L_0x563684345330 .functor BUFT 1, C8<771>, C4<0>, C4<0>, C4<0>;
v0x56368413d1b0_0 .net8 "VPB", 0 0, L_0x563684345330;  1 drivers, strength-aware
L_0x5636843446c0 .functor BUFT 1, C8<771>, C4<0>, C4<0>, C4<0>;
v0x56368413e5a0_0 .net8 "VPWR", 0 0, L_0x5636843446c0;  1 drivers, strength-aware
S_0x5636848d6de0 .scope module, "sky130_ef_sc_hd__decap_80_12" "sky130_ef_sc_hd__decap_80_12" 2 480;
 .timescale -9 -12;
L_0x5636843456d0 .functor BUFT 1, C8<770>, C4<0>, C4<0>, C4<0>;
v0x5636841c7090_0 .net8 "VGND", 0 0, L_0x5636843456d0;  1 drivers, strength-aware
L_0x563684340390 .functor BUFT 1, C8<770>, C4<0>, C4<0>, C4<0>;
v0x5636841c93e0_0 .net8 "VNB", 0 0, L_0x563684340390;  1 drivers, strength-aware
L_0x5636843404f0 .functor BUFT 1, C8<771>, C4<0>, C4<0>, C4<0>;
v0x563684136c30_0 .net8 "VPB", 0 0, L_0x5636843404f0;  1 drivers, strength-aware
L_0x563684340650 .functor BUFT 1, C8<771>, C4<0>, C4<0>, C4<0>;
v0x56368411fdf0_0 .net8 "VPWR", 0 0, L_0x563684340650;  1 drivers, strength-aware
S_0x5636848d5420 .scope module, "sky130_ef_sc_hd__fill_12" "sky130_ef_sc_hd__fill_12" 2 791;
 .timescale -9 -12;
L_0x563684340b00 .functor BUFT 1, C8<770>, C4<0>, C4<0>, C4<0>;
v0x5636841256a0_0 .net8 "VGND", 0 0, L_0x563684340b00;  1 drivers, strength-aware
L_0x563684340ea0 .functor BUFT 1, C8<770>, C4<0>, C4<0>, C4<0>;
v0x563684132600_0 .net8 "VNB", 0 0, L_0x563684340ea0;  1 drivers, strength-aware
L_0x563684340cd0 .functor BUFT 1, C8<771>, C4<0>, C4<0>, C4<0>;
v0x56368412bc10_0 .net8 "VPB", 0 0, L_0x563684340cd0;  1 drivers, strength-aware
L_0x563684341240 .functor BUFT 1, C8<771>, C4<0>, C4<0>, C4<0>;
v0x56368412df60_0 .net8 "VPWR", 0 0, L_0x563684341240;  1 drivers, strength-aware
S_0x5636848d48f0 .scope module, "sky130_ef_sc_hd__fill_2" "sky130_ef_sc_hd__fill_2" 2 561;
 .timescale -9 -12;
L_0x563684341070 .functor BUFT 1, C8<770>, C4<0>, C4<0>, C4<0>;
v0x5636841302b0_0 .net8 "VGND", 0 0, L_0x563684341070;  1 drivers, strength-aware
L_0x56368433c060 .functor BUFT 1, C8<770>, C4<0>, C4<0>, C4<0>;
v0x563684134960_0 .net8 "VNB", 0 0, L_0x56368433c060;  1 drivers, strength-aware
L_0x56368433c1c0 .functor BUFT 1, C8<771>, C4<0>, C4<0>, C4<0>;
v0x563684117c50_0 .net8 "VPB", 0 0, L_0x56368433c1c0;  1 drivers, strength-aware
L_0x56368433c320 .functor BUFT 1, C8<771>, C4<0>, C4<0>, C4<0>;
v0x56368410b930_0 .net8 "VPWR", 0 0, L_0x56368433c320;  1 drivers, strength-aware
S_0x5636848ee460 .scope module, "sky130_ef_sc_hd__fill_4" "sky130_ef_sc_hd__fill_4" 2 638;
 .timescale -9 -12;
L_0x56368433ca10 .functor BUFT 1, C8<770>, C4<0>, C4<0>, C4<0>;
v0x56368410d510_0 .net8 "VGND", 0 0, L_0x56368433ca10;  1 drivers, strength-aware
L_0x56368433c840 .functor BUFT 1, C8<770>, C4<0>, C4<0>, C4<0>;
v0x56368410f0f0_0 .net8 "VNB", 0 0, L_0x56368433c840;  1 drivers, strength-aware
L_0x56368433bda0 .functor BUFT 1, C8<771>, C4<0>, C4<0>, C4<0>;
v0x5636841128b0_0 .net8 "VPB", 0 0, L_0x56368433bda0;  1 drivers, strength-aware
L_0x56368433cbe0 .functor BUFT 1, C8<771>, C4<0>, C4<0>, C4<0>;
v0x563684119830_0 .net8 "VPWR", 0 0, L_0x56368433cbe0;  1 drivers, strength-aware
S_0x5636848ed220 .scope module, "sky130_ef_sc_hd__fill_8" "sky130_ef_sc_hd__fill_8" 2 715;
 .timescale -9 -12;
L_0x563684337a70 .functor BUFT 1, C8<770>, C4<0>, C4<0>, C4<0>;
v0x563684114490_0 .net8 "VGND", 0 0, L_0x563684337a70;  1 drivers, strength-aware
L_0x563684337d30 .functor BUFT 1, C8<770>, C4<0>, C4<0>, C4<0>;
v0x563684116070_0 .net8 "VNB", 0 0, L_0x563684337d30;  1 drivers, strength-aware
L_0x563684337e90 .functor BUFT 1, C8<771>, C4<0>, C4<0>, C4<0>;
v0x563684110cd0_0 .net8 "VPB", 0 0, L_0x563684337e90;  1 drivers, strength-aware
L_0x5636843381e0 .functor BUFT 1, C8<771>, C4<0>, C4<0>, C4<0>;
v0x5636840da3f0_0 .net8 "VPWR", 0 0, L_0x5636843381e0;  1 drivers, strength-aware
S_0x5636848ec730 .scope module, "sky130_fd_sc_hd__a2111o_1" "sky130_fd_sc_hd__a2111o_1" 2 24342;
 .timescale -9 -12;
    .port_info 0 /OUTPUT 1 "X";
    .port_info 1 /INPUT 1 "A1";
    .port_info 2 /INPUT 1 "A2";
    .port_info 3 /INPUT 1 "B1";
    .port_info 4 /INPUT 1 "C1";
    .port_info 5 /INPUT 1 "D1";
o0x7f0afd4356d8 .functor BUFZ 1, C4<z>; HiZ drive
o0x7f0afd435708 .functor BUFZ 1, C4<z>; HiZ drive
L_0x563683df6cc0 .functor AND 1, o0x7f0afd4356d8, o0x7f0afd435708, C4<1>, C4<1>;
o0x7f0afd435768 .functor BUFZ 1, C4<z>; HiZ drive
o0x7f0afd435738 .functor BUFZ 1, C4<z>; HiZ drive
o0x7f0afd435798 .functor BUFZ 1, C4<z>; HiZ drive
L_0x563683df2f70 .functor OR 1, o0x7f0afd435768, o0x7f0afd435738, L_0x563683df6cc0, o0x7f0afd435798;
L_0x563683df30d0 .functor BUF 1, L_0x563683df2f70, C4<0>, C4<0>, C4<0>;
v0x5636840e1ed0_0 .net "A1", 0 0, o0x7f0afd4356d8;  0 drivers
v0x5636840e9df0_0 .net "A2", 0 0, o0x7f0afd435708;  0 drivers
v0x5636840f4860_0 .net "B1", 0 0, o0x7f0afd435738;  0 drivers
v0x5636840f7c30_0 .net "C1", 0 0, o0x7f0afd435768;  0 drivers
v0x5636840fb000_0 .net "D1", 0 0, o0x7f0afd435798;  0 drivers
L_0x5636843383b0 .functor BUFT 1, C8<770>, C4<0>, C4<0>, C4<0>;
v0x563684109d50_0 .net8 "VGND", 0 0, L_0x5636843383b0;  1 drivers, strength-aware
L_0x563684337910 .functor BUFT 1, C8<770>, C4<0>, C4<0>, C4<0>;
v0x5636840d1b00_0 .net8 "VNB", 0 0, L_0x563684337910;  1 drivers, strength-aware
L_0x563684338920 .functor BUFT 1, C8<771>, C4<0>, C4<0>, C4<0>;
v0x563683fb28f0_0 .net8 "VPB", 0 0, L_0x563684338920;  1 drivers, strength-aware
L_0x5636843335e0 .functor BUFT 1, C8<771>, C4<0>, C4<0>, C4<0>;
v0x563683fb5640_0 .net8 "VPWR", 0 0, L_0x5636843335e0;  1 drivers, strength-aware
v0x563683fb8390_0 .net "X", 0 0, L_0x563683df30d0;  1 drivers
v0x563683fbb0e0_0 .net "and0_out", 0 0, L_0x563683df6cc0;  1 drivers
v0x563683fbde30_0 .net "or0_out_X", 0 0, L_0x563683df2f70;  1 drivers
S_0x5636848ea390 .scope module, "sky130_fd_sc_hd__a2111o_2" "sky130_fd_sc_hd__a2111o_2" 2 24712;
 .timescale -9 -12;
    .port_info 0 /OUTPUT 1 "X";
    .port_info 1 /INPUT 1 "A1";
    .port_info 2 /INPUT 1 "A2";
    .port_info 3 /INPUT 1 "B1";
    .port_info 4 /INPUT 1 "C1";
    .port_info 5 /INPUT 1 "D1";
o0x7f0afd435a38 .functor BUFZ 1, C4<z>; HiZ drive
o0x7f0afd435a68 .functor BUFZ 1, C4<z>; HiZ drive
L_0x563683df3580 .functor AND 1, o0x7f0afd435a38, o0x7f0afd435a68, C4<1>, C4<1>;
o0x7f0afd435ac8 .functor BUFZ 1, C4<z>; HiZ drive
o0x7f0afd435a98 .functor BUFZ 1, C4<z>; HiZ drive
o0x7f0afd435af8 .functor BUFZ 1, C4<z>; HiZ drive
L_0x563683df3920 .functor OR 1, o0x7f0afd435ac8, o0x7f0afd435a98, L_0x563683df3580, o0x7f0afd435af8;
L_0x563683df3af0 .functor BUF 1, L_0x563683df3920, C4<0>, C4<0>, C4<0>;
v0x563683ff2c60_0 .net "A1", 0 0, o0x7f0afd435a38;  0 drivers
v0x5636840c9210_0 .net "A2", 0 0, o0x7f0afd435a68;  0 drivers
v0x563683fafba0_0 .net "B1", 0 0, o0x7f0afd435a98;  0 drivers
v0x563683eb36c0_0 .net "C1", 0 0, o0x7f0afd435ac8;  0 drivers
v0x563683f92cb0_0 .net "D1", 0 0, o0x7f0afd435af8;  0 drivers
L_0x563684333740 .functor BUFT 1, C8<770>, C4<0>, C4<0>, C4<0>;
v0x563683f95000_0 .net8 "VGND", 0 0, L_0x563684333740;  1 drivers, strength-aware
L_0x5636843338a0 .functor BUFT 1, C8<770>, C4<0>, C4<0>, C4<0>;
v0x563683f97350_0 .net8 "VNB", 0 0, L_0x5636843338a0;  1 drivers, strength-aware
L_0x563684333d50 .functor BUFT 1, C8<771>, C4<0>, C4<0>, C4<0>;
v0x563683fa0530_0 .net8 "VPB", 0 0, L_0x563684333d50;  1 drivers, strength-aware
L_0x5636843340f0 .functor BUFT 1, C8<771>, C4<0>, C4<0>, C4<0>;
v0x563683fa2d90_0 .net8 "VPWR", 0 0, L_0x5636843340f0;  1 drivers, strength-aware
v0x563683fa55f0_0 .net "X", 0 0, L_0x563683df3af0;  1 drivers
v0x563683eaafb0_0 .net "and0_out", 0 0, L_0x563683df3580;  1 drivers
v0x563683e68850_0 .net "or0_out_X", 0 0, L_0x563683df3920;  1 drivers
S_0x5636848e9150 .scope module, "sky130_fd_sc_hd__a2111o_4" "sky130_fd_sc_hd__a2111o_4" 2 25082;
 .timescale -9 -12;
    .port_info 0 /OUTPUT 1 "X";
    .port_info 1 /INPUT 1 "A1";
    .port_info 2 /INPUT 1 "A2";
    .port_info 3 /INPUT 1 "B1";
    .port_info 4 /INPUT 1 "C1";
    .port_info 5 /INPUT 1 "D1";
o0x7f0afd435d98 .functor BUFZ 1, C4<z>; HiZ drive
o0x7f0afd435dc8 .functor BUFZ 1, C4<z>; HiZ drive
L_0x563683def960 .functor AND 1, o0x7f0afd435d98, o0x7f0afd435dc8, C4<1>, C4<1>;
o0x7f0afd435e28 .functor BUFZ 1, C4<z>; HiZ drive
o0x7f0afd435df8 .functor BUFZ 1, C4<z>; HiZ drive
o0x7f0afd435e58 .functor BUFZ 1, C4<z>; HiZ drive
L_0x563683defac0 .functor OR 1, o0x7f0afd435e28, o0x7f0afd435df8, L_0x563683def960, o0x7f0afd435e58;
L_0x563683df0140 .functor BUF 1, L_0x563683defac0, C4<0>, C4<0>, C4<0>;
v0x563683e736b0_0 .net "A1", 0 0, o0x7f0afd435d98;  0 drivers
v0x563683e7e510_0 .net "A2", 0 0, o0x7f0afd435dc8;  0 drivers
v0x563683e89360_0 .net "B1", 0 0, o0x7f0afd435df8;  0 drivers
v0x563683e91a70_0 .net "C1", 0 0, o0x7f0afd435e28;  0 drivers
v0x563683e9a180_0 .net "D1", 0 0, o0x7f0afd435e58;  0 drivers
L_0x563684333480 .functor BUFT 1, C8<770>, C4<0>, C4<0>, C4<0>;
v0x563683ea28a0_0 .net8 "VGND", 0 0, L_0x563684333480;  1 drivers, strength-aware
L_0x5636843342c0 .functor BUFT 1, C8<770>, C4<0>, C4<0>, C4<0>;
v0x563683e5d9e0_0 .net8 "VNB", 0 0, L_0x5636843342c0;  1 drivers, strength-aware
L_0x56368432f150 .functor BUFT 1, C8<771>, C4<0>, C4<0>, C4<0>;
v0x563683e2fa10_0 .net8 "VPB", 0 0, L_0x56368432f150;  1 drivers, strength-aware
L_0x56368432f410 .functor BUFT 1, C8<771>, C4<0>, C4<0>, C4<0>;
v0x563683e34700_0 .net8 "VPWR", 0 0, L_0x56368432f410;  1 drivers, strength-aware
v0x563683e39400_0 .net "X", 0 0, L_0x563683df0140;  1 drivers
v0x563683e3e0f0_0 .net "and0_out", 0 0, L_0x563683def960;  1 drivers
v0x563683e42de0_0 .net "or0_out_X", 0 0, L_0x563683defac0;  1 drivers
S_0x5636848e8660 .scope module, "sky130_fd_sc_hd__a2111oi_0" "sky130_fd_sc_hd__a2111oi_0" 2 25452;
 .timescale -9 -12;
    .port_info 0 /OUTPUT 1 "Y";
    .port_info 1 /INPUT 1 "A1";
    .port_info 2 /INPUT 1 "A2";
    .port_info 3 /INPUT 1 "B1";
    .port_info 4 /INPUT 1 "C1";
    .port_info 5 /INPUT 1 "D1";
o0x7f0afd4360f8 .functor BUFZ 1, C4<z>; HiZ drive
o0x7f0afd436128 .functor BUFZ 1, C4<z>; HiZ drive
L_0x563683df06b0 .functor AND 1, o0x7f0afd4360f8, o0x7f0afd436128, C4<1>, C4<1>;
o0x7f0afd436158 .functor BUFZ 1, C4<z>; HiZ drive
o0x7f0afd436188 .functor BUFZ 1, C4<z>; HiZ drive
o0x7f0afd4361b8 .functor BUFZ 1, C4<z>; HiZ drive
L_0x563683df04e0 .functor NOR 1, o0x7f0afd436158, o0x7f0afd436188, o0x7f0afd4361b8, L_0x563683df06b0;
L_0x563683dec950 .functor BUF 1, L_0x563683df04e0, C4<0>, C4<0>, C4<0>;
v0x563683e47d20_0 .net "A1", 0 0, o0x7f0afd4360f8;  0 drivers
v0x563683e52b80_0 .net "A2", 0 0, o0x7f0afd436128;  0 drivers
v0x563683e2ad20_0 .net "B1", 0 0, o0x7f0afd436158;  0 drivers
v0x563683e02cb0_0 .net "C1", 0 0, o0x7f0afd436188;  0 drivers
v0x563683f2fa10_0 .net "D1", 0 0, o0x7f0afd4361b8;  0 drivers
L_0x56368432f8c0 .functor BUFT 1, C8<770>, C4<0>, C4<0>, C4<0>;
v0x563683f37b70_0 .net8 "VGND", 0 0, L_0x56368432f8c0;  1 drivers, strength-aware
L_0x56368432fc60 .functor BUFT 1, C8<770>, C4<0>, C4<0>, C4<0>;
v0x563683f3fcd0_0 .net8 "VNB", 0 0, L_0x56368432fc60;  1 drivers, strength-aware
L_0x56368432eff0 .functor BUFT 1, C8<771>, C4<0>, C4<0>, C4<0>;
v0x563683f47e30_0 .net8 "VPB", 0 0, L_0x56368432eff0;  1 drivers, strength-aware
L_0x563684330000 .functor BUFT 1, C8<771>, C4<0>, C4<0>, C4<0>;
v0x563683f4ff90_0 .net8 "VPWR", 0 0, L_0x563684330000;  1 drivers, strength-aware
v0x563683f580f0_0 .net "Y", 0 0, L_0x563683dec950;  1 drivers
v0x563683dffae0_0 .net "and0_out", 0 0, L_0x563683df06b0;  1 drivers
v0x563683de9140_0 .net "nor0_out_Y", 0 0, L_0x563683df04e0;  1 drivers
S_0x5636848e62c0 .scope module, "sky130_fd_sc_hd__a2111oi_1" "sky130_fd_sc_hd__a2111oi_1" 2 25822;
 .timescale -9 -12;
    .port_info 0 /OUTPUT 1 "Y";
    .port_info 1 /INPUT 1 "A1";
    .port_info 2 /INPUT 1 "A2";
    .port_info 3 /INPUT 1 "B1";
    .port_info 4 /INPUT 1 "C1";
    .port_info 5 /INPUT 1 "D1";
o0x7f0afd436458 .functor BUFZ 1, C4<z>; HiZ drive
o0x7f0afd436488 .functor BUFZ 1, C4<z>; HiZ drive
L_0x563683decb20 .functor AND 1, o0x7f0afd436458, o0x7f0afd436488, C4<1>, C4<1>;
o0x7f0afd4364b8 .functor BUFZ 1, C4<z>; HiZ drive
o0x7f0afd4364e8 .functor BUFZ 1, C4<z>; HiZ drive
o0x7f0afd436518 .functor BUFZ 1, C4<z>; HiZ drive
L_0x563683dec1e0 .functor NOR 1, o0x7f0afd4364b8, o0x7f0afd4364e8, o0x7f0afd436518, L_0x563683decb20;
L_0x563683de8e80 .functor BUF 1, L_0x563683dec1e0, C4<0>, C4<0>, C4<0>;
v0x563683dec760_0 .net "A1", 0 0, o0x7f0afd436458;  0 drivers
v0x563683defd80_0 .net "A2", 0 0, o0x7f0afd436488;  0 drivers
v0x563683df3390_0 .net "B1", 0 0, o0x7f0afd4364b8;  0 drivers
v0x563683df6560_0 .net "C1", 0 0, o0x7f0afd4364e8;  0 drivers
v0x563683df9730_0 .net "D1", 0 0, o0x7f0afd436518;  0 drivers
L_0x5636843d96e0 .functor BUFT 1, C8<770>, C4<0>, C4<0>, C4<0>;
v0x563683dfc910_0 .net8 "VGND", 0 0, L_0x5636843d96e0;  1 drivers, strength-aware
L_0x5636843d99a0 .functor BUFT 1, C8<770>, C4<0>, C4<0>, C4<0>;
v0x563683de5b20_0 .net8 "VNB", 0 0, L_0x5636843d99a0;  1 drivers, strength-aware
L_0x5636843d9b00 .functor BUFT 1, C8<771>, C4<0>, C4<0>, C4<0>;
v0x563683ec4990_0 .net8 "VPB", 0 0, L_0x5636843d9b00;  1 drivers, strength-aware
L_0x5636843d9fb0 .functor BUFT 1, C8<771>, C4<0>, C4<0>, C4<0>;
v0x563683ec90a0_0 .net8 "VPWR", 0 0, L_0x5636843d9fb0;  1 drivers, strength-aware
v0x563683ecd7b0_0 .net "Y", 0 0, L_0x563683de8e80;  1 drivers
v0x563683ed1ec0_0 .net "and0_out", 0 0, L_0x563683decb20;  1 drivers
v0x563683ddc5b0_0 .net "nor0_out_Y", 0 0, L_0x563683dec1e0;  1 drivers
S_0x5636848e5080 .scope module, "sky130_fd_sc_hd__a2111oi_2" "sky130_fd_sc_hd__a2111oi_2" 2 26192;
 .timescale -9 -12;
    .port_info 0 /OUTPUT 1 "Y";
    .port_info 1 /INPUT 1 "A1";
    .port_info 2 /INPUT 1 "A2";
    .port_info 3 /INPUT 1 "B1";
    .port_info 4 /INPUT 1 "C1";
    .port_info 5 /INPUT 1 "D1";
o0x7f0afd4367b8 .functor BUFZ 1, C4<z>; HiZ drive
o0x7f0afd4367e8 .functor BUFZ 1, C4<z>; HiZ drive
L_0x563683de9330 .functor AND 1, o0x7f0afd4367b8, o0x7f0afd4367e8, C4<1>, C4<1>;
o0x7f0afd436818 .functor BUFZ 1, C4<z>; HiZ drive
o0x7f0afd436848 .functor BUFZ 1, C4<z>; HiZ drive
o0x7f0afd436878 .functor BUFZ 1, C4<z>; HiZ drive
L_0x563683de96d0 .functor NOR 1, o0x7f0afd436818, o0x7f0afd436848, o0x7f0afd436878, L_0x563683de9330;
L_0x563683de98a0 .functor BUF 1, L_0x563683de96d0, C4<0>, C4<0>, C4<0>;
v0x563683ddf780_0 .net "A1", 0 0, o0x7f0afd4367b8;  0 drivers
v0x563683de2950_0 .net "A2", 0 0, o0x7f0afd4367e8;  0 drivers
v0x563683ec0280_0 .net "B1", 0 0, o0x7f0afd436818;  0 drivers
v0x563683f66560_0 .net "C1", 0 0, o0x7f0afd436848;  0 drivers
v0x563683f6c870_0 .net "D1", 0 0, o0x7f0afd436878;  0 drivers
L_0x5636843da180 .functor BUFT 1, C8<770>, C4<0>, C4<0>, C4<0>;
v0x563683f72b80_0 .net8 "VGND", 0 0, L_0x5636843da180;  1 drivers, strength-aware
L_0x5636843d9580 .functor BUFT 1, C8<770>, C4<0>, C4<0>, C4<0>;
v0x563683f78e90_0 .net8 "VNB", 0 0, L_0x5636843d9580;  1 drivers, strength-aware
L_0x5636843da520 .functor BUFT 1, C8<771>, C4<0>, C4<0>, C4<0>;
v0x563683f7f1a0_0 .net8 "VPB", 0 0, L_0x5636843da520;  1 drivers, strength-aware
L_0x5636843d39d0 .functor BUFT 1, C8<771>, C4<0>, C4<0>, C4<0>;
v0x563683f854b0_0 .net8 "VPWR", 0 0, L_0x5636843d39d0;  1 drivers, strength-aware
v0x563683ebbb70_0 .net "Y", 0 0, L_0x563683de98a0;  1 drivers
v0x563683db60c0_0 .net "and0_out", 0 0, L_0x563683de9330;  1 drivers
v0x563683db5440_0 .net "nor0_out_Y", 0 0, L_0x563683de96d0;  1 drivers
S_0x5636848e4590 .scope module, "sky130_fd_sc_hd__a2111oi_4" "sky130_fd_sc_hd__a2111oi_4" 2 26562;
 .timescale -9 -12;
    .port_info 0 /OUTPUT 1 "Y";
    .port_info 1 /INPUT 1 "A1";
    .port_info 2 /INPUT 1 "A2";
    .port_info 3 /INPUT 1 "B1";
    .port_info 4 /INPUT 1 "C1";
    .port_info 5 /INPUT 1 "D1";
o0x7f0afd436b18 .functor BUFZ 1, C4<z>; HiZ drive
o0x7f0afd436b48 .functor BUFZ 1, C4<z>; HiZ drive
L_0x563683de5700 .functor AND 1, o0x7f0afd436b18, o0x7f0afd436b48, C4<1>, C4<1>;
o0x7f0afd436b78 .functor BUFZ 1, C4<z>; HiZ drive
o0x7f0afd436ba8 .functor BUFZ 1, C4<z>; HiZ drive
o0x7f0afd436bd8 .functor BUFZ 1, C4<z>; HiZ drive
L_0x563683de5860 .functor NOR 1, o0x7f0afd436b78, o0x7f0afd436ba8, o0x7f0afd436bd8, L_0x563683de5700;
L_0x563683de5ee0 .functor BUF 1, L_0x563683de5860, C4<0>, C4<0>, C4<0>;
v0x563683f5f2c0_0 .net "A1", 0 0, o0x7f0afd436b18;  0 drivers
v0x563683f84520_0 .net "A2", 0 0, o0x7f0afd436b48;  0 drivers
v0x563683ebae40_0 .net "B1", 0 0, o0x7f0afd436b78;  0 drivers
v0x563683ebf550_0 .net "C1", 0 0, o0x7f0afd436ba8;  0 drivers
v0x563683ec3c60_0 .net "D1", 0 0, o0x7f0afd436bd8;  0 drivers
L_0x5636843d3c90 .functor BUFT 1, C8<770>, C4<0>, C4<0>, C4<0>;
v0x563683ed58a0_0 .net8 "VGND", 0 0, L_0x5636843d3c90;  1 drivers, strength-aware
L_0x5636843d3f50 .functor BUFT 1, C8<770>, C4<0>, C4<0>, C4<0>;
v0x563683dcf5e0_0 .net8 "VNB", 0 0, L_0x5636843d3f50;  1 drivers, strength-aware
L_0x5636843d42a0 .functor BUFT 1, C8<771>, C4<0>, C4<0>, C4<0>;
v0x563683dd5870_0 .net8 "VPB", 0 0, L_0x5636843d42a0;  1 drivers, strength-aware
L_0x5636843d4470 .functor BUFT 1, C8<771>, C4<0>, C4<0>, C4<0>;
v0x563683f2ea80_0 .net8 "VPWR", 0 0, L_0x5636843d4470;  1 drivers, strength-aware
v0x563683f3ed40_0 .net "Y", 0 0, L_0x563683de5ee0;  1 drivers
v0x563683e339d0_0 .net "and0_out", 0 0, L_0x563683de5700;  1 drivers
v0x563683e386f0_0 .net "nor0_out_Y", 0 0, L_0x563683de5860;  1 drivers
S_0x5636848e20d0 .scope module, "sky130_fd_sc_hd__a211o_1" "sky130_fd_sc_hd__a211o_1" 2 17037;
 .timescale -9 -12;
    .port_info 0 /OUTPUT 1 "X";
    .port_info 1 /INPUT 1 "A1";
    .port_info 2 /INPUT 1 "A2";
    .port_info 3 /INPUT 1 "B1";
    .port_info 4 /INPUT 1 "C1";
o0x7f0afd436e78 .functor BUFZ 1, C4<z>; HiZ drive
o0x7f0afd436ea8 .functor BUFZ 1, C4<z>; HiZ drive
L_0x563683de6450 .functor AND 1, o0x7f0afd436e78, o0x7f0afd436ea8, C4<1>, C4<1>;
o0x7f0afd436f08 .functor BUFZ 1, C4<z>; HiZ drive
o0x7f0afd436ed8 .functor BUFZ 1, C4<z>; HiZ drive
L_0x563683de6280 .functor OR 1, L_0x563683de6450, o0x7f0afd436f08, o0x7f0afd436ed8, C4<0>;
L_0x563683de27f0 .functor BUF 1, L_0x563683de6280, C4<0>, C4<0>, C4<0>;
v0x563683e7d580_0 .net "A1", 0 0, o0x7f0afd436e78;  0 drivers
v0x563683e883e0_0 .net "A2", 0 0, o0x7f0afd436ea8;  0 drivers
v0x563683f90610_0 .net "B1", 0 0, o0x7f0afd436ed8;  0 drivers
v0x563683f92510_0 .net "C1", 0 0, o0x7f0afd436f08;  0 drivers
L_0x5636843d49e0 .functor BUFT 1, C8<770>, C4<0>, C4<0>, C4<0>;
v0x563683f94870_0 .net8 "VGND", 0 0, L_0x5636843d49e0;  1 drivers, strength-aware
L_0x5636843d4810 .functor BUFT 1, C8<770>, C4<0>, C4<0>, C4<0>;
v0x563683f96bc0_0 .net8 "VNB", 0 0, L_0x5636843d4810;  1 drivers, strength-aware
L_0x5636843cde20 .functor BUFT 1, C8<771>, C4<0>, C4<0>, C4<0>;
v0x563683f98f10_0 .net8 "VPB", 0 0, L_0x5636843cde20;  1 drivers, strength-aware
L_0x5636843cdf80 .functor BUFT 1, C8<771>, C4<0>, C4<0>, C4<0>;
v0x563683f9b2e0_0 .net8 "VPWR", 0 0, L_0x5636843cdf80;  1 drivers, strength-aware
v0x563683fc4d60_0 .net "X", 0 0, L_0x563683de27f0;  1 drivers
v0x563683fccfc0_0 .net "and0_out", 0 0, L_0x563683de6450;  1 drivers
v0x563683fe0880_0 .net "or0_out_X", 0 0, L_0x563683de6280;  1 drivers
S_0x5636848e0e90 .scope module, "sky130_fd_sc_hd__a211o_2" "sky130_fd_sc_hd__a211o_2" 2 17393;
 .timescale -9 -12;
    .port_info 0 /OUTPUT 1 "X";
    .port_info 1 /INPUT 1 "A1";
    .port_info 2 /INPUT 1 "A2";
    .port_info 3 /INPUT 1 "B1";
    .port_info 4 /INPUT 1 "C1";
o0x7f0afd437178 .functor BUFZ 1, C4<z>; HiZ drive
o0x7f0afd4371a8 .functor BUFZ 1, C4<z>; HiZ drive
L_0x563683de2ee0 .functor AND 1, o0x7f0afd437178, o0x7f0afd4371a8, C4<1>, C4<1>;
o0x7f0afd437208 .functor BUFZ 1, C4<z>; HiZ drive
o0x7f0afd4371d8 .functor BUFZ 1, C4<z>; HiZ drive
L_0x563683de2d10 .functor OR 1, L_0x563683de2ee0, o0x7f0afd437208, o0x7f0afd4371d8, C4<0>;
L_0x563683ddf360 .functor BUF 1, L_0x563683de2d10, C4<0>, C4<0>, C4<0>;
v0x563683fe8ad0_0 .net "A1", 0 0, o0x7f0afd437178;  0 drivers
v0x563683fef310_0 .net "A2", 0 0, o0x7f0afd4371a8;  0 drivers
v0x563683e2ecc0_0 .net "B1", 0 0, o0x7f0afd4371d8;  0 drivers
v0x563683e72700_0 .net "C1", 0 0, o0x7f0afd437208;  0 drivers
L_0x5636843ce240 .functor BUFT 1, C8<770>, C4<0>, C4<0>, C4<0>;
v0x563683fea4c0_0 .net8 "VGND", 0 0, L_0x5636843ce240;  1 drivers, strength-aware
L_0x5636843ce930 .functor BUFT 1, C8<770>, C4<0>, C4<0>, C4<0>;
v0x563683fd6bf0_0 .net8 "VNB", 0 0, L_0x5636843ce930;  1 drivers, strength-aware
L_0x5636843ce760 .functor BUFT 1, C8<771>, C4<0>, C4<0>, C4<0>;
v0x563683fda010_0 .net8 "VPB", 0 0, L_0x5636843ce760;  1 drivers, strength-aware
L_0x5636843cecd0 .functor BUFT 1, C8<771>, C4<0>, C4<0>, C4<0>;
v0x563683f65590_0 .net8 "VPWR", 0 0, L_0x5636843cecd0;  1 drivers, strength-aware
v0x563683f71bb0_0 .net "X", 0 0, L_0x563683ddf360;  1 drivers
v0x563683de1e60_0 .net "and0_out", 0 0, L_0x563683de2ee0;  1 drivers
v0x563683debc70_0 .net "or0_out_X", 0 0, L_0x563683de2d10;  1 drivers
S_0x5636848e03a0 .scope module, "sky130_fd_sc_hd__a211o_4" "sky130_fd_sc_hd__a211o_4" 2 17749;
 .timescale -9 -12;
    .port_info 0 /OUTPUT 1 "X";
    .port_info 1 /INPUT 1 "A1";
    .port_info 2 /INPUT 1 "A2";
    .port_info 3 /INPUT 1 "B1";
    .port_info 4 /INPUT 1 "C1";
o0x7f0afd437478 .functor BUFZ 1, C4<z>; HiZ drive
o0x7f0afd4374a8 .functor BUFZ 1, C4<z>; HiZ drive
L_0x563683ddf620 .functor AND 1, o0x7f0afd437478, o0x7f0afd4374a8, C4<1>, C4<1>;
o0x7f0afd437508 .functor BUFZ 1, C4<z>; HiZ drive
o0x7f0afd4374d8 .functor BUFZ 1, C4<z>; HiZ drive
L_0x563683ddf970 .functor OR 1, L_0x563683ddf620, o0x7f0afd437508, o0x7f0afd4374d8, C4<0>;
L_0x563683ddfee0 .functor BUF 1, L_0x563683ddf970, C4<0>, C4<0>, C4<0>;
v0x563683def290_0 .net "A1", 0 0, o0x7f0afd437478;  0 drivers
v0x563683df28b0_0 .net "A2", 0 0, o0x7f0afd4374a8;  0 drivers
v0x563683df5a70_0 .net "B1", 0 0, o0x7f0afd4374d8;  0 drivers
v0x563683e117a0_0 .net "C1", 0 0, o0x7f0afd437508;  0 drivers
L_0x5636843c7fb0 .functor BUFT 1, C8<770>, C4<0>, C4<0>, C4<0>;
v0x563683e179b0_0 .net8 "VGND", 0 0, L_0x5636843c7fb0;  1 drivers, strength-aware
L_0x5636843c8110 .functor BUFT 1, C8<770>, C4<0>, C4<0>, C4<0>;
v0x563683e1dbd0_0 .net8 "VNB", 0 0, L_0x5636843c8110;  1 drivers, strength-aware
L_0x5636843c83d0 .functor BUFT 1, C8<771>, C4<0>, C4<0>, C4<0>;
v0x563683e23de0_0 .net8 "VPB", 0 0, L_0x5636843c83d0;  1 drivers, strength-aware
L_0x5636843c8530 .functor BUFT 1, C8<771>, C4<0>, C4<0>, C4<0>;
v0x563683db6d00_0 .net8 "VPWR", 0 0, L_0x5636843c8530;  1 drivers, strength-aware
v0x563683f57120_0 .net "X", 0 0, L_0x563683ddfee0;  1 drivers
v0x563683e5ca10_0 .net "and0_out", 0 0, L_0x563683ddf620;  1 drivers
v0x563683e678a0_0 .net "or0_out_X", 0 0, L_0x563683ddf970;  1 drivers
S_0x5636848ddee0 .scope module, "sky130_fd_sc_hd__a211oi_1" "sky130_fd_sc_hd__a211oi_1" 2 18105;
 .timescale -9 -12;
    .port_info 0 /OUTPUT 1 "Y";
    .port_info 1 /INPUT 1 "A1";
    .port_info 2 /INPUT 1 "A2";
    .port_info 3 /INPUT 1 "B1";
    .port_info 4 /INPUT 1 "C1";
o0x7f0afd437778 .functor BUFZ 1, C4<z>; HiZ drive
o0x7f0afd4377a8 .functor BUFZ 1, C4<z>; HiZ drive
L_0x563683ddc190 .functor AND 1, o0x7f0afd437778, o0x7f0afd4377a8, C4<1>, C4<1>;
o0x7f0afd4377d8 .functor BUFZ 1, C4<z>; HiZ drive
o0x7f0afd437808 .functor BUFZ 1, C4<z>; HiZ drive
L_0x563683ddc2f0 .functor NOR 1, L_0x563683ddc190, o0x7f0afd4377d8, o0x7f0afd437808, C4<0>;
L_0x563683ddc970 .functor BUF 1, L_0x563683ddc2f0, C4<0>, C4<0>, C4<0>;
v0x563683fc9b50_0 .net "A1", 0 0, o0x7f0afd437778;  0 drivers
v0x563683fc1900_0 .net "A2", 0 0, o0x7f0afd4377a8;  0 drivers
v0x563683fc3310_0 .net "B1", 0 0, o0x7f0afd4377d8;  0 drivers
v0x563683fed8c0_0 .net "C1", 0 0, o0x7f0afd437808;  0 drivers
L_0x5636843c8c20 .functor BUFT 1, C8<770>, C4<0>, C4<0>, C4<0>;
v0x563683febeb0_0 .net8 "VGND", 0 0, L_0x5636843c8c20;  1 drivers, strength-aware
L_0x5636843c7e50 .functor BUFT 1, C8<770>, C4<0>, C4<0>, C4<0>;
v0x563683db2e50_0 .net8 "VNB", 0 0, L_0x5636843c7e50;  1 drivers, strength-aware
L_0x5636843c8fc0 .functor BUFT 1, C8<771>, C4<0>, C4<0>, C4<0>;
v0x563683db3ad0_0 .net8 "VPB", 0 0, L_0x5636843c8fc0;  1 drivers, strength-aware
L_0x5636843c22a0 .functor BUFT 1, C8<771>, C4<0>, C4<0>, C4<0>;
v0x563683db4750_0 .net8 "VPWR", 0 0, L_0x5636843c22a0;  1 drivers, strength-aware
v0x563683e02190_0 .net "Y", 0 0, L_0x563683ddc970;  1 drivers
v0x563683d9d3f0_0 .net "and0_out", 0 0, L_0x563683ddc190;  1 drivers
v0x563683e3d350_0 .net "nor0_out_Y", 0 0, L_0x563683ddc2f0;  1 drivers
S_0x5636848dcca0 .scope module, "sky130_fd_sc_hd__a211oi_2" "sky130_fd_sc_hd__a211oi_2" 2 18461;
 .timescale -9 -12;
    .port_info 0 /OUTPUT 1 "Y";
    .port_info 1 /INPUT 1 "A1";
    .port_info 2 /INPUT 1 "A2";
    .port_info 3 /INPUT 1 "B1";
    .port_info 4 /INPUT 1 "C1";
o0x7f0afd437a78 .functor BUFZ 1, C4<z>; HiZ drive
o0x7f0afd437aa8 .functor BUFZ 1, C4<z>; HiZ drive
L_0x563683ddcd10 .functor AND 1, o0x7f0afd437a78, o0x7f0afd437aa8, C4<1>, C4<1>;
o0x7f0afd437ad8 .functor BUFZ 1, C4<z>; HiZ drive
o0x7f0afd437b08 .functor BUFZ 1, C4<z>; HiZ drive
L_0x563683ddcee0 .functor NOR 1, L_0x563683ddcd10, o0x7f0afd437ad8, o0x7f0afd437b08, C4<0>;
L_0x563683ed1d60 .functor BUF 1, L_0x563683ddcee0, C4<0>, C4<0>, C4<0>;
v0x563683e90a70_0 .net "A1", 0 0, o0x7f0afd437a78;  0 drivers
v0x563683fdee00_0 .net "A2", 0 0, o0x7f0afd437aa8;  0 drivers
v0x5636848eb0e0_0 .net "B1", 0 0, o0x7f0afd437ad8;  0 drivers
v0x5636848eb180_0 .net "C1", 0 0, o0x7f0afd437b08;  0 drivers
L_0x5636843c2560 .functor BUFT 1, C8<770>, C4<0>, C4<0>, C4<0>;
v0x5636848e7010_0 .net8 "VGND", 0 0, L_0x5636843c2560;  1 drivers, strength-aware
L_0x5636843c26c0 .functor BUFT 1, C8<770>, C4<0>, C4<0>, C4<0>;
v0x5636848e70b0_0 .net8 "VNB", 0 0, L_0x5636843c26c0;  1 drivers, strength-aware
L_0x5636843c2b70 .functor BUFT 1, C8<771>, C4<0>, C4<0>, C4<0>;
v0x5636848e2f40_0 .net8 "VPB", 0 0, L_0x5636843c2b70;  1 drivers, strength-aware
L_0x5636843c2f10 .functor BUFT 1, C8<771>, C4<0>, C4<0>, C4<0>;
v0x5636848e2fe0_0 .net8 "VPWR", 0 0, L_0x5636843c2f10;  1 drivers, strength-aware
v0x5636848ded50_0 .net "Y", 0 0, L_0x563683ed1d60;  1 drivers
v0x5636848dedf0_0 .net "and0_out", 0 0, L_0x563683ddcd10;  1 drivers
v0x5636848dab60_0 .net "nor0_out_Y", 0 0, L_0x563683ddcee0;  1 drivers
S_0x5636848dc1b0 .scope module, "sky130_fd_sc_hd__a211oi_4" "sky130_fd_sc_hd__a211oi_4" 2 18817;
 .timescale -9 -12;
    .port_info 0 /OUTPUT 1 "Y";
    .port_info 1 /INPUT 1 "A1";
    .port_info 2 /INPUT 1 "A2";
    .port_info 3 /INPUT 1 "B1";
    .port_info 4 /INPUT 1 "C1";
o0x7f0afd437d78 .functor BUFZ 1, C4<z>; HiZ drive
o0x7f0afd437da8 .functor BUFZ 1, C4<z>; HiZ drive
L_0x563683ed2450 .functor AND 1, o0x7f0afd437d78, o0x7f0afd437da8, C4<1>, C4<1>;
o0x7f0afd437dd8 .functor BUFZ 1, C4<z>; HiZ drive
o0x7f0afd437e08 .functor BUFZ 1, C4<z>; HiZ drive
L_0x563683ed2280 .functor NOR 1, L_0x563683ed2450, o0x7f0afd437dd8, o0x7f0afd437e08, C4<0>;
L_0x563683ecd230 .functor BUF 1, L_0x563683ed2280, C4<0>, C4<0>, C4<0>;
v0x5636848d8810_0 .net "A1", 0 0, o0x7f0afd437d78;  0 drivers
v0x5636848d6320_0 .net "A2", 0 0, o0x7f0afd437da8;  0 drivers
v0x5636848d3e30_0 .net "B1", 0 0, o0x7f0afd437dd8;  0 drivers
v0x5636848d3ed0_0 .net "C1", 0 0, o0x7f0afd437e08;  0 drivers
L_0x5636843c2140 .functor BUFT 1, C8<770>, C4<0>, C4<0>, C4<0>;
v0x5636848d1100_0 .net8 "VGND", 0 0, L_0x5636843c2140;  1 drivers, strength-aware
L_0x5636843c30e0 .functor BUFT 1, C8<770>, C4<0>, C4<0>, C4<0>;
v0x5636848d11a0_0 .net8 "VNB", 0 0, L_0x5636843c30e0;  1 drivers, strength-aware
L_0x5636843bc590 .functor BUFT 1, C8<771>, C4<0>, C4<0>, C4<0>;
v0x5636848ce700_0 .net8 "VPB", 0 0, L_0x5636843bc590;  1 drivers, strength-aware
L_0x5636843bc850 .functor BUFT 1, C8<771>, C4<0>, C4<0>, C4<0>;
v0x5636848ce7a0_0 .net8 "VPWR", 0 0, L_0x5636843bc850;  1 drivers, strength-aware
v0x5636848cbd00_0 .net "Y", 0 0, L_0x563683ecd230;  1 drivers
v0x5636848c91e0_0 .net "and0_out", 0 0, L_0x563683ed2450;  1 drivers
v0x5636848c66c0_0 .net "nor0_out_Y", 0 0, L_0x563683ed2280;  1 drivers
S_0x5636848d27a0 .scope module, "sky130_fd_sc_hd__a21bo_1" "sky130_fd_sc_hd__a21bo_1" 2 3370;
 .timescale -9 -12;
    .port_info 0 /OUTPUT 1 "X";
    .port_info 1 /INPUT 1 "A1";
    .port_info 2 /INPUT 1 "A2";
    .port_info 3 /INPUT 1 "B1_N";
o0x7f0afd4380a8 .functor BUFZ 1, C4<z>; HiZ drive
o0x7f0afd438078 .functor BUFZ 1, C4<z>; HiZ drive
L_0x563683ecd4f0 .functor NAND 1, o0x7f0afd4380a8, o0x7f0afd438078, C4<1>, C4<1>;
o0x7f0afd4380d8 .functor BUFZ 1, C4<z>; HiZ drive
L_0x563683ecd650 .functor NAND 1, o0x7f0afd4380d8, L_0x563683ecd4f0, C4<1>, C4<1>;
L_0x563683ecd0d0 .functor BUF 1, L_0x563683ecd650, C4<0>, C4<0>, C4<0>;
v0x5636848c26b0_0 .net "A1", 0 0, o0x7f0afd438078;  0 drivers
v0x5636848be530_0 .net "A2", 0 0, o0x7f0afd4380a8;  0 drivers
v0x5636848ba3b0_0 .net "B1_N", 0 0, o0x7f0afd4380d8;  0 drivers
L_0x5636843bcb10 .functor BUFT 1, C8<770>, C4<0>, C4<0>, C4<0>;
v0x5636848ba450_0 .net8 "VGND", 0 0, L_0x5636843bcb10;  1 drivers, strength-aware
L_0x5636843bce60 .functor BUFT 1, C8<770>, C4<0>, C4<0>, C4<0>;
v0x5636848b6110_0 .net8 "VNB", 0 0, L_0x5636843bce60;  1 drivers, strength-aware
L_0x5636843bd030 .functor BUFT 1, C8<771>, C4<0>, C4<0>, C4<0>;
v0x5636848b61b0_0 .net8 "VPB", 0 0, L_0x5636843bd030;  1 drivers, strength-aware
L_0x5636843bc430 .functor BUFT 1, C8<771>, C4<0>, C4<0>, C4<0>;
v0x5636848b1e70_0 .net8 "VPWR", 0 0, L_0x5636843bc430;  1 drivers, strength-aware
v0x5636848b1f10_0 .net "X", 0 0, L_0x563683ecd0d0;  1 drivers
v0x5636848adcf0_0 .net "nand0_out", 0 0, L_0x563683ecd4f0;  1 drivers
v0x5636848a9b70_0 .net "nand1_out_X", 0 0, L_0x563683ecd650;  1 drivers
S_0x5636848d1cb0 .scope module, "sky130_fd_sc_hd__a21bo_2" "sky130_fd_sc_hd__a21bo_2" 2 3717;
 .timescale -9 -12;
    .port_info 0 /OUTPUT 1 "X";
    .port_info 1 /INPUT 1 "A1";
    .port_info 2 /INPUT 1 "A2";
    .port_info 3 /INPUT 1 "B1_N";
o0x7f0afd438348 .functor BUFZ 1, C4<z>; HiZ drive
o0x7f0afd438318 .functor BUFZ 1, C4<z>; HiZ drive
L_0x563683ece0e0 .functor NAND 1, o0x7f0afd438348, o0x7f0afd438318, C4<1>, C4<1>;
o0x7f0afd438378 .functor BUFZ 1, C4<z>; HiZ drive
L_0x563683ec8b20 .functor NAND 1, o0x7f0afd438378, L_0x563683ece0e0, C4<1>, C4<1>;
L_0x563683ec8f40 .functor BUF 1, L_0x563683ec8b20, C4<0>, C4<0>, C4<0>;
v0x5636848a59f0_0 .net "A1", 0 0, o0x7f0afd438318;  0 drivers
v0x5636848a1870_0 .net "A2", 0 0, o0x7f0afd438348;  0 drivers
v0x56368489d4b0_0 .net "B1_N", 0 0, o0x7f0afd438378;  0 drivers
L_0x5636843bd3d0 .functor BUFT 1, C8<770>, C4<0>, C4<0>, C4<0>;
v0x56368489d550_0 .net8 "VGND", 0 0, L_0x5636843bd3d0;  1 drivers, strength-aware
L_0x5636842273e0 .functor BUFT 1, C8<770>, C4<0>, C4<0>, C4<0>;
v0x563684899210_0 .net8 "VNB", 0 0, L_0x5636842273e0;  1 drivers, strength-aware
L_0x563684227540 .functor BUFT 1, C8<771>, C4<0>, C4<0>, C4<0>;
v0x5636848992b0_0 .net8 "VPB", 0 0, L_0x563684227540;  1 drivers, strength-aware
L_0x5636842279f0 .functor BUFT 1, C8<771>, C4<0>, C4<0>, C4<0>;
v0x563684855560_0 .net8 "VPWR", 0 0, L_0x5636842279f0;  1 drivers, strength-aware
v0x563684855600_0 .net "X", 0 0, L_0x563683ec8f40;  1 drivers
v0x563684853d00_0 .net "nand0_out", 0 0, L_0x563683ece0e0;  1 drivers
v0x563684851cb0_0 .net "nand1_out_X", 0 0, L_0x563683ec8b20;  1 drivers
S_0x5636848cfda0 .scope module, "sky130_fd_sc_hd__a21bo_4" "sky130_fd_sc_hd__a21bo_4" 2 4064;
 .timescale -9 -12;
    .port_info 0 /OUTPUT 1 "X";
    .port_info 1 /INPUT 1 "A1";
    .port_info 2 /INPUT 1 "A2";
    .port_info 3 /INPUT 1 "B1_N";
o0x7f0afd4385e8 .functor BUFZ 1, C4<z>; HiZ drive
o0x7f0afd4385b8 .functor BUFZ 1, C4<z>; HiZ drive
L_0x563683ec9630 .functor NAND 1, o0x7f0afd4385e8, o0x7f0afd4385b8, C4<1>, C4<1>;
o0x7f0afd438618 .functor BUFZ 1, C4<z>; HiZ drive
L_0x563683ec9460 .functor NAND 1, o0x7f0afd438618, L_0x563683ec9630, C4<1>, C4<1>;
L_0x563683ec9800 .functor BUF 1, L_0x563683ec9460, C4<0>, C4<0>, C4<0>;
v0x5636848511f0_0 .net "A1", 0 0, o0x7f0afd4385b8;  0 drivers
v0x563684850610_0 .net "A2", 0 0, o0x7f0afd4385e8;  0 drivers
v0x56368484fa30_0 .net "B1_N", 0 0, o0x7f0afd438618;  0 drivers
L_0x563684227bc0 .functor BUFT 1, C8<770>, C4<0>, C4<0>, C4<0>;
v0x56368484fad0_0 .net8 "VGND", 0 0, L_0x563684227bc0;  1 drivers, strength-aware
L_0x563684227120 .functor BUFT 1, C8<770>, C4<0>, C4<0>, C4<0>;
v0x56368484ee50_0 .net8 "VNB", 0 0, L_0x563684227120;  1 drivers, strength-aware
L_0x563684227f60 .functor BUFT 1, C8<771>, C4<0>, C4<0>, C4<0>;
v0x56368484eef0_0 .net8 "VPB", 0 0, L_0x563684227f60;  1 drivers, strength-aware
L_0x563684224530 .functor BUFT 1, C8<771>, C4<0>, C4<0>, C4<0>;
v0x56368484a0e0_0 .net8 "VPWR", 0 0, L_0x563684224530;  1 drivers, strength-aware
v0x56368484a180_0 .net "X", 0 0, L_0x563683ec9800;  1 drivers
v0x563684847ea0_0 .net "nand0_out", 0 0, L_0x563683ec9630;  1 drivers
v0x563684845c60_0 .net "nand1_out_X", 0 0, L_0x563683ec9460;  1 drivers
S_0x5636848cf2b0 .scope module, "sky130_fd_sc_hd__a21boi_0" "sky130_fd_sc_hd__a21boi_0" 2 4417;
 .timescale -9 -12;
    .port_info 0 /OUTPUT 1 "Y";
    .port_info 1 /INPUT 1 "A1";
    .port_info 2 /INPUT 1 "A2";
    .port_info 3 /INPUT 1 "B1_N";
o0x7f0afd4388b8 .functor BUFZ 1, C4<z>; HiZ drive
L_0x563683ec4410 .functor NOT 1, o0x7f0afd4388b8, C4<0>, C4<0>, C4<0>;
o0x7f0afd438858 .functor BUFZ 1, C4<z>; HiZ drive
o0x7f0afd438888 .functor BUFZ 1, C4<z>; HiZ drive
L_0x563683ec4570 .functor AND 1, o0x7f0afd438858, o0x7f0afd438888, C4<1>, C4<1>;
L_0x563683ec4b80 .functor NOR 1, L_0x563683ec4410, L_0x563683ec4570, C4<0>, C4<0>;
L_0x563683ec42b0 .functor BUF 1, L_0x563683ec4b80, C4<0>, C4<0>, C4<0>;
v0x563684843a20_0 .net "A1", 0 0, o0x7f0afd438858;  0 drivers
v0x5636848416c0_0 .net "A2", 0 0, o0x7f0afd438888;  0 drivers
v0x56368483f360_0 .net "B1_N", 0 0, o0x7f0afd4388b8;  0 drivers
L_0x5636842247f0 .functor BUFT 1, C8<770>, C4<0>, C4<0>, C4<0>;
v0x56368483f400_0 .net8 "VGND", 0 0, L_0x5636842247f0;  1 drivers, strength-aware
L_0x563684224ca0 .functor BUFT 1, C8<770>, C4<0>, C4<0>, C4<0>;
v0x56368483cee0_0 .net8 "VNB", 0 0, L_0x563684224ca0;  1 drivers, strength-aware
L_0x563684225040 .functor BUFT 1, C8<771>, C4<0>, C4<0>, C4<0>;
v0x56368483cf80_0 .net8 "VPB", 0 0, L_0x563684225040;  1 drivers, strength-aware
L_0x5636842243d0 .functor BUFT 1, C8<771>, C4<0>, C4<0>, C4<0>;
v0x56368483ab80_0 .net8 "VPWR", 0 0, L_0x5636842243d0;  1 drivers, strength-aware
v0x56368483ac20_0 .net "Y", 0 0, L_0x563683ec42b0;  1 drivers
v0x563684838820_0 .net "and0_out", 0 0, L_0x563683ec4570;  1 drivers
v0x5636848363a0_0 .net "b", 0 0, L_0x563683ec4410;  1 drivers
v0x563684835770_0 .net "nor0_out_Y", 0 0, L_0x563683ec4b80;  1 drivers
S_0x5636848cd3a0 .scope module, "sky130_fd_sc_hd__a21boi_1" "sky130_fd_sc_hd__a21boi_1" 2 4772;
 .timescale -9 -12;
    .port_info 0 /OUTPUT 1 "Y";
    .port_info 1 /INPUT 1 "A1";
    .port_info 2 /INPUT 1 "A2";
    .port_info 3 /INPUT 1 "B1_N";
o0x7f0afd438b88 .functor BUFZ 1, C4<z>; HiZ drive
L_0x563683ec52c0 .functor NOT 1, o0x7f0afd438b88, C4<0>, C4<0>, C4<0>;
o0x7f0afd438b28 .functor BUFZ 1, C4<z>; HiZ drive
o0x7f0afd438b58 .functor BUFZ 1, C4<z>; HiZ drive
L_0x563683ebfd00 .functor AND 1, o0x7f0afd438b28, o0x7f0afd438b58, C4<1>, C4<1>;
L_0x563683ebfe60 .functor NOR 1, L_0x563683ec52c0, L_0x563683ebfd00, C4<0>, C4<0>;
L_0x563683ec0470 .functor BUF 1, L_0x563683ebfe60, C4<0>, C4<0>, C4<0>;
v0x563684834b70_0 .net "A1", 0 0, o0x7f0afd438b28;  0 drivers
v0x563684833f70_0 .net "A2", 0 0, o0x7f0afd438b58;  0 drivers
v0x563684833250_0 .net "B1_N", 0 0, o0x7f0afd438b88;  0 drivers
L_0x563684225210 .functor BUFT 1, C8<770>, C4<0>, C4<0>, C4<0>;
v0x5636848332f0_0 .net8 "VGND", 0 0, L_0x563684225210;  1 drivers, strength-aware
L_0x5636842217e0 .functor BUFT 1, C8<770>, C4<0>, C4<0>, C4<0>;
v0x563684832790_0 .net8 "VNB", 0 0, L_0x5636842217e0;  1 drivers, strength-aware
L_0x563684221aa0 .functor BUFT 1, C8<771>, C4<0>, C4<0>, C4<0>;
v0x563684832830_0 .net8 "VPB", 0 0, L_0x563684221aa0;  1 drivers, strength-aware
L_0x563684221c00 .functor BUFT 1, C8<771>, C4<0>, C4<0>, C4<0>;
v0x563684831cd0_0 .net8 "VPWR", 0 0, L_0x563684221c00;  1 drivers, strength-aware
v0x563684831d70_0 .net "Y", 0 0, L_0x563683ec0470;  1 drivers
v0x5636848310f0_0 .net "and0_out", 0 0, L_0x563683ebfd00;  1 drivers
v0x563684830510_0 .net "b", 0 0, L_0x563683ec52c0;  1 drivers
v0x56368482eba0_0 .net "nor0_out_Y", 0 0, L_0x563683ebfe60;  1 drivers
S_0x5636848cc8b0 .scope module, "sky130_fd_sc_hd__a21boi_2" "sky130_fd_sc_hd__a21boi_2" 2 5127;
 .timescale -9 -12;
    .port_info 0 /OUTPUT 1 "Y";
    .port_info 1 /INPUT 1 "A1";
    .port_info 2 /INPUT 1 "A2";
    .port_info 3 /INPUT 1 "B1_N";
o0x7f0afd438e58 .functor BUFZ 1, C4<z>; HiZ drive
L_0x563683ec0640 .functor NOT 1, o0x7f0afd438e58, C4<0>, C4<0>, C4<0>;
o0x7f0afd438df8 .functor BUFZ 1, C4<z>; HiZ drive
o0x7f0afd438e28 .functor BUFZ 1, C4<z>; HiZ drive
L_0x563683ebfba0 .functor AND 1, o0x7f0afd438df8, o0x7f0afd438e28, C4<1>, C4<1>;
L_0x563683ec0bb0 .functor NOR 1, L_0x563683ec0640, L_0x563683ebfba0, C4<0>, C4<0>;
L_0x563683ebb8b0 .functor BUF 1, L_0x563683ec0bb0, C4<0>, C4<0>, C4<0>;
v0x56368482d0c0_0 .net "A1", 0 0, o0x7f0afd438df8;  0 drivers
v0x56368482b5e0_0 .net "A2", 0 0, o0x7f0afd438e28;  0 drivers
v0x5636848299e0_0 .net "B1_N", 0 0, o0x7f0afd438e58;  0 drivers
L_0x5636842222f0 .functor BUFT 1, C8<770>, C4<0>, C4<0>, C4<0>;
v0x563684829a80_0 .net8 "VGND", 0 0, L_0x5636842222f0;  1 drivers, strength-aware
L_0x563684221680 .functor BUFT 1, C8<770>, C4<0>, C4<0>, C4<0>;
v0x563684827de0_0 .net8 "VNB", 0 0, L_0x563684221680;  1 drivers, strength-aware
L_0x563684222690 .functor BUFT 1, C8<771>, C4<0>, C4<0>, C4<0>;
v0x563684827e80_0 .net8 "VPB", 0 0, L_0x563684222690;  1 drivers, strength-aware
L_0x56368421ea90 .functor BUFT 1, C8<771>, C4<0>, C4<0>, C4<0>;
v0x563684825ba0_0 .net8 "VPWR", 0 0, L_0x56368421ea90;  1 drivers, strength-aware
v0x563684825c40_0 .net "Y", 0 0, L_0x563683ebb8b0;  1 drivers
v0x563684823960_0 .net "and0_out", 0 0, L_0x563683ebfba0;  1 drivers
v0x563684821720_0 .net "b", 0 0, L_0x563683ec0640;  1 drivers
v0x56368481f4e0_0 .net "nor0_out_Y", 0 0, L_0x563683ec0bb0;  1 drivers
S_0x5636848ca880 .scope module, "sky130_fd_sc_hd__a21boi_4" "sky130_fd_sc_hd__a21boi_4" 2 5482;
 .timescale -9 -12;
    .port_info 0 /OUTPUT 1 "Y";
    .port_info 1 /INPUT 1 "A1";
    .port_info 2 /INPUT 1 "A2";
    .port_info 3 /INPUT 1 "B1_N";
o0x7f0afd439128 .functor BUFZ 1, C4<z>; HiZ drive
L_0x563683ebbd60 .functor NOT 1, o0x7f0afd439128, C4<0>, C4<0>, C4<0>;
o0x7f0afd4390c8 .functor BUFZ 1, C4<z>; HiZ drive
o0x7f0afd4390f8 .functor BUFZ 1, C4<z>; HiZ drive
L_0x563683ebc100 .functor AND 1, o0x7f0afd4390c8, o0x7f0afd4390f8, C4<1>, C4<1>;
L_0x563683ebbf30 .functor NOR 1, L_0x563683ebbd60, L_0x563683ebc100, C4<0>, C4<0>;
L_0x563683ebc4a0 .functor BUF 1, L_0x563683ebbf30, C4<0>, C4<0>, C4<0>;
v0x563683f6b850_0 .net "A1", 0 0, o0x7f0afd4390c8;  0 drivers
v0x563683f77e70_0 .net "A2", 0 0, o0x7f0afd4390f8;  0 drivers
v0x563683ed1100_0 .net "B1_N", 0 0, o0x7f0afd439128;  0 drivers
L_0x56368421ed50 .functor BUFT 1, C8<770>, C4<0>, C4<0>, C4<0>;
v0x563683ed11a0_0 .net8 "VGND", 0 0, L_0x56368421ed50;  1 drivers, strength-aware
L_0x56368421eeb0 .functor BUFT 1, C8<770>, C4<0>, C4<0>, C4<0>;
v0x563683de4fe0_0 .net8 "VNB", 0 0, L_0x56368421eeb0;  1 drivers, strength-aware
L_0x56368421f5a0 .functor BUFT 1, C8<771>, C4<0>, C4<0>, C4<0>;
v0x563683de5080_0 .net8 "VPB", 0 0, L_0x56368421f5a0;  1 drivers, strength-aware
L_0x56368421f3d0 .functor BUFT 1, C8<771>, C4<0>, C4<0>, C4<0>;
v0x563683e0b540_0 .net8 "VPWR", 0 0, L_0x56368421f3d0;  1 drivers, strength-aware
v0x563683e0b5e0_0 .net "Y", 0 0, L_0x563683ebc4a0;  1 drivers
v0x563683fc80f0_0 .net "and0_out", 0 0, L_0x563683ebc100;  1 drivers
v0x563683fc8190_0 .net "b", 0 0, L_0x563683ebbd60;  1 drivers
v0x563684896590_0 .net "nor0_out_Y", 0 0, L_0x563683ebbf30;  1 drivers
S_0x5636848c9d90 .scope module, "sky130_fd_sc_hd__a21o_1" "sky130_fd_sc_hd__a21o_1" 2 5826;
 .timescale -9 -12;
    .port_info 0 /OUTPUT 1 "X";
    .port_info 1 /INPUT 1 "A1";
    .port_info 2 /INPUT 1 "A2";
    .port_info 3 /INPUT 1 "B1";
o0x7f0afd439398 .functor BUFZ 1, C4<z>; HiZ drive
o0x7f0afd4393c8 .functor BUFZ 1, C4<z>; HiZ drive
L_0x563683f84f30 .functor AND 1, o0x7f0afd439398, o0x7f0afd4393c8, C4<1>, C4<1>;
o0x7f0afd4393f8 .functor BUFZ 1, C4<z>; HiZ drive
L_0x563683f85090 .functor OR 1, L_0x563683f84f30, o0x7f0afd4393f8, C4<0>, C4<0>;
L_0x563683f856a0 .functor BUF 1, L_0x563683f85090, C4<0>, C4<0>, C4<0>;
v0x563684891d70_0 .net "A1", 0 0, o0x7f0afd439398;  0 drivers
v0x56368488d430_0 .net "A2", 0 0, o0x7f0afd4393c8;  0 drivers
v0x56368488d4f0_0 .net "B1", 0 0, o0x7f0afd4393f8;  0 drivers
L_0x56368421f940 .functor BUFT 1, C8<770>, C4<0>, C4<0>, C4<0>;
v0x56368481aed0_0 .net8 "VGND", 0 0, L_0x56368421f940;  1 drivers, strength-aware
L_0x56368421bd40 .functor BUFT 1, C8<770>, C4<0>, C4<0>, C4<0>;
v0x56368481af90_0 .net8 "VNB", 0 0, L_0x56368421bd40;  1 drivers, strength-aware
L_0x56368421bea0 .functor BUFT 1, C8<771>, C4<0>, C4<0>, C4<0>;
v0x5636848d2f80_0 .net8 "VPB", 0 0, L_0x56368421bea0;  1 drivers, strength-aware
L_0x56368421c160 .functor BUFT 1, C8<771>, C4<0>, C4<0>, C4<0>;
v0x5636848d3020_0 .net8 "VPWR", 0 0, L_0x56368421c160;  1 drivers, strength-aware
v0x5636848d0580_0 .net "X", 0 0, L_0x563683f856a0;  1 drivers
v0x5636848d0640_0 .net "and0_out", 0 0, L_0x563683f84f30;  1 drivers
v0x5636848cdc30_0 .net "or0_out_X", 0 0, L_0x563683f85090;  1 drivers
S_0x5636848c7d60 .scope module, "sky130_fd_sc_hd__a21o_2" "sky130_fd_sc_hd__a21o_2" 2 6168;
 .timescale -9 -12;
    .port_info 0 /OUTPUT 1 "X";
    .port_info 1 /INPUT 1 "A1";
    .port_info 2 /INPUT 1 "A2";
    .port_info 3 /INPUT 1 "B1";
o0x7f0afd439638 .functor BUFZ 1, C4<z>; HiZ drive
o0x7f0afd439668 .functor BUFZ 1, C4<z>; HiZ drive
L_0x563683f85870 .functor AND 1, o0x7f0afd439638, o0x7f0afd439668, C4<1>, C4<1>;
o0x7f0afd439698 .functor BUFZ 1, C4<z>; HiZ drive
L_0x563683f84c70 .functor OR 1, L_0x563683f85870, o0x7f0afd439698, C4<0>, C4<0>;
L_0x563683f85de0 .functor BUF 1, L_0x563683f84c70, C4<0>, C4<0>, C4<0>;
v0x5636848cb060_0 .net "A1", 0 0, o0x7f0afd439638;  0 drivers
v0x5636848c8540_0 .net "A2", 0 0, o0x7f0afd439668;  0 drivers
v0x5636848c8600_0 .net "B1", 0 0, o0x7f0afd439698;  0 drivers
L_0x56368421c850 .functor BUFT 1, C8<770>, C4<0>, C4<0>, C4<0>;
v0x5636848c5020_0 .net8 "VGND", 0 0, L_0x56368421c850;  1 drivers, strength-aware
L_0x56368421c680 .functor BUFT 1, C8<770>, C4<0>, C4<0>, C4<0>;
v0x5636848c50e0_0 .net8 "VNB", 0 0, L_0x56368421c680;  1 drivers, strength-aware
L_0x56368421bbe0 .functor BUFT 1, C8<771>, C4<0>, C4<0>, C4<0>;
v0x5636848c0ea0_0 .net8 "VPB", 0 0, L_0x56368421bbe0;  1 drivers, strength-aware
L_0x56368421ca20 .functor BUFT 1, C8<771>, C4<0>, C4<0>, C4<0>;
v0x5636848c0f40_0 .net8 "VPWR", 0 0, L_0x56368421ca20;  1 drivers, strength-aware
v0x5636848bcd20_0 .net "X", 0 0, L_0x563683f85de0;  1 drivers
v0x5636848bcde0_0 .net "and0_out", 0 0, L_0x563683f85870;  1 drivers
v0x5636848b8a80_0 .net "or0_out_X", 0 0, L_0x563683f84c70;  1 drivers
S_0x5636848c7270 .scope module, "sky130_fd_sc_hd__a21o_4" "sky130_fd_sc_hd__a21o_4" 2 6510;
 .timescale -9 -12;
    .port_info 0 /OUTPUT 1 "X";
    .port_info 1 /INPUT 1 "A1";
    .port_info 2 /INPUT 1 "A2";
    .port_info 3 /INPUT 1 "B1";
o0x7f0afd4398d8 .functor BUFZ 1, C4<z>; HiZ drive
o0x7f0afd439908 .functor BUFZ 1, C4<z>; HiZ drive
L_0x563683f7ec20 .functor AND 1, o0x7f0afd4398d8, o0x7f0afd439908, C4<1>, C4<1>;
o0x7f0afd439938 .functor BUFZ 1, C4<z>; HiZ drive
L_0x563683f7ed80 .functor OR 1, L_0x563683f7ec20, o0x7f0afd439938, C4<0>, C4<0>;
L_0x563683f7f390 .functor BUF 1, L_0x563683f7ed80, C4<0>, C4<0>, C4<0>;
v0x5636848b47e0_0 .net "A1", 0 0, o0x7f0afd4398d8;  0 drivers
v0x5636848b0660_0 .net "A2", 0 0, o0x7f0afd439908;  0 drivers
v0x5636848b0720_0 .net "B1", 0 0, o0x7f0afd439938;  0 drivers
L_0x563684219150 .functor BUFT 1, C8<770>, C4<0>, C4<0>, C4<0>;
v0x5636848ac4e0_0 .net8 "VGND", 0 0, L_0x563684219150;  1 drivers, strength-aware
L_0x5636842192b0 .functor BUFT 1, C8<770>, C4<0>, C4<0>, C4<0>;
v0x5636848ac5a0_0 .net8 "VNB", 0 0, L_0x5636842192b0;  1 drivers, strength-aware
L_0x563684219410 .functor BUFT 1, C8<771>, C4<0>, C4<0>, C4<0>;
v0x5636848a8360_0 .net8 "VPB", 0 0, L_0x563684219410;  1 drivers, strength-aware
L_0x563684219b00 .functor BUFT 1, C8<771>, C4<0>, C4<0>, C4<0>;
v0x5636848a8400_0 .net8 "VPWR", 0 0, L_0x563684219b00;  1 drivers, strength-aware
v0x5636848a41e0_0 .net "X", 0 0, L_0x563683f7f390;  1 drivers
v0x5636848a42a0_0 .net "and0_out", 0 0, L_0x563683f7ec20;  1 drivers
v0x56368489fe20_0 .net "or0_out_X", 0 0, L_0x563683f7ed80;  1 drivers
S_0x5636848c5b00 .scope module, "sky130_fd_sc_hd__a21oi_1" "sky130_fd_sc_hd__a21oi_1" 2 6852;
 .timescale -9 -12;
    .port_info 0 /OUTPUT 1 "Y";
    .port_info 1 /INPUT 1 "A1";
    .port_info 2 /INPUT 1 "A2";
    .port_info 3 /INPUT 1 "B1";
o0x7f0afd439b78 .functor BUFZ 1, C4<z>; HiZ drive
o0x7f0afd439ba8 .functor BUFZ 1, C4<z>; HiZ drive
L_0x563683f7f560 .functor AND 1, o0x7f0afd439b78, o0x7f0afd439ba8, C4<1>, C4<1>;
o0x7f0afd439bd8 .functor BUFZ 1, C4<z>; HiZ drive
L_0x563683f7e960 .functor NOR 1, o0x7f0afd439bd8, L_0x563683f7f560, C4<0>, C4<0>;
L_0x563683f78910 .functor BUF 1, L_0x563683f7e960, C4<0>, C4<0>, C4<0>;
v0x56368489bb80_0 .net "A1", 0 0, o0x7f0afd439b78;  0 drivers
v0x563684898400_0 .net "A2", 0 0, o0x7f0afd439ba8;  0 drivers
v0x5636848984c0_0 .net "B1", 0 0, o0x7f0afd439bd8;  0 drivers
L_0x563684218e90 .functor BUFT 1, C8<770>, C4<0>, C4<0>, C4<0>;
v0x563684893be0_0 .net8 "VGND", 0 0, L_0x563684218e90;  1 drivers, strength-aware
L_0x563684219ea0 .functor BUFT 1, C8<770>, C4<0>, C4<0>, C4<0>;
v0x563684893ca0_0 .net8 "VNB", 0 0, L_0x563684219ea0;  1 drivers, strength-aware
L_0x563684219cd0 .functor BUFT 1, C8<771>, C4<0>, C4<0>, C4<0>;
v0x56368488f2a0_0 .net8 "VPB", 0 0, L_0x563684219cd0;  1 drivers, strength-aware
L_0x563684216840 .functor BUFT 1, C8<771>, C4<0>, C4<0>, C4<0>;
v0x56368488f340_0 .net8 "VPWR", 0 0, L_0x563684216840;  1 drivers, strength-aware
v0x563684894b70_0 .net "Y", 0 0, L_0x563683f78910;  1 drivers
v0x563684894c30_0 .net "and0_out", 0 0, L_0x563683f7f560;  1 drivers
v0x563684890350_0 .net "nor0_out_Y", 0 0, L_0x563683f7e960;  1 drivers
S_0x5636848c4840 .scope module, "sky130_fd_sc_hd__a21oi_2" "sky130_fd_sc_hd__a21oi_2" 2 7194;
 .timescale -9 -12;
    .port_info 0 /OUTPUT 1 "Y";
    .port_info 1 /INPUT 1 "A1";
    .port_info 2 /INPUT 1 "A2";
    .port_info 3 /INPUT 1 "B1";
o0x7f0afd439e18 .functor BUFZ 1, C4<z>; HiZ drive
o0x7f0afd439e48 .functor BUFZ 1, C4<z>; HiZ drive
L_0x563683f78bd0 .functor AND 1, o0x7f0afd439e18, o0x7f0afd439e48, C4<1>, C4<1>;
o0x7f0afd439e78 .functor BUFZ 1, C4<z>; HiZ drive
L_0x563683f78d30 .functor NOR 1, o0x7f0afd439e78, L_0x563683f78bd0, C4<0>, C4<0>;
L_0x563683f79250 .functor BUF 1, L_0x563683f78d30, C4<0>, C4<0>, C4<0>;
v0x56368484dff0_0 .net "A1", 0 0, o0x7f0afd439e18;  0 drivers
v0x56368484e0d0_0 .net "A2", 0 0, o0x7f0afd439e48;  0 drivers
v0x56368484cac0_0 .net "B1", 0 0, o0x7f0afd439e78;  0 drivers
L_0x563684216b00 .functor BUFT 1, C8<770>, C4<0>, C4<0>, C4<0>;
v0x56368484cb60_0 .net8 "VGND", 0 0, L_0x563684216b00;  1 drivers, strength-aware
L_0x563684216e50 .functor BUFT 1, C8<770>, C4<0>, C4<0>, C4<0>;
v0x56368482f9e0_0 .net8 "VNB", 0 0, L_0x563684216e50;  1 drivers, strength-aware
L_0x5636842171f0 .functor BUFT 1, C8<771>, C4<0>, C4<0>, C4<0>;
v0x56368482faa0_0 .net8 "VPB", 0 0, L_0x5636842171f0;  1 drivers, strength-aware
L_0x563684216c60 .functor BUFT 1, C8<771>, C4<0>, C4<0>, C4<0>;
v0x56368482f2a0_0 .net8 "VPWR", 0 0, L_0x563684216c60;  1 drivers, strength-aware
v0x56368482f360_0 .net "Y", 0 0, L_0x563683f79250;  1 drivers
v0x56368482df00_0 .net "and0_out", 0 0, L_0x563683f78bd0;  1 drivers
v0x56368482d7c0_0 .net "nor0_out_Y", 0 0, L_0x563683f78d30;  1 drivers
S_0x5636848c3d50 .scope module, "sky130_fd_sc_hd__a21oi_4" "sky130_fd_sc_hd__a21oi_4" 2 7536;
 .timescale -9 -12;
    .port_info 0 /OUTPUT 1 "Y";
    .port_info 1 /INPUT 1 "A1";
    .port_info 2 /INPUT 1 "A2";
    .port_info 3 /INPUT 1 "B1";
o0x7f0afd43a0b8 .functor BUFZ 1, C4<z>; HiZ drive
o0x7f0afd43a0e8 .functor BUFZ 1, C4<z>; HiZ drive
L_0x563683f795f0 .functor AND 1, o0x7f0afd43a0b8, o0x7f0afd43a0e8, C4<1>, C4<1>;
o0x7f0afd43a118 .functor BUFZ 1, C4<z>; HiZ drive
L_0x563683f797c0 .functor NOR 1, o0x7f0afd43a118, L_0x563683f795f0, C4<0>, C4<0>;
L_0x563683f72600 .functor BUF 1, L_0x563683f797c0, C4<0>, C4<0>, C4<0>;
v0x56368482c420_0 .net "A1", 0 0, o0x7f0afd43a0b8;  0 drivers
v0x56368482c500_0 .net "A2", 0 0, o0x7f0afd43a0e8;  0 drivers
v0x56368482bce0_0 .net "B1", 0 0, o0x7f0afd43a118;  0 drivers
L_0x5636842173c0 .functor BUFT 1, C8<770>, C4<0>, C4<0>, C4<0>;
v0x56368482bda0_0 .net8 "VGND", 0 0, L_0x5636842173c0;  1 drivers, strength-aware
L_0x563684213de0 .functor BUFT 1, C8<770>, C4<0>, C4<0>, C4<0>;
v0x56368482a820_0 .net8 "VNB", 0 0, L_0x563684213de0;  1 drivers, strength-aware
L_0x5636842140a0 .functor BUFT 1, C8<771>, C4<0>, C4<0>, C4<0>;
v0x56368482a8e0_0 .net8 "VPB", 0 0, L_0x5636842140a0;  1 drivers, strength-aware
L_0x563684214200 .functor BUFT 1, C8<771>, C4<0>, C4<0>, C4<0>;
v0x56368482a0e0_0 .net8 "VPWR", 0 0, L_0x563684214200;  1 drivers, strength-aware
v0x56368482a1a0_0 .net "Y", 0 0, L_0x563683f72600;  1 drivers
v0x563684828c20_0 .net "and0_out", 0 0, L_0x563683f795f0;  1 drivers
v0x5636848284e0_0 .net "nor0_out_Y", 0 0, L_0x563683f797c0;  1 drivers
S_0x5636848c3260 .scope module, "sky130_fd_sc_hd__a221o_1" "sky130_fd_sc_hd__a221o_1" 2 19198;
 .timescale -9 -12;
    .port_info 0 /OUTPUT 1 "X";
    .port_info 1 /INPUT 1 "A1";
    .port_info 2 /INPUT 1 "A2";
    .port_info 3 /INPUT 1 "B1";
    .port_info 4 /INPUT 1 "B2";
    .port_info 5 /INPUT 1 "C1";
o0x7f0afd43a3b8 .functor BUFZ 1, C4<z>; HiZ drive
o0x7f0afd43a3e8 .functor BUFZ 1, C4<z>; HiZ drive
L_0x563683f728c0 .functor AND 1, o0x7f0afd43a3b8, o0x7f0afd43a3e8, C4<1>, C4<1>;
o0x7f0afd43a358 .functor BUFZ 1, C4<z>; HiZ drive
o0x7f0afd43a388 .functor BUFZ 1, C4<z>; HiZ drive
L_0x563683f72a20 .functor AND 1, o0x7f0afd43a358, o0x7f0afd43a388, C4<1>, C4<1>;
o0x7f0afd43a418 .functor BUFZ 1, C4<z>; HiZ drive
L_0x563683f72f40 .functor OR 1, L_0x563683f72a20, L_0x563683f728c0, o0x7f0afd43a418, C4<0>;
L_0x563683f734b0 .functor BUF 1, L_0x563683f72f40, C4<0>, C4<0>, C4<0>;
v0x5636848194b0_0 .net "A1", 0 0, o0x7f0afd43a358;  0 drivers
v0x563684819590_0 .net "A2", 0 0, o0x7f0afd43a388;  0 drivers
v0x563684816bd0_0 .net "B1", 0 0, o0x7f0afd43a3b8;  0 drivers
v0x563684816c90_0 .net "B2", 0 0, o0x7f0afd43a3e8;  0 drivers
v0x563683ff0b20_0 .net "C1", 0 0, o0x7f0afd43a418;  0 drivers
L_0x5636842148f0 .functor BUFT 1, C8<770>, C4<0>, C4<0>, C4<0>;
v0x563683ff0be0_0 .net8 "VGND", 0 0, L_0x5636842148f0;  1 drivers, strength-aware
L_0x563684214360 .functor BUFT 1, C8<770>, C4<0>, C4<0>, C4<0>;
v0x563683ff0ca0_0 .net8 "VNB", 0 0, L_0x563684214360;  1 drivers, strength-aware
L_0x563684213c80 .functor BUFT 1, C8<771>, C4<0>, C4<0>, C4<0>;
v0x563683ff2330_0 .net8 "VPB", 0 0, L_0x563684213c80;  1 drivers, strength-aware
L_0x5636842114e0 .functor BUFT 1, C8<771>, C4<0>, C4<0>, C4<0>;
v0x563683ff23f0_0 .net8 "VPWR", 0 0, L_0x5636842114e0;  1 drivers, strength-aware
v0x563683ff2540_0 .net "X", 0 0, L_0x563683f734b0;  1 drivers
v0x563683ff2600_0 .net "and0_out", 0 0, L_0x563683f728c0;  1 drivers
v0x563683ff26c0_0 .net "and1_out", 0 0, L_0x563683f72a20;  1 drivers
v0x563683ff6980_0 .net "or0_out_X", 0 0, L_0x563683f72f40;  1 drivers
S_0x5636848c1980 .scope module, "sky130_fd_sc_hd__a221o_2" "sky130_fd_sc_hd__a221o_2" 2 19596;
 .timescale -9 -12;
    .port_info 0 /OUTPUT 1 "X";
    .port_info 1 /INPUT 1 "A1";
    .port_info 2 /INPUT 1 "A2";
    .port_info 3 /INPUT 1 "B1";
    .port_info 4 /INPUT 1 "B2";
    .port_info 5 /INPUT 1 "C1";
o0x7f0afd43a748 .functor BUFZ 1, C4<z>; HiZ drive
o0x7f0afd43a778 .functor BUFZ 1, C4<z>; HiZ drive
L_0x563683f6c2f0 .functor AND 1, o0x7f0afd43a748, o0x7f0afd43a778, C4<1>, C4<1>;
o0x7f0afd43a6e8 .functor BUFZ 1, C4<z>; HiZ drive
o0x7f0afd43a718 .functor BUFZ 1, C4<z>; HiZ drive
L_0x563683f6c450 .functor AND 1, o0x7f0afd43a6e8, o0x7f0afd43a718, C4<1>, C4<1>;
o0x7f0afd43a7a8 .functor BUFZ 1, C4<z>; HiZ drive
L_0x563683f6ca60 .functor OR 1, L_0x563683f6c450, L_0x563683f6c2f0, o0x7f0afd43a7a8, C4<0>;
L_0x563683f6c030 .functor BUF 1, L_0x563683f6ca60, C4<0>, C4<0>, C4<0>;
v0x563683ff6b00_0 .net "A1", 0 0, o0x7f0afd43a6e8;  0 drivers
v0x563683ff6be0_0 .net "A2", 0 0, o0x7f0afd43a718;  0 drivers
v0x563683ff6ca0_0 .net "B1", 0 0, o0x7f0afd43a748;  0 drivers
v0x563683ff6d40_0 .net "B2", 0 0, o0x7f0afd43a778;  0 drivers
v0x563683ff3780_0 .net "C1", 0 0, o0x7f0afd43a7a8;  0 drivers
L_0x5636842117a0 .functor BUFT 1, C8<770>, C4<0>, C4<0>, C4<0>;
v0x563683ff3840_0 .net8 "VGND", 0 0, L_0x5636842117a0;  1 drivers, strength-aware
L_0x563684211900 .functor BUFT 1, C8<770>, C4<0>, C4<0>, C4<0>;
v0x563683ff3900_0 .net8 "VNB", 0 0, L_0x563684211900;  1 drivers, strength-aware
L_0x563684211ff0 .functor BUFT 1, C8<771>, C4<0>, C4<0>, C4<0>;
v0x563683ff39c0_0 .net8 "VPB", 0 0, L_0x563684211ff0;  1 drivers, strength-aware
L_0x563684211e20 .functor BUFT 1, C8<771>, C4<0>, C4<0>, C4<0>;
v0x563683ff3a80_0 .net8 "VPWR", 0 0, L_0x563684211e20;  1 drivers, strength-aware
v0x563683ff4400_0 .net "X", 0 0, L_0x563683f6c030;  1 drivers
v0x563683ff44c0_0 .net "and0_out", 0 0, L_0x563683f6c2f0;  1 drivers
v0x563683ff4580_0 .net "and1_out", 0 0, L_0x563683f6c450;  1 drivers
v0x563683ff4640_0 .net "or0_out_X", 0 0, L_0x563683f6ca60;  1 drivers
S_0x5636848c06c0 .scope module, "sky130_fd_sc_hd__a221o_4" "sky130_fd_sc_hd__a221o_4" 2 19994;
 .timescale -9 -12;
    .port_info 0 /OUTPUT 1 "X";
    .port_info 1 /INPUT 1 "A1";
    .port_info 2 /INPUT 1 "A2";
    .port_info 3 /INPUT 1 "B1";
    .port_info 4 /INPUT 1 "B2";
    .port_info 5 /INPUT 1 "C1";
o0x7f0afd43aad8 .functor BUFZ 1, C4<z>; HiZ drive
o0x7f0afd43ab08 .functor BUFZ 1, C4<z>; HiZ drive
L_0x563683f6d1a0 .functor AND 1, o0x7f0afd43aad8, o0x7f0afd43ab08, C4<1>, C4<1>;
o0x7f0afd43aa78 .functor BUFZ 1, C4<z>; HiZ drive
o0x7f0afd43aaa8 .functor BUFZ 1, C4<z>; HiZ drive
L_0x563683f65e80 .functor AND 1, o0x7f0afd43aa78, o0x7f0afd43aaa8, C4<1>, C4<1>;
o0x7f0afd43ab38 .functor BUFZ 1, C4<z>; HiZ drive
L_0x563683f662a0 .functor OR 1, L_0x563683f65e80, L_0x563683f6d1a0, o0x7f0afd43ab38, C4<0>;
L_0x563683f66af0 .functor BUF 1, L_0x563683f662a0, C4<0>, C4<0>, C4<0>;
v0x563683ff47c0_0 .net "A1", 0 0, o0x7f0afd43aa78;  0 drivers
v0x563683ff5080_0 .net "A2", 0 0, o0x7f0afd43aaa8;  0 drivers
v0x563683ff5120_0 .net "B1", 0 0, o0x7f0afd43aad8;  0 drivers
v0x563683ff51c0_0 .net "B2", 0 0, o0x7f0afd43ab08;  0 drivers
v0x563683ff5280_0 .net "C1", 0 0, o0x7f0afd43ab38;  0 drivers
L_0x563684211380 .functor BUFT 1, C8<770>, C4<0>, C4<0>, C4<0>;
v0x563683ff5340_0 .net8 "VGND", 0 0, L_0x563684211380;  1 drivers, strength-aware
L_0x56368420ebb0 .functor BUFT 1, C8<770>, C4<0>, C4<0>, C4<0>;
v0x563683ff5400_0 .net8 "VNB", 0 0, L_0x56368420ebb0;  1 drivers, strength-aware
L_0x56368420ed10 .functor BUFT 1, C8<771>, C4<0>, C4<0>, C4<0>;
v0x563683ff5d00_0 .net8 "VPB", 0 0, L_0x56368420ed10;  1 drivers, strength-aware
L_0x56368420f1c0 .functor BUFT 1, C8<771>, C4<0>, C4<0>, C4<0>;
v0x563683ff5dc0_0 .net8 "VPWR", 0 0, L_0x56368420f1c0;  1 drivers, strength-aware
v0x563683ff5f10_0 .net "X", 0 0, L_0x563683f66af0;  1 drivers
v0x563683ff5fd0_0 .net "and0_out", 0 0, L_0x563683f6d1a0;  1 drivers
v0x563683ff6090_0 .net "and1_out", 0 0, L_0x563683f65e80;  1 drivers
v0x563683ff7600_0 .net "or0_out_X", 0 0, L_0x563683f662a0;  1 drivers
S_0x5636848bfbd0 .scope module, "sky130_fd_sc_hd__a221oi_1" "sky130_fd_sc_hd__a221oi_1" 2 20392;
 .timescale -9 -12;
    .port_info 0 /OUTPUT 1 "Y";
    .port_info 1 /INPUT 1 "A1";
    .port_info 2 /INPUT 1 "A2";
    .port_info 3 /INPUT 1 "B1";
    .port_info 4 /INPUT 1 "B2";
    .port_info 5 /INPUT 1 "C1";
o0x7f0afd43ae68 .functor BUFZ 1, C4<z>; HiZ drive
o0x7f0afd43ae98 .functor BUFZ 1, C4<z>; HiZ drive
L_0x563683f65d20 .functor AND 1, o0x7f0afd43ae68, o0x7f0afd43ae98, C4<1>, C4<1>;
o0x7f0afd43ae08 .functor BUFZ 1, C4<z>; HiZ drive
o0x7f0afd43ae38 .functor BUFZ 1, C4<z>; HiZ drive
L_0x563683f66cc0 .functor AND 1, o0x7f0afd43ae08, o0x7f0afd43ae38, C4<1>, C4<1>;
o0x7f0afd43aec8 .functor BUFZ 1, C4<z>; HiZ drive
L_0x563683f5fcd0 .functor NOR 1, L_0x563683f65d20, o0x7f0afd43aec8, L_0x563683f66cc0, C4<0>;
L_0x563683f600f0 .functor BUF 1, L_0x563683f5fcd0, C4<0>, C4<0>, C4<0>;
v0x563683ff7780_0 .net "A1", 0 0, o0x7f0afd43ae08;  0 drivers
v0x563683ff7860_0 .net "A2", 0 0, o0x7f0afd43ae38;  0 drivers
v0x563683ff7920_0 .net "B1", 0 0, o0x7f0afd43ae68;  0 drivers
v0x563683ff79c0_0 .net "B2", 0 0, o0x7f0afd43ae98;  0 drivers
v0x563683ffd780_0 .net "C1", 0 0, o0x7f0afd43aec8;  0 drivers
L_0x56368420f390 .functor BUFT 1, C8<770>, C4<0>, C4<0>, C4<0>;
v0x563683ffd840_0 .net8 "VGND", 0 0, L_0x56368420f390;  1 drivers, strength-aware
L_0x56368420ea50 .functor BUFT 1, C8<770>, C4<0>, C4<0>, C4<0>;
v0x563683ffd900_0 .net8 "VNB", 0 0, L_0x56368420ea50;  1 drivers, strength-aware
L_0x56368420f730 .functor BUFT 1, C8<771>, C4<0>, C4<0>, C4<0>;
v0x563683ffd9c0_0 .net8 "VPB", 0 0, L_0x56368420f730;  1 drivers, strength-aware
L_0x56368420c360 .functor BUFT 1, C8<771>, C4<0>, C4<0>, C4<0>;
v0x563683ffda80_0 .net8 "VPWR", 0 0, L_0x56368420c360;  1 drivers, strength-aware
v0x5636840039d0_0 .net "Y", 0 0, L_0x563683f600f0;  1 drivers
v0x563684003a90_0 .net "and0_out", 0 0, L_0x563683f65d20;  1 drivers
v0x563684003b50_0 .net "and1_out", 0 0, L_0x563683f66cc0;  1 drivers
v0x563684003c10_0 .net "nor0_out_Y", 0 0, L_0x563683f5fcd0;  1 drivers
S_0x5636848bf0e0 .scope module, "sky130_fd_sc_hd__a221oi_2" "sky130_fd_sc_hd__a221oi_2" 2 20790;
 .timescale -9 -12;
    .port_info 0 /OUTPUT 1 "Y";
    .port_info 1 /INPUT 1 "A1";
    .port_info 2 /INPUT 1 "A2";
    .port_info 3 /INPUT 1 "B1";
    .port_info 4 /INPUT 1 "B2";
    .port_info 5 /INPUT 1 "C1";
o0x7f0afd43b1f8 .functor BUFZ 1, C4<z>; HiZ drive
o0x7f0afd43b228 .functor BUFZ 1, C4<z>; HiZ drive
L_0x563683f607e0 .functor AND 1, o0x7f0afd43b1f8, o0x7f0afd43b228, C4<1>, C4<1>;
o0x7f0afd43b198 .functor BUFZ 1, C4<z>; HiZ drive
o0x7f0afd43b1c8 .functor BUFZ 1, C4<z>; HiZ drive
L_0x563683f60610 .functor AND 1, o0x7f0afd43b198, o0x7f0afd43b1c8, C4<1>, C4<1>;
o0x7f0afd43b258 .functor BUFZ 1, C4<z>; HiZ drive
L_0x563683f609b0 .functor NOR 1, L_0x563683f607e0, o0x7f0afd43b258, L_0x563683f60610, C4<0>;
L_0x563683db5b90 .functor BUF 1, L_0x563683f609b0, C4<0>, C4<0>, C4<0>;
v0x563684003d90_0 .net "A1", 0 0, o0x7f0afd43b198;  0 drivers
v0x5636840097d0_0 .net "A2", 0 0, o0x7f0afd43b1c8;  0 drivers
v0x563684009870_0 .net "B1", 0 0, o0x7f0afd43b1f8;  0 drivers
v0x563684009910_0 .net "B2", 0 0, o0x7f0afd43b228;  0 drivers
v0x5636840099d0_0 .net "C1", 0 0, o0x7f0afd43b258;  0 drivers
L_0x56368420c620 .functor BUFT 1, C8<770>, C4<0>, C4<0>, C4<0>;
v0x563684009a90_0 .net8 "VGND", 0 0, L_0x56368420c620;  1 drivers, strength-aware
L_0x56368420cd10 .functor BUFT 1, C8<770>, C4<0>, C4<0>, C4<0>;
v0x563684009b50_0 .net8 "VNB", 0 0, L_0x56368420cd10;  1 drivers, strength-aware
L_0x56368420cb40 .functor BUFT 1, C8<771>, C4<0>, C4<0>, C4<0>;
v0x56368400df60_0 .net8 "VPB", 0 0, L_0x56368420cb40;  1 drivers, strength-aware
L_0x56368420d0b0 .functor BUFT 1, C8<771>, C4<0>, C4<0>, C4<0>;
v0x56368400e020_0 .net8 "VPWR", 0 0, L_0x56368420d0b0;  1 drivers, strength-aware
v0x56368400e170_0 .net "Y", 0 0, L_0x563683db5b90;  1 drivers
v0x56368400e230_0 .net "and0_out", 0 0, L_0x563683f607e0;  1 drivers
v0x56368400e2f0_0 .net "and1_out", 0 0, L_0x563683f60610;  1 drivers
v0x5636840126f0_0 .net "nor0_out_Y", 0 0, L_0x563683f609b0;  1 drivers
S_0x5636848bd800 .scope module, "sky130_fd_sc_hd__a221oi_4" "sky130_fd_sc_hd__a221oi_4" 2 21188;
 .timescale -9 -12;
    .port_info 0 /OUTPUT 1 "Y";
    .port_info 1 /INPUT 1 "A1";
    .port_info 2 /INPUT 1 "A2";
    .port_info 3 /INPUT 1 "B1";
    .port_info 4 /INPUT 1 "B2";
    .port_info 5 /INPUT 1 "C1";
o0x7f0afd43b588 .functor BUFZ 1, C4<z>; HiZ drive
o0x7f0afd43b5b8 .functor BUFZ 1, C4<z>; HiZ drive
L_0x563683db5620 .functor AND 1, o0x7f0afd43b588, o0x7f0afd43b5b8, C4<1>, C4<1>;
o0x7f0afd43b528 .functor BUFZ 1, C4<z>; HiZ drive
o0x7f0afd43b558 .functor BUFZ 1, C4<z>; HiZ drive
L_0x563683db4b70 .functor AND 1, o0x7f0afd43b528, o0x7f0afd43b558, C4<1>, C4<1>;
o0x7f0afd43b5e8 .functor BUFZ 1, C4<z>; HiZ drive
L_0x563683db49a0 .functor NOR 1, L_0x563683db5620, o0x7f0afd43b5e8, L_0x563683db4b70, C4<0>;
L_0x563683db40c0 .functor BUF 1, L_0x563683db49a0, C4<0>, C4<0>, C4<0>;
v0x563684012870_0 .net "A1", 0 0, o0x7f0afd43b528;  0 drivers
v0x563684012950_0 .net "A2", 0 0, o0x7f0afd43b558;  0 drivers
v0x563684012a10_0 .net "B1", 0 0, o0x7f0afd43b588;  0 drivers
v0x563684012ab0_0 .net "B2", 0 0, o0x7f0afd43b5b8;  0 drivers
v0x563684016c50_0 .net "C1", 0 0, o0x7f0afd43b5e8;  0 drivers
L_0x563684209b10 .functor BUFT 1, C8<770>, C4<0>, C4<0>, C4<0>;
v0x563684016d10_0 .net8 "VGND", 0 0, L_0x563684209b10;  1 drivers, strength-aware
L_0x563684209c70 .functor BUFT 1, C8<770>, C4<0>, C4<0>, C4<0>;
v0x563684016dd0_0 .net8 "VNB", 0 0, L_0x563684209c70;  1 drivers, strength-aware
L_0x56368420a120 .functor BUFT 1, C8<771>, C4<0>, C4<0>, C4<0>;
v0x563684016e90_0 .net8 "VPB", 0 0, L_0x56368420a120;  1 drivers, strength-aware
L_0x56368420a4c0 .functor BUFT 1, C8<771>, C4<0>, C4<0>, C4<0>;
v0x563684016f50_0 .net8 "VPWR", 0 0, L_0x56368420a4c0;  1 drivers, strength-aware
v0x56368401ad60_0 .net "Y", 0 0, L_0x563683db40c0;  1 drivers
v0x56368401ae20_0 .net "and0_out", 0 0, L_0x563683db5620;  1 drivers
v0x56368401aee0_0 .net "and1_out", 0 0, L_0x563683db4b70;  1 drivers
v0x56368401afa0_0 .net "nor0_out_Y", 0 0, L_0x563683db49a0;  1 drivers
S_0x5636848bc540 .scope module, "sky130_fd_sc_hd__a222oi_1" "sky130_fd_sc_hd__a222oi_1" 2 21631;
 .timescale -9 -12;
    .port_info 0 /OUTPUT 1 "Y";
    .port_info 1 /INPUT 1 "A1";
    .port_info 2 /INPUT 1 "A2";
    .port_info 3 /INPUT 1 "B1";
    .port_info 4 /INPUT 1 "B2";
    .port_info 5 /INPUT 1 "C1";
    .port_info 6 /INPUT 1 "C2";
o0x7f0afd43b8e8 .functor BUFZ 1, C4<z>; HiZ drive
o0x7f0afd43b8b8 .functor BUFZ 1, C4<z>; HiZ drive
L_0x563683db6470 .functor NAND 1, o0x7f0afd43b8e8, o0x7f0afd43b8b8, C4<1>, C4<1>;
o0x7f0afd43b948 .functor BUFZ 1, C4<z>; HiZ drive
o0x7f0afd43b918 .functor BUFZ 1, C4<z>; HiZ drive
L_0x563683db6810 .functor NAND 1, o0x7f0afd43b948, o0x7f0afd43b918, C4<1>, C4<1>;
o0x7f0afd43b9a8 .functor BUFZ 1, C4<z>; HiZ drive
o0x7f0afd43b978 .functor BUFZ 1, C4<z>; HiZ drive
L_0x563683db3270 .functor NAND 1, o0x7f0afd43b9a8, o0x7f0afd43b978, C4<1>, C4<1>;
L_0x563683db3440 .functor AND 1, L_0x563683db6470, L_0x563683db6810, L_0x563683db3270, C4<1>;
L_0x563683db2420 .functor BUF 1, L_0x563683db3440, C4<0>, C4<0>, C4<0>;
v0x56368401b120_0 .net "A1", 0 0, o0x7f0afd43b8b8;  0 drivers
v0x56368401ee70_0 .net "A2", 0 0, o0x7f0afd43b8e8;  0 drivers
v0x56368401ef10_0 .net "B1", 0 0, o0x7f0afd43b918;  0 drivers
v0x56368401efb0_0 .net "B2", 0 0, o0x7f0afd43b948;  0 drivers
v0x56368401f070_0 .net "C1", 0 0, o0x7f0afd43b978;  0 drivers
v0x56368401f130_0 .net "C2", 0 0, o0x7f0afd43b9a8;  0 drivers
L_0x5636842099b0 .functor BUFT 1, C8<770>, C4<0>, C4<0>, C4<0>;
v0x56368401f1f0_0 .net8 "VGND", 0 0, L_0x5636842099b0;  1 drivers, strength-aware
L_0x56368420a690 .functor BUFT 1, C8<770>, C4<0>, C4<0>, C4<0>;
v0x563684022f80_0 .net8 "VNB", 0 0, L_0x56368420a690;  1 drivers, strength-aware
L_0x5636842076f0 .functor BUFT 1, C8<771>, C4<0>, C4<0>, C4<0>;
v0x563684023040_0 .net8 "VPB", 0 0, L_0x5636842076f0;  1 drivers, strength-aware
L_0x5636842079b0 .functor BUFT 1, C8<771>, C4<0>, C4<0>, C4<0>;
v0x563684023190_0 .net8 "VPWR", 0 0, L_0x5636842079b0;  1 drivers, strength-aware
v0x563684023250_0 .net "Y", 0 0, L_0x563683db2420;  1 drivers
v0x563684023310_0 .net "and0_out_Y", 0 0, L_0x563683db3440;  1 drivers
v0x563684027860_0 .net "nand0_out", 0 0, L_0x563683db6470;  1 drivers
v0x563684027920_0 .net "nand1_out", 0 0, L_0x563683db6810;  1 drivers
v0x5636840279e0_0 .net "nand2_out", 0 0, L_0x563683db3270;  1 drivers
S_0x5636848bba50 .scope module, "sky130_fd_sc_hd__a22o_1" "sky130_fd_sc_hd__a22o_1" 2 7897;
 .timescale -9 -12;
    .port_info 0 /OUTPUT 1 "X";
    .port_info 1 /INPUT 1 "A1";
    .port_info 2 /INPUT 1 "A2";
    .port_info 3 /INPUT 1 "B1";
    .port_info 4 /INPUT 1 "B2";
o0x7f0afd43bd38 .functor BUFZ 1, C4<z>; HiZ drive
o0x7f0afd43bd68 .functor BUFZ 1, C4<z>; HiZ drive
L_0x563683db1d10 .functor AND 1, o0x7f0afd43bd38, o0x7f0afd43bd68, C4<1>, C4<1>;
o0x7f0afd43bcd8 .functor BUFZ 1, C4<z>; HiZ drive
o0x7f0afd43bd08 .functor BUFZ 1, C4<z>; HiZ drive
L_0x563683db1b40 .functor AND 1, o0x7f0afd43bcd8, o0x7f0afd43bd08, C4<1>, C4<1>;
L_0x563683dab830 .functor OR 1, L_0x563683db1b40, L_0x563683db1d10, C4<0>, C4<0>;
L_0x5636848c2770 .functor BUF 1, L_0x563683dab830, C4<0>, C4<0>, C4<0>;
v0x563684027b80_0 .net "A1", 0 0, o0x7f0afd43bcd8;  0 drivers
v0x563684027c60_0 .net "A2", 0 0, o0x7f0afd43bd08;  0 drivers
v0x56368402c140_0 .net "B1", 0 0, o0x7f0afd43bd38;  0 drivers
v0x56368402c1e0_0 .net "B2", 0 0, o0x7f0afd43bd68;  0 drivers
L_0x56368401f2c0 .functor BUFT 1, C8<770>, C4<0>, C4<0>, C4<0>;
v0x56368402c2a0_0 .net8 "VGND", 0 0, L_0x56368401f2c0;  1 drivers, strength-aware
L_0x5636842080a0 .functor BUFT 1, C8<770>, C4<0>, C4<0>, C4<0>;
v0x56368402c360_0 .net8 "VNB", 0 0, L_0x5636842080a0;  1 drivers, strength-aware
L_0x563684207ed0 .functor BUFT 1, C8<771>, C4<0>, C4<0>, C4<0>;
v0x56368402c420_0 .net8 "VPB", 0 0, L_0x563684207ed0;  1 drivers, strength-aware
L_0x563684207590 .functor BUFT 1, C8<771>, C4<0>, C4<0>, C4<0>;
v0x56368402c4e0_0 .net8 "VPWR", 0 0, L_0x563684207590;  1 drivers, strength-aware
v0x563684030090_0 .net "X", 0 0, L_0x5636848c2770;  1 drivers
v0x5636840301e0_0 .net "and0_out", 0 0, L_0x563683db1d10;  1 drivers
v0x5636840302a0_0 .net "and1_out", 0 0, L_0x563683db1b40;  1 drivers
v0x563684030360_0 .net "or0_out_X", 0 0, L_0x563683dab830;  1 drivers
S_0x5636848baf60 .scope module, "sky130_fd_sc_hd__a22o_2" "sky130_fd_sc_hd__a22o_2" 2 8269;
 .timescale -9 -12;
    .port_info 0 /OUTPUT 1 "X";
    .port_info 1 /INPUT 1 "A1";
    .port_info 2 /INPUT 1 "A2";
    .port_info 3 /INPUT 1 "B1";
    .port_info 4 /INPUT 1 "B2";
o0x7f0afd43c068 .functor BUFZ 1, C4<z>; HiZ drive
o0x7f0afd43c098 .functor BUFZ 1, C4<z>; HiZ drive
L_0x5636848a1930 .functor AND 1, o0x7f0afd43c068, o0x7f0afd43c098, C4<1>, C4<1>;
o0x7f0afd43c008 .functor BUFZ 1, C4<z>; HiZ drive
o0x7f0afd43c038 .functor BUFZ 1, C4<z>; HiZ drive
L_0x5636848506d0 .functor AND 1, o0x7f0afd43c008, o0x7f0afd43c038, C4<1>, C4<1>;
L_0x563684841780 .functor OR 1, L_0x5636848506d0, L_0x5636848a1930, C4<0>, C4<0>;
L_0x5636848305d0 .functor BUF 1, L_0x563684841780, C4<0>, C4<0>, C4<0>;
v0x563684033fe0_0 .net "A1", 0 0, o0x7f0afd43c008;  0 drivers
v0x5636840340c0_0 .net "A2", 0 0, o0x7f0afd43c038;  0 drivers
v0x563684034180_0 .net "B1", 0 0, o0x7f0afd43c068;  0 drivers
v0x563684034220_0 .net "B2", 0 0, o0x7f0afd43c098;  0 drivers
L_0x5636842052e0 .functor BUFT 1, C8<770>, C4<0>, C4<0>, C4<0>;
v0x5636840342e0_0 .net8 "VGND", 0 0, L_0x5636842052e0;  1 drivers, strength-aware
L_0x563684205440 .functor BUFT 1, C8<770>, C4<0>, C4<0>, C4<0>;
v0x5636840343a0_0 .net8 "VNB", 0 0, L_0x563684205440;  1 drivers, strength-aware
L_0x5636842058f0 .functor BUFT 1, C8<771>, C4<0>, C4<0>, C4<0>;
v0x563684037f30_0 .net8 "VPB", 0 0, L_0x5636842058f0;  1 drivers, strength-aware
L_0x563684205c90 .functor BUFT 1, C8<771>, C4<0>, C4<0>, C4<0>;
v0x563684037ff0_0 .net8 "VPWR", 0 0, L_0x563684205c90;  1 drivers, strength-aware
v0x5636840380b0_0 .net "X", 0 0, L_0x5636848305d0;  1 drivers
v0x563684038170_0 .net "and0_out", 0 0, L_0x5636848a1930;  1 drivers
v0x563684038230_0 .net "and1_out", 0 0, L_0x5636848506d0;  1 drivers
v0x5636840382f0_0 .net "or0_out_X", 0 0, L_0x563684841780;  1 drivers
S_0x5636848b9560 .scope module, "sky130_fd_sc_hd__a22o_4" "sky130_fd_sc_hd__a22o_4" 2 8641;
 .timescale -9 -12;
    .port_info 0 /OUTPUT 1 "X";
    .port_info 1 /INPUT 1 "A1";
    .port_info 2 /INPUT 1 "A2";
    .port_info 3 /INPUT 1 "B1";
    .port_info 4 /INPUT 1 "B2";
o0x7f0afd43c398 .functor BUFZ 1, C4<z>; HiZ drive
o0x7f0afd43c3c8 .functor BUFZ 1, C4<z>; HiZ drive
L_0x5636848217e0 .functor AND 1, o0x7f0afd43c398, o0x7f0afd43c3c8, C4<1>, C4<1>;
o0x7f0afd43c338 .functor BUFZ 1, C4<z>; HiZ drive
o0x7f0afd43c368 .functor BUFZ 1, C4<z>; HiZ drive
L_0x563684891e50 .functor AND 1, o0x7f0afd43c338, o0x7f0afd43c368, C4<1>, C4<1>;
L_0x563683ff54c0 .functor OR 1, L_0x563684891e50, L_0x5636848217e0, C4<0>, C4<0>;
L_0x5636840b1060 .functor BUF 1, L_0x563683ff54c0, C4<0>, C4<0>, C4<0>;
v0x56368403b100_0 .net "A1", 0 0, o0x7f0afd43c338;  0 drivers
v0x56368403b1c0_0 .net "A2", 0 0, o0x7f0afd43c368;  0 drivers
v0x56368403b280_0 .net "B1", 0 0, o0x7f0afd43c398;  0 drivers
v0x56368403b320_0 .net "B2", 0 0, o0x7f0afd43c3c8;  0 drivers
L_0x563684205700 .functor BUFT 1, C8<770>, C4<0>, C4<0>, C4<0>;
v0x56368403b3e0_0 .net8 "VGND", 0 0, L_0x563684205700;  1 drivers, strength-aware
L_0x563684205e60 .functor BUFT 1, C8<770>, C4<0>, C4<0>, C4<0>;
v0x56368403b4a0_0 .net8 "VNB", 0 0, L_0x563684205e60;  1 drivers, strength-aware
L_0x563684202ed0 .functor BUFT 1, C8<771>, C4<0>, C4<0>, C4<0>;
v0x56368403e2d0_0 .net8 "VPB", 0 0, L_0x563684202ed0;  1 drivers, strength-aware
L_0x563684203190 .functor BUFT 1, C8<771>, C4<0>, C4<0>, C4<0>;
v0x56368403e390_0 .net8 "VPWR", 0 0, L_0x563684203190;  1 drivers, strength-aware
v0x56368403e450_0 .net "X", 0 0, L_0x5636840b1060;  1 drivers
v0x56368403e5a0_0 .net "and0_out", 0 0, L_0x5636848217e0;  1 drivers
v0x56368403e660_0 .net "and1_out", 0 0, L_0x563684891e50;  1 drivers
v0x563684040d20_0 .net "or0_out_X", 0 0, L_0x563683ff54c0;  1 drivers
S_0x5636848b82a0 .scope module, "sky130_fd_sc_hd__a22oi_1" "sky130_fd_sc_hd__a22oi_1" 2 9013;
 .timescale -9 -12;
    .port_info 0 /OUTPUT 1 "Y";
    .port_info 1 /INPUT 1 "A1";
    .port_info 2 /INPUT 1 "A2";
    .port_info 3 /INPUT 1 "B1";
    .port_info 4 /INPUT 1 "B2";
o0x7f0afd43c698 .functor BUFZ 1, C4<z>; HiZ drive
o0x7f0afd43c668 .functor BUFZ 1, C4<z>; HiZ drive
L_0x56368411e810 .functor NAND 1, o0x7f0afd43c698, o0x7f0afd43c668, C4<1>, C4<1>;
o0x7f0afd43c6f8 .functor BUFZ 1, C4<z>; HiZ drive
o0x7f0afd43c6c8 .functor BUFZ 1, C4<z>; HiZ drive
L_0x563684131eb0 .functor NAND 1, o0x7f0afd43c6f8, o0x7f0afd43c6c8, C4<1>, C4<1>;
L_0x56368413f490 .functor AND 1, L_0x56368411e810, L_0x563684131eb0, C4<1>, C4<1>;
L_0x56368424e7f0 .functor BUF 1, L_0x56368413f490, C4<0>, C4<0>, C4<0>;
v0x563684040e80_0 .net "A1", 0 0, o0x7f0afd43c668;  0 drivers
v0x563684040f60_0 .net "A2", 0 0, o0x7f0afd43c698;  0 drivers
v0x563684041020_0 .net "B1", 0 0, o0x7f0afd43c6c8;  0 drivers
v0x5636840410c0_0 .net "B2", 0 0, o0x7f0afd43c6f8;  0 drivers
L_0x563684203880 .functor BUFT 1, C8<770>, C4<0>, C4<0>, C4<0>;
v0x563684043770_0 .net8 "VGND", 0 0, L_0x563684203880;  1 drivers, strength-aware
L_0x5636842036b0 .functor BUFT 1, C8<770>, C4<0>, C4<0>, C4<0>;
v0x563684043830_0 .net8 "VNB", 0 0, L_0x5636842036b0;  1 drivers, strength-aware
L_0x563684202d70 .functor BUFT 1, C8<771>, C4<0>, C4<0>, C4<0>;
v0x5636840438f0_0 .net8 "VPB", 0 0, L_0x563684202d70;  1 drivers, strength-aware
L_0x563684203a50 .functor BUFT 1, C8<771>, C4<0>, C4<0>, C4<0>;
v0x5636840439b0_0 .net8 "VPWR", 0 0, L_0x563684203a50;  1 drivers, strength-aware
v0x563684043a70_0 .net "Y", 0 0, L_0x56368424e7f0;  1 drivers
v0x563684046f50_0 .net "and0_out_Y", 0 0, L_0x56368413f490;  1 drivers
v0x563684047010_0 .net "nand0_out", 0 0, L_0x56368411e810;  1 drivers
v0x5636840470d0_0 .net "nand1_out", 0 0, L_0x563684131eb0;  1 drivers
S_0x5636848b77b0 .scope module, "sky130_fd_sc_hd__a22oi_2" "sky130_fd_sc_hd__a22oi_2" 2 9385;
 .timescale -9 -12;
    .port_info 0 /OUTPUT 1 "Y";
    .port_info 1 /INPUT 1 "A1";
    .port_info 2 /INPUT 1 "A2";
    .port_info 3 /INPUT 1 "B1";
    .port_info 4 /INPUT 1 "B2";
o0x7f0afd43c9c8 .functor BUFZ 1, C4<z>; HiZ drive
o0x7f0afd43c998 .functor BUFZ 1, C4<z>; HiZ drive
L_0x563684366de0 .functor NAND 1, o0x7f0afd43c9c8, o0x7f0afd43c998, C4<1>, C4<1>;
o0x7f0afd43ca28 .functor BUFZ 1, C4<z>; HiZ drive
o0x7f0afd43c9f8 .functor BUFZ 1, C4<z>; HiZ drive
L_0x5636842b9140 .functor NAND 1, o0x7f0afd43ca28, o0x7f0afd43c9f8, C4<1>, C4<1>;
L_0x5636843f66b0 .functor AND 1, L_0x563684366de0, L_0x5636842b9140, C4<1>, C4<1>;
L_0x5636844b8d30 .functor BUF 1, L_0x5636843f66b0, C4<0>, C4<0>, C4<0>;
v0x563684047230_0 .net "A1", 0 0, o0x7f0afd43c998;  0 drivers
v0x563684047310_0 .net "A2", 0 0, o0x7f0afd43c9c8;  0 drivers
v0x563684049f50_0 .net "B1", 0 0, o0x7f0afd43c9f8;  0 drivers
v0x563684049ff0_0 .net "B2", 0 0, o0x7f0afd43ca28;  0 drivers
L_0x563684200bf0 .functor BUFT 1, C8<770>, C4<0>, C4<0>, C4<0>;
v0x56368404a0b0_0 .net8 "VGND", 0 0, L_0x563684200bf0;  1 drivers, strength-aware
L_0x5636842012e0 .functor BUFT 1, C8<770>, C4<0>, C4<0>, C4<0>;
v0x56368404a170_0 .net8 "VNB", 0 0, L_0x5636842012e0;  1 drivers, strength-aware
L_0x563684201110 .functor BUFT 1, C8<771>, C4<0>, C4<0>, C4<0>;
v0x56368404a230_0 .net8 "VPB", 0 0, L_0x563684201110;  1 drivers, strength-aware
L_0x563684201680 .functor BUFT 1, C8<771>, C4<0>, C4<0>, C4<0>;
v0x56368404a2f0_0 .net8 "VPWR", 0 0, L_0x563684201680;  1 drivers, strength-aware
v0x56368404cdf0_0 .net "Y", 0 0, L_0x5636844b8d30;  1 drivers
v0x56368404cf40_0 .net "and0_out_Y", 0 0, L_0x5636843f66b0;  1 drivers
v0x56368404d000_0 .net "nand0_out", 0 0, L_0x563684366de0;  1 drivers
v0x56368404d0c0_0 .net "nand1_out", 0 0, L_0x5636842b9140;  1 drivers
S_0x5636848b6cc0 .scope module, "sky130_fd_sc_hd__a22oi_4" "sky130_fd_sc_hd__a22oi_4" 2 9757;
 .timescale -9 -12;
    .port_info 0 /OUTPUT 1 "Y";
    .port_info 1 /INPUT 1 "A1";
    .port_info 2 /INPUT 1 "A2";
    .port_info 3 /INPUT 1 "B1";
    .port_info 4 /INPUT 1 "B2";
o0x7f0afd43ccf8 .functor BUFZ 1, C4<z>; HiZ drive
o0x7f0afd43ccc8 .functor BUFZ 1, C4<z>; HiZ drive
L_0x563684976270 .functor NAND 1, o0x7f0afd43ccf8, o0x7f0afd43ccc8, C4<1>, C4<1>;
o0x7f0afd43cd58 .functor BUFZ 1, C4<z>; HiZ drive
o0x7f0afd43cd28 .functor BUFZ 1, C4<z>; HiZ drive
L_0x5636849762e0 .functor NAND 1, o0x7f0afd43cd58, o0x7f0afd43cd28, C4<1>, C4<1>;
L_0x5636849763b0 .functor AND 1, L_0x563684976270, L_0x5636849762e0, C4<1>, C4<1>;
L_0x5636849764f0 .functor BUF 1, L_0x5636849763b0, C4<0>, C4<0>, C4<0>;
v0x56368404fc90_0 .net "A1", 0 0, o0x7f0afd43ccc8;  0 drivers
v0x56368404fd70_0 .net "A2", 0 0, o0x7f0afd43ccf8;  0 drivers
v0x56368404fe30_0 .net "B1", 0 0, o0x7f0afd43cd28;  0 drivers
v0x56368404fed0_0 .net "B2", 0 0, o0x7f0afd43cd58;  0 drivers
L_0x5636841fe740 .functor BUFT 1, C8<770>, C4<0>, C4<0>, C4<0>;
v0x56368404ff90_0 .net8 "VGND", 0 0, L_0x5636841fe740;  1 drivers, strength-aware
L_0x5636841fe8a0 .functor BUFT 1, C8<770>, C4<0>, C4<0>, C4<0>;
v0x563684050050_0 .net8 "VNB", 0 0, L_0x5636841fe8a0;  1 drivers, strength-aware
L_0x5636841fef90 .functor BUFT 1, C8<771>, C4<0>, C4<0>, C4<0>;
v0x563684055250_0 .net8 "VPB", 0 0, L_0x5636841fef90;  1 drivers, strength-aware
L_0x5636841fedc0 .functor BUFT 1, C8<771>, C4<0>, C4<0>, C4<0>;
v0x563684055310_0 .net8 "VPWR", 0 0, L_0x5636841fedc0;  1 drivers, strength-aware
v0x5636840553d0_0 .net "Y", 0 0, L_0x5636849764f0;  1 drivers
v0x563684055490_0 .net "and0_out_Y", 0 0, L_0x5636849763b0;  1 drivers
v0x563684055550_0 .net "nand0_out", 0 0, L_0x563684976270;  1 drivers
v0x563684055610_0 .net "nand1_out", 0 0, L_0x5636849762e0;  1 drivers
S_0x5636848b52c0 .scope module, "sky130_fd_sc_hd__a2bb2o_1" "sky130_fd_sc_hd__a2bb2o_1" 2 1127;
 .timescale -9 -12;
    .port_info 0 /OUTPUT 1 "X";
    .port_info 1 /INPUT 1 "A1_N";
    .port_info 2 /INPUT 1 "A2_N";
    .port_info 3 /INPUT 1 "B1";
    .port_info 4 /INPUT 1 "B2";
o0x7f0afd43d058 .functor BUFZ 1, C4<z>; HiZ drive
o0x7f0afd43d088 .functor BUFZ 1, C4<z>; HiZ drive
L_0x5636849765b0 .functor AND 1, o0x7f0afd43d058, o0x7f0afd43d088, C4<1>, C4<1>;
o0x7f0afd43cff8 .functor BUFZ 1, C4<z>; HiZ drive
o0x7f0afd43d028 .functor BUFZ 1, C4<z>; HiZ drive
L_0x563684976650 .functor NOR 1, o0x7f0afd43cff8, o0x7f0afd43d028, C4<0>, C4<0>;
L_0x563684976790 .functor OR 1, L_0x563684976650, L_0x5636849765b0, C4<0>, C4<0>;
L_0x5636849768a0 .functor BUF 1, L_0x563684976790, C4<0>, C4<0>, C4<0>;
v0x56368405a810_0 .net "A1_N", 0 0, o0x7f0afd43cff8;  0 drivers
v0x56368405a8d0_0 .net "A2_N", 0 0, o0x7f0afd43d028;  0 drivers
v0x56368405a990_0 .net "B1", 0 0, o0x7f0afd43d058;  0 drivers
v0x56368405aa30_0 .net "B2", 0 0, o0x7f0afd43d088;  0 drivers
L_0x5636841ff330 .functor BUFT 1, C8<770>, C4<0>, C4<0>, C4<0>;
v0x56368405aaf0_0 .net8 "VGND", 0 0, L_0x5636841ff330;  1 drivers, strength-aware
L_0x5636841fc3f0 .functor BUFT 1, C8<770>, C4<0>, C4<0>, C4<0>;
v0x56368405abb0_0 .net8 "VNB", 0 0, L_0x5636841fc3f0;  1 drivers, strength-aware
L_0x5636841fc550 .functor BUFT 1, C8<771>, C4<0>, C4<0>, C4<0>;
v0x56368405f980_0 .net8 "VPB", 0 0, L_0x5636841fc550;  1 drivers, strength-aware
L_0x5636841fcc40 .functor BUFT 1, C8<771>, C4<0>, C4<0>, C4<0>;
v0x56368405fa40_0 .net8 "VPWR", 0 0, L_0x5636841fcc40;  1 drivers, strength-aware
v0x56368405fb00_0 .net "X", 0 0, L_0x5636849768a0;  1 drivers
v0x56368405fc50_0 .net "and0_out", 0 0, L_0x5636849765b0;  1 drivers
v0x56368405fd10_0 .net "nor0_out", 0 0, L_0x563684976650;  1 drivers
v0x563684064af0_0 .net "or0_out_X", 0 0, L_0x563684976790;  1 drivers
S_0x5636848b4000 .scope module, "sky130_fd_sc_hd__a2bb2o_2" "sky130_fd_sc_hd__a2bb2o_2" 2 1504;
 .timescale -9 -12;
    .port_info 0 /OUTPUT 1 "X";
    .port_info 1 /INPUT 1 "A1_N";
    .port_info 2 /INPUT 1 "A2_N";
    .port_info 3 /INPUT 1 "B1";
    .port_info 4 /INPUT 1 "B2";
o0x7f0afd43d388 .functor BUFZ 1, C4<z>; HiZ drive
o0x7f0afd43d3b8 .functor BUFZ 1, C4<z>; HiZ drive
L_0x5636849769b0 .functor AND 1, o0x7f0afd43d388, o0x7f0afd43d3b8, C4<1>, C4<1>;
o0x7f0afd43d328 .functor BUFZ 1, C4<z>; HiZ drive
o0x7f0afd43d358 .functor BUFZ 1, C4<z>; HiZ drive
L_0x563684976a50 .functor NOR 1, o0x7f0afd43d328, o0x7f0afd43d358, C4<0>, C4<0>;
L_0x563684976b50 .functor OR 1, L_0x563684976a50, L_0x5636849769b0, C4<0>, C4<0>;
L_0x563684976c90 .functor BUF 1, L_0x563684976b50, C4<0>, C4<0>, C4<0>;
v0x563684064c50_0 .net "A1_N", 0 0, o0x7f0afd43d328;  0 drivers
v0x563684064d30_0 .net "A2_N", 0 0, o0x7f0afd43d358;  0 drivers
v0x563684064df0_0 .net "B1", 0 0, o0x7f0afd43d388;  0 drivers
v0x563684064e90_0 .net "B2", 0 0, o0x7f0afd43d3b8;  0 drivers
L_0x5636841fc290 .functor BUFT 1, C8<770>, C4<0>, C4<0>, C4<0>;
v0x5636840694a0_0 .net8 "VGND", 0 0, L_0x5636841fc290;  1 drivers, strength-aware
L_0x5636841fcfe0 .functor BUFT 1, C8<770>, C4<0>, C4<0>, C4<0>;
v0x563684069560_0 .net8 "VNB", 0 0, L_0x5636841fcfe0;  1 drivers, strength-aware
L_0x5636841fa4e0 .functor BUFT 1, C8<771>, C4<0>, C4<0>, C4<0>;
v0x563684069620_0 .net8 "VPB", 0 0, L_0x5636841fa4e0;  1 drivers, strength-aware
L_0x5636841fa640 .functor BUFT 1, C8<771>, C4<0>, C4<0>, C4<0>;
v0x5636840696e0_0 .net8 "VPWR", 0 0, L_0x5636841fa640;  1 drivers, strength-aware
v0x5636840697a0_0 .net "X", 0 0, L_0x563684976c90;  1 drivers
v0x56368406de50_0 .net "and0_out", 0 0, L_0x5636849769b0;  1 drivers
v0x56368406df10_0 .net "nor0_out", 0 0, L_0x563684976a50;  1 drivers
v0x56368406dfd0_0 .net "or0_out_X", 0 0, L_0x563684976b50;  1 drivers
S_0x5636848b3510 .scope module, "sky130_fd_sc_hd__a2bb2o_4" "sky130_fd_sc_hd__a2bb2o_4" 2 1881;
 .timescale -9 -12;
    .port_info 0 /OUTPUT 1 "X";
    .port_info 1 /INPUT 1 "A1_N";
    .port_info 2 /INPUT 1 "A2_N";
    .port_info 3 /INPUT 1 "B1";
    .port_info 4 /INPUT 1 "B2";
o0x7f0afd43d6b8 .functor BUFZ 1, C4<z>; HiZ drive
o0x7f0afd43d6e8 .functor BUFZ 1, C4<z>; HiZ drive
L_0x563684976d50 .functor AND 1, o0x7f0afd43d6b8, o0x7f0afd43d6e8, C4<1>, C4<1>;
o0x7f0afd43d658 .functor BUFZ 1, C4<z>; HiZ drive
o0x7f0afd43d688 .functor BUFZ 1, C4<z>; HiZ drive
L_0x563684976df0 .functor NOR 1, o0x7f0afd43d658, o0x7f0afd43d688, C4<0>, C4<0>;
L_0x563684976ef0 .functor OR 1, L_0x563684976df0, L_0x563684976d50, C4<0>, C4<0>;
L_0x563684977000 .functor BUF 1, L_0x563684976ef0, C4<0>, C4<0>, C4<0>;
v0x56368406e130_0 .net "A1_N", 0 0, o0x7f0afd43d658;  0 drivers
v0x56368406e210_0 .net "A2_N", 0 0, o0x7f0afd43d688;  0 drivers
v0x563684072800_0 .net "B1", 0 0, o0x7f0afd43d6b8;  0 drivers
v0x5636840728a0_0 .net "B2", 0 0, o0x7f0afd43d6e8;  0 drivers
L_0x5636841fad30 .functor BUFT 1, C8<770>, C4<0>, C4<0>, C4<0>;
v0x563684072960_0 .net8 "VGND", 0 0, L_0x5636841fad30;  1 drivers, strength-aware
L_0x5636841fa7a0 .functor BUFT 1, C8<770>, C4<0>, C4<0>, C4<0>;
v0x563684072a20_0 .net8 "VNB", 0 0, L_0x5636841fa7a0;  1 drivers, strength-aware
L_0x5636841fa380 .functor BUFT 1, C8<771>, C4<0>, C4<0>, C4<0>;
v0x563684072ae0_0 .net8 "VPB", 0 0, L_0x5636841fa380;  1 drivers, strength-aware
L_0x5636841f85e0 .functor BUFT 1, C8<771>, C4<0>, C4<0>, C4<0>;
v0x563684072ba0_0 .net8 "VPWR", 0 0, L_0x5636841f85e0;  1 drivers, strength-aware
v0x563684076d60_0 .net "X", 0 0, L_0x563684977000;  1 drivers
v0x563684076eb0_0 .net "and0_out", 0 0, L_0x563684976d50;  1 drivers
v0x563684076f70_0 .net "nor0_out", 0 0, L_0x563684976df0;  1 drivers
v0x563684077030_0 .net "or0_out_X", 0 0, L_0x563684976ef0;  1 drivers
S_0x5636848b2a20 .scope module, "sky130_fd_sc_hd__a2bb2oi_1" "sky130_fd_sc_hd__a2bb2oi_1" 2 2258;
 .timescale -9 -12;
    .port_info 0 /OUTPUT 1 "Y";
    .port_info 1 /INPUT 1 "A1_N";
    .port_info 2 /INPUT 1 "A2_N";
    .port_info 3 /INPUT 1 "B1";
    .port_info 4 /INPUT 1 "B2";
o0x7f0afd43d9e8 .functor BUFZ 1, C4<z>; HiZ drive
o0x7f0afd43da18 .functor BUFZ 1, C4<z>; HiZ drive
L_0x563684977110 .functor AND 1, o0x7f0afd43d9e8, o0x7f0afd43da18, C4<1>, C4<1>;
o0x7f0afd43d988 .functor BUFZ 1, C4<z>; HiZ drive
o0x7f0afd43d9b8 .functor BUFZ 1, C4<z>; HiZ drive
L_0x5636849771b0 .functor NOR 1, o0x7f0afd43d988, o0x7f0afd43d9b8, C4<0>, C4<0>;
L_0x5636849772b0 .functor NOR 1, L_0x5636849771b0, L_0x563684977110, C4<0>, C4<0>;
L_0x5636849773f0 .functor BUF 1, L_0x5636849772b0, C4<0>, C4<0>, C4<0>;
v0x56368407b2c0_0 .net "A1_N", 0 0, o0x7f0afd43d988;  0 drivers
v0x56368407b3a0_0 .net "A2_N", 0 0, o0x7f0afd43d9b8;  0 drivers
v0x56368407b460_0 .net "B1", 0 0, o0x7f0afd43d9e8;  0 drivers
v0x56368407b500_0 .net "B2", 0 0, o0x7f0afd43da18;  0 drivers
L_0x5636841f8a90 .functor BUFT 1, C8<770>, C4<0>, C4<0>, C4<0>;
v0x56368407b5c0_0 .net8 "VGND", 0 0, L_0x5636841f8a90;  1 drivers, strength-aware
L_0x5636841f8e30 .functor BUFT 1, C8<770>, C4<0>, C4<0>, C4<0>;
v0x56368407b680_0 .net8 "VNB", 0 0, L_0x5636841f8e30;  1 drivers, strength-aware
L_0x5636841f88a0 .functor BUFT 1, C8<771>, C4<0>, C4<0>, C4<0>;
v0x56368407f820_0 .net8 "VPB", 0 0, L_0x5636841f88a0;  1 drivers, strength-aware
L_0x5636841f8480 .functor BUFT 1, C8<771>, C4<0>, C4<0>, C4<0>;
v0x56368407f8e0_0 .net8 "VPWR", 0 0, L_0x5636841f8480;  1 drivers, strength-aware
v0x56368407f9a0_0 .net "Y", 0 0, L_0x5636849773f0;  1 drivers
v0x56368407fa60_0 .net "and0_out", 0 0, L_0x563684977110;  1 drivers
v0x56368407fb20_0 .net "nor0_out", 0 0, L_0x5636849771b0;  1 drivers
v0x56368407fbe0_0 .net "nor1_out_Y", 0 0, L_0x5636849772b0;  1 drivers
S_0x5636848b1140 .scope module, "sky130_fd_sc_hd__a2bb2oi_2" "sky130_fd_sc_hd__a2bb2oi_2" 2 2635;
 .timescale -9 -12;
    .port_info 0 /OUTPUT 1 "Y";
    .port_info 1 /INPUT 1 "A1_N";
    .port_info 2 /INPUT 1 "A2_N";
    .port_info 3 /INPUT 1 "B1";
    .port_info 4 /INPUT 1 "B2";
o0x7f0afd43dd18 .functor BUFZ 1, C4<z>; HiZ drive
o0x7f0afd43dd48 .functor BUFZ 1, C4<z>; HiZ drive
L_0x5636849774b0 .functor AND 1, o0x7f0afd43dd18, o0x7f0afd43dd48, C4<1>, C4<1>;
o0x7f0afd43dcb8 .functor BUFZ 1, C4<z>; HiZ drive
o0x7f0afd43dce8 .functor BUFZ 1, C4<z>; HiZ drive
L_0x563684977550 .functor NOR 1, o0x7f0afd43dcb8, o0x7f0afd43dce8, C4<0>, C4<0>;
L_0x563684977650 .functor NOR 1, L_0x563684977550, L_0x5636849774b0, C4<0>, C4<0>;
L_0x563684977760 .functor BUF 1, L_0x563684977650, C4<0>, C4<0>, C4<0>;
v0x563684083240_0 .net "A1_N", 0 0, o0x7f0afd43dcb8;  0 drivers
v0x563684083300_0 .net "A2_N", 0 0, o0x7f0afd43dce8;  0 drivers
v0x5636840833c0_0 .net "B1", 0 0, o0x7f0afd43dd18;  0 drivers
v0x563684083460_0 .net "B2", 0 0, o0x7f0afd43dd48;  0 drivers
L_0x5636841f66e0 .functor BUFT 1, C8<770>, C4<0>, C4<0>, C4<0>;
v0x563684083520_0 .net8 "VGND", 0 0, L_0x5636841f66e0;  1 drivers, strength-aware
L_0x5636841f6b90 .functor BUFT 1, C8<770>, C4<0>, C4<0>, C4<0>;
v0x5636840835e0_0 .net8 "VNB", 0 0, L_0x5636841f6b90;  1 drivers, strength-aware
L_0x5636841f6f30 .functor BUFT 1, C8<771>, C4<0>, C4<0>, C4<0>;
v0x563684086c60_0 .net8 "VPB", 0 0, L_0x5636841f6f30;  1 drivers, strength-aware
L_0x5636841f69a0 .functor BUFT 1, C8<771>, C4<0>, C4<0>, C4<0>;
v0x563684086d20_0 .net8 "VPWR", 0 0, L_0x5636841f69a0;  1 drivers, strength-aware
v0x563684086de0_0 .net "Y", 0 0, L_0x563684977760;  1 drivers
v0x563684086f30_0 .net "and0_out", 0 0, L_0x5636849774b0;  1 drivers
v0x563684086ff0_0 .net "nor0_out", 0 0, L_0x563684977550;  1 drivers
v0x56368408a230_0 .net "nor1_out_Y", 0 0, L_0x563684977650;  1 drivers
S_0x5636848afe80 .scope module, "sky130_fd_sc_hd__a2bb2oi_4" "sky130_fd_sc_hd__a2bb2oi_4" 2 3012;
 .timescale -9 -12;
    .port_info 0 /OUTPUT 1 "Y";
    .port_info 1 /INPUT 1 "A1_N";
    .port_info 2 /INPUT 1 "A2_N";
    .port_info 3 /INPUT 1 "B1";
    .port_info 4 /INPUT 1 "B2";
o0x7f0afd43e048 .functor BUFZ 1, C4<z>; HiZ drive
o0x7f0afd43e078 .functor BUFZ 1, C4<z>; HiZ drive
L_0x563684977870 .functor AND 1, o0x7f0afd43e048, o0x7f0afd43e078, C4<1>, C4<1>;
o0x7f0afd43dfe8 .functor BUFZ 1, C4<z>; HiZ drive
o0x7f0afd43e018 .functor BUFZ 1, C4<z>; HiZ drive
L_0x563684977910 .functor NOR 1, o0x7f0afd43dfe8, o0x7f0afd43e018, C4<0>, C4<0>;
L_0x563684977a10 .functor NOR 1, L_0x563684977910, L_0x563684977870, C4<0>, C4<0>;
L_0x563684977b50 .functor BUF 1, L_0x563684977a10, C4<0>, C4<0>, C4<0>;
v0x56368408a390_0 .net "A1_N", 0 0, o0x7f0afd43dfe8;  0 drivers
v0x56368408a470_0 .net "A2_N", 0 0, o0x7f0afd43e018;  0 drivers
v0x56368408a530_0 .net "B1", 0 0, o0x7f0afd43e048;  0 drivers
v0x56368408a5d0_0 .net "B2", 0 0, o0x7f0afd43e078;  0 drivers
L_0x5636841f7100 .functor BUFT 1, C8<770>, C4<0>, C4<0>, C4<0>;
v0x56368408d2d0_0 .net8 "VGND", 0 0, L_0x5636841f7100;  1 drivers, strength-aware
L_0x5636841f47e0 .functor BUFT 1, C8<770>, C4<0>, C4<0>, C4<0>;
v0x56368408d390_0 .net8 "VNB", 0 0, L_0x5636841f47e0;  1 drivers, strength-aware
L_0x5636841f4c90 .functor BUFT 1, C8<771>, C4<0>, C4<0>, C4<0>;
v0x56368408d450_0 .net8 "VPB", 0 0, L_0x5636841f4c90;  1 drivers, strength-aware
L_0x5636841f5030 .functor BUFT 1, C8<771>, C4<0>, C4<0>, C4<0>;
v0x56368408d510_0 .net8 "VPWR", 0 0, L_0x5636841f5030;  1 drivers, strength-aware
v0x56368408d5d0_0 .net "Y", 0 0, L_0x563684977b50;  1 drivers
v0x563684090370_0 .net "and0_out", 0 0, L_0x563684977870;  1 drivers
v0x563684090430_0 .net "nor0_out", 0 0, L_0x563684977910;  1 drivers
v0x5636840904f0_0 .net "nor1_out_Y", 0 0, L_0x563684977a10;  1 drivers
S_0x5636848af390 .scope module, "sky130_fd_sc_hd__a311o_1" "sky130_fd_sc_hd__a311o_1" 2 22056;
 .timescale -9 -12;
    .port_info 0 /OUTPUT 1 "X";
    .port_info 1 /INPUT 1 "A1";
    .port_info 2 /INPUT 1 "A2";
    .port_info 3 /INPUT 1 "A3";
    .port_info 4 /INPUT 1 "B1";
    .port_info 5 /INPUT 1 "C1";
o0x7f0afd43e378 .functor BUFZ 1, C4<z>; HiZ drive
o0x7f0afd43e318 .functor BUFZ 1, C4<z>; HiZ drive
o0x7f0afd43e348 .functor BUFZ 1, C4<z>; HiZ drive
L_0x563684977c10 .functor AND 1, o0x7f0afd43e378, o0x7f0afd43e318, o0x7f0afd43e348, C4<1>;
o0x7f0afd43e3d8 .functor BUFZ 1, C4<z>; HiZ drive
o0x7f0afd43e3a8 .functor BUFZ 1, C4<z>; HiZ drive
L_0x563684977d10 .functor OR 1, L_0x563684977c10, o0x7f0afd43e3d8, o0x7f0afd43e3a8, C4<0>;
L_0x563684977e60 .functor BUF 1, L_0x563684977d10, C4<0>, C4<0>, C4<0>;
v0x563684090650_0 .net "A1", 0 0, o0x7f0afd43e318;  0 drivers
v0x563684090730_0 .net "A2", 0 0, o0x7f0afd43e348;  0 drivers
v0x563684093410_0 .net "A3", 0 0, o0x7f0afd43e378;  0 drivers
v0x5636840934b0_0 .net "B1", 0 0, o0x7f0afd43e3a8;  0 drivers
v0x563684093570_0 .net "C1", 0 0, o0x7f0afd43e3d8;  0 drivers
L_0x5636841f4aa0 .functor BUFT 1, C8<770>, C4<0>, C4<0>, C4<0>;
v0x563684093630_0 .net8 "VGND", 0 0, L_0x5636841f4aa0;  1 drivers, strength-aware
L_0x5636841f5200 .functor BUFT 1, C8<770>, C4<0>, C4<0>, C4<0>;
v0x5636840936f0_0 .net8 "VNB", 0 0, L_0x5636841f5200;  1 drivers, strength-aware
L_0x5636841f1c90 .functor BUFT 1, C8<771>, C4<0>, C4<0>, C4<0>;
v0x5636840937b0_0 .net8 "VPB", 0 0, L_0x5636841f1c90;  1 drivers, strength-aware
L_0x5636841f1f50 .functor BUFT 1, C8<771>, C4<0>, C4<0>, C4<0>;
v0x563684096060_0 .net8 "VPWR", 0 0, L_0x5636841f1f50;  1 drivers, strength-aware
v0x5636840961b0_0 .net "X", 0 0, L_0x563684977e60;  1 drivers
v0x563684096270_0 .net "and0_out", 0 0, L_0x563684977c10;  1 drivers
v0x563684096330_0 .net "or0_out_X", 0 0, L_0x563684977d10;  1 drivers
S_0x5636848ae8a0 .scope module, "sky130_fd_sc_hd__a311o_2" "sky130_fd_sc_hd__a311o_2" 2 22438;
 .timescale -9 -12;
    .port_info 0 /OUTPUT 1 "X";
    .port_info 1 /INPUT 1 "A1";
    .port_info 2 /INPUT 1 "A2";
    .port_info 3 /INPUT 1 "A3";
    .port_info 4 /INPUT 1 "B1";
    .port_info 5 /INPUT 1 "C1";
o0x7f0afd43e6d8 .functor BUFZ 1, C4<z>; HiZ drive
o0x7f0afd43e678 .functor BUFZ 1, C4<z>; HiZ drive
o0x7f0afd43e6a8 .functor BUFZ 1, C4<z>; HiZ drive
L_0x563684977f20 .functor AND 1, o0x7f0afd43e6d8, o0x7f0afd43e678, o0x7f0afd43e6a8, C4<1>;
o0x7f0afd43e738 .functor BUFZ 1, C4<z>; HiZ drive
o0x7f0afd43e708 .functor BUFZ 1, C4<z>; HiZ drive
L_0x563684978050 .functor OR 1, L_0x563684977f20, o0x7f0afd43e738, o0x7f0afd43e708, C4<0>;
L_0x5636849781a0 .functor BUF 1, L_0x563684978050, C4<0>, C4<0>, C4<0>;
v0x563684097970_0 .net "A1", 0 0, o0x7f0afd43e678;  0 drivers
v0x563684097a50_0 .net "A2", 0 0, o0x7f0afd43e6a8;  0 drivers
v0x563684097b10_0 .net "A3", 0 0, o0x7f0afd43e6d8;  0 drivers
v0x563684097bb0_0 .net "B1", 0 0, o0x7f0afd43e708;  0 drivers
v0x563684097c70_0 .net "C1", 0 0, o0x7f0afd43e738;  0 drivers
L_0x5636841f2400 .functor BUFT 1, C8<770>, C4<0>, C4<0>, C4<0>;
v0x563684097d30_0 .net8 "VGND", 0 0, L_0x5636841f2400;  1 drivers, strength-aware
L_0x5636841f27a0 .functor BUFT 1, C8<770>, C4<0>, C4<0>, C4<0>;
v0x563684099380_0 .net8 "VNB", 0 0, L_0x5636841f27a0;  1 drivers, strength-aware
L_0x5636841f1b30 .functor BUFT 1, C8<771>, C4<0>, C4<0>, C4<0>;
v0x563684099440_0 .net8 "VPB", 0 0, L_0x5636841f1b30;  1 drivers, strength-aware
L_0x5636841f2970 .functor BUFT 1, C8<771>, C4<0>, C4<0>, C4<0>;
v0x563684099500_0 .net8 "VPWR", 0 0, L_0x5636841f2970;  1 drivers, strength-aware
v0x563684099650_0 .net "X", 0 0, L_0x5636849781a0;  1 drivers
v0x563684099710_0 .net "and0_out", 0 0, L_0x563684977f20;  1 drivers
v0x56368409ad90_0 .net "or0_out_X", 0 0, L_0x563684978050;  1 drivers
S_0x5636848acfc0 .scope module, "sky130_fd_sc_hd__a311o_4" "sky130_fd_sc_hd__a311o_4" 2 22820;
 .timescale -9 -12;
    .port_info 0 /OUTPUT 1 "X";
    .port_info 1 /INPUT 1 "A1";
    .port_info 2 /INPUT 1 "A2";
    .port_info 3 /INPUT 1 "A3";
    .port_info 4 /INPUT 1 "B1";
    .port_info 5 /INPUT 1 "C1";
o0x7f0afd43ea38 .functor BUFZ 1, C4<z>; HiZ drive
o0x7f0afd43e9d8 .functor BUFZ 1, C4<z>; HiZ drive
o0x7f0afd43ea08 .functor BUFZ 1, C4<z>; HiZ drive
L_0x563684978290 .functor AND 1, o0x7f0afd43ea38, o0x7f0afd43e9d8, o0x7f0afd43ea08, C4<1>;
o0x7f0afd43ea98 .functor BUFZ 1, C4<z>; HiZ drive
o0x7f0afd43ea68 .functor BUFZ 1, C4<z>; HiZ drive
L_0x5636849783c0 .functor OR 1, L_0x563684978290, o0x7f0afd43ea98, o0x7f0afd43ea68, C4<0>;
L_0x563684978550 .functor BUF 1, L_0x5636849783c0, C4<0>, C4<0>, C4<0>;
v0x56368409af10_0 .net "A1", 0 0, o0x7f0afd43e9d8;  0 drivers
v0x56368409aff0_0 .net "A2", 0 0, o0x7f0afd43ea08;  0 drivers
v0x56368409b0b0_0 .net "A3", 0 0, o0x7f0afd43ea38;  0 drivers
v0x56368409b150_0 .net "B1", 0 0, o0x7f0afd43ea68;  0 drivers
v0x56368409c7a0_0 .net "C1", 0 0, o0x7f0afd43ea98;  0 drivers
L_0x5636841eef40 .functor BUFT 1, C8<770>, C4<0>, C4<0>, C4<0>;
v0x56368409c860_0 .net8 "VGND", 0 0, L_0x5636841eef40;  1 drivers, strength-aware
L_0x5636841ef200 .functor BUFT 1, C8<770>, C4<0>, C4<0>, C4<0>;
v0x56368409c920_0 .net8 "VNB", 0 0, L_0x5636841ef200;  1 drivers, strength-aware
L_0x5636841ef360 .functor BUFT 1, C8<771>, C4<0>, C4<0>, C4<0>;
v0x56368409c9e0_0 .net8 "VPB", 0 0, L_0x5636841ef360;  1 drivers, strength-aware
L_0x5636841efa50 .functor BUFT 1, C8<771>, C4<0>, C4<0>, C4<0>;
v0x56368409caa0_0 .net8 "VPWR", 0 0, L_0x5636841efa50;  1 drivers, strength-aware
v0x56368409e1b0_0 .net "X", 0 0, L_0x563684978550;  1 drivers
v0x56368409e270_0 .net "and0_out", 0 0, L_0x563684978290;  1 drivers
v0x56368409e330_0 .net "or0_out_X", 0 0, L_0x5636849783c0;  1 drivers
S_0x5636848abd00 .scope module, "sky130_fd_sc_hd__a311oi_1" "sky130_fd_sc_hd__a311oi_1" 2 23202;
 .timescale -9 -12;
    .port_info 0 /OUTPUT 1 "Y";
    .port_info 1 /INPUT 1 "A1";
    .port_info 2 /INPUT 1 "A2";
    .port_info 3 /INPUT 1 "A3";
    .port_info 4 /INPUT 1 "B1";
    .port_info 5 /INPUT 1 "C1";
o0x7f0afd43ed98 .functor BUFZ 1, C4<z>; HiZ drive
o0x7f0afd43ed38 .functor BUFZ 1, C4<z>; HiZ drive
o0x7f0afd43ed68 .functor BUFZ 1, C4<z>; HiZ drive
L_0x563684978610 .functor AND 1, o0x7f0afd43ed98, o0x7f0afd43ed38, o0x7f0afd43ed68, C4<1>;
o0x7f0afd43edc8 .functor BUFZ 1, C4<z>; HiZ drive
o0x7f0afd43edf8 .functor BUFZ 1, C4<z>; HiZ drive
L_0x563684978740 .functor NOR 1, L_0x563684978610, o0x7f0afd43edc8, o0x7f0afd43edf8, C4<0>;
L_0x563684978890 .functor BUF 1, L_0x563684978740, C4<0>, C4<0>, C4<0>;
v0x56368409e4b0_0 .net "A1", 0 0, o0x7f0afd43ed38;  0 drivers
v0x56368409e590_0 .net "A2", 0 0, o0x7f0afd43ed68;  0 drivers
v0x56368409fbc0_0 .net "A3", 0 0, o0x7f0afd43ed98;  0 drivers
v0x56368409fc60_0 .net "B1", 0 0, o0x7f0afd43edc8;  0 drivers
v0x56368409fd00_0 .net "C1", 0 0, o0x7f0afd43edf8;  0 drivers
L_0x5636841eede0 .functor BUFT 1, C8<770>, C4<0>, C4<0>, C4<0>;
v0x56368409fdc0_0 .net8 "VGND", 0 0, L_0x5636841eede0;  1 drivers, strength-aware
L_0x5636841efc20 .functor BUFT 1, C8<770>, C4<0>, C4<0>, C4<0>;
v0x56368409fe80_0 .net8 "VNB", 0 0, L_0x5636841efc20;  1 drivers, strength-aware
L_0x5636841ec1f0 .functor BUFT 1, C8<771>, C4<0>, C4<0>, C4<0>;
v0x56368409ff40_0 .net8 "VPB", 0 0, L_0x5636841ec1f0;  1 drivers, strength-aware
L_0x5636841ec350 .functor BUFT 1, C8<771>, C4<0>, C4<0>, C4<0>;
v0x5636840a1970_0 .net8 "VPWR", 0 0, L_0x5636841ec350;  1 drivers, strength-aware
v0x5636840a1ac0_0 .net "Y", 0 0, L_0x563684978890;  1 drivers
v0x5636840a1b80_0 .net "and0_out", 0 0, L_0x563684978610;  1 drivers
v0x5636840a1c40_0 .net "nor0_out_Y", 0 0, L_0x563684978740;  1 drivers
S_0x5636848ab210 .scope module, "sky130_fd_sc_hd__a311oi_2" "sky130_fd_sc_hd__a311oi_2" 2 23584;
 .timescale -9 -12;
    .port_info 0 /OUTPUT 1 "Y";
    .port_info 1 /INPUT 1 "A1";
    .port_info 2 /INPUT 1 "A2";
    .port_info 3 /INPUT 1 "A3";
    .port_info 4 /INPUT 1 "B1";
    .port_info 5 /INPUT 1 "C1";
o0x7f0afd43f0f8 .functor BUFZ 1, C4<z>; HiZ drive
o0x7f0afd43f098 .functor BUFZ 1, C4<z>; HiZ drive
o0x7f0afd43f0c8 .functor BUFZ 1, C4<z>; HiZ drive
L_0x563684978980 .functor AND 1, o0x7f0afd43f0f8, o0x7f0afd43f098, o0x7f0afd43f0c8, C4<1>;
o0x7f0afd43f128 .functor BUFZ 1, C4<z>; HiZ drive
o0x7f0afd43f158 .functor BUFZ 1, C4<z>; HiZ drive
L_0x563684978ab0 .functor NOR 1, L_0x563684978980, o0x7f0afd43f128, o0x7f0afd43f158, C4<0>;
L_0x563684978c40 .functor BUF 1, L_0x563684978ab0, C4<0>, C4<0>, C4<0>;
v0x5636840a3720_0 .net "A1", 0 0, o0x7f0afd43f098;  0 drivers
v0x5636840a3800_0 .net "A2", 0 0, o0x7f0afd43f0c8;  0 drivers
v0x5636840a38c0_0 .net "A3", 0 0, o0x7f0afd43f0f8;  0 drivers
v0x5636840a3960_0 .net "B1", 0 0, o0x7f0afd43f128;  0 drivers
v0x5636840a3a20_0 .net "C1", 0 0, o0x7f0afd43f158;  0 drivers
L_0x5636841ec610 .functor BUFT 1, C8<770>, C4<0>, C4<0>, C4<0>;
v0x5636840a3ae0_0 .net8 "VGND", 0 0, L_0x5636841ec610;  1 drivers, strength-aware
L_0x5636841ecd00 .functor BUFT 1, C8<770>, C4<0>, C4<0>, C4<0>;
v0x5636840a54d0_0 .net8 "VNB", 0 0, L_0x5636841ecd00;  1 drivers, strength-aware
L_0x5636841ecb30 .functor BUFT 1, C8<771>, C4<0>, C4<0>, C4<0>;
v0x5636840a5590_0 .net8 "VPB", 0 0, L_0x5636841ecb30;  1 drivers, strength-aware
L_0x5636841eced0 .functor BUFT 1, C8<771>, C4<0>, C4<0>, C4<0>;
v0x5636840a5650_0 .net8 "VPWR", 0 0, L_0x5636841eced0;  1 drivers, strength-aware
v0x5636840a57a0_0 .net "Y", 0 0, L_0x563684978c40;  1 drivers
v0x5636840a5860_0 .net "and0_out", 0 0, L_0x563684978980;  1 drivers
v0x5636840a7280_0 .net "nor0_out_Y", 0 0, L_0x563684978ab0;  1 drivers
S_0x5636848aa720 .scope module, "sky130_fd_sc_hd__a311oi_4" "sky130_fd_sc_hd__a311oi_4" 2 23966;
 .timescale -9 -12;
    .port_info 0 /OUTPUT 1 "Y";
    .port_info 1 /INPUT 1 "A1";
    .port_info 2 /INPUT 1 "A2";
    .port_info 3 /INPUT 1 "A3";
    .port_info 4 /INPUT 1 "B1";
    .port_info 5 /INPUT 1 "C1";
o0x7f0afd43f458 .functor BUFZ 1, C4<z>; HiZ drive
o0x7f0afd43f3f8 .functor BUFZ 1, C4<z>; HiZ drive
o0x7f0afd43f428 .functor BUFZ 1, C4<z>; HiZ drive
L_0x563684978d00 .functor AND 1, o0x7f0afd43f458, o0x7f0afd43f3f8, o0x7f0afd43f428, C4<1>;
o0x7f0afd43f488 .functor BUFZ 1, C4<z>; HiZ drive
o0x7f0afd43f4b8 .functor BUFZ 1, C4<z>; HiZ drive
L_0x563684978e30 .functor NOR 1, L_0x563684978d00, o0x7f0afd43f488, o0x7f0afd43f4b8, C4<0>;
L_0x563684978f80 .functor BUF 1, L_0x563684978e30, C4<0>, C4<0>, C4<0>;
v0x5636840a7400_0 .net "A1", 0 0, o0x7f0afd43f3f8;  0 drivers
v0x5636840a74e0_0 .net "A2", 0 0, o0x7f0afd43f428;  0 drivers
v0x5636840a75a0_0 .net "A3", 0 0, o0x7f0afd43f458;  0 drivers
v0x5636840a7640_0 .net "B1", 0 0, o0x7f0afd43f488;  0 drivers
v0x5636840ab530_0 .net "C1", 0 0, o0x7f0afd43f4b8;  0 drivers
L_0x5636841e94a0 .functor BUFT 1, C8<770>, C4<0>, C4<0>, C4<0>;
v0x5636840ab5f0_0 .net8 "VGND", 0 0, L_0x5636841e94a0;  1 drivers, strength-aware
L_0x5636841e9600 .functor BUFT 1, C8<770>, C4<0>, C4<0>, C4<0>;
v0x5636840ab6b0_0 .net8 "VNB", 0 0, L_0x5636841e9600;  1 drivers, strength-aware
L_0x5636841e98c0 .functor BUFT 1, C8<771>, C4<0>, C4<0>, C4<0>;
v0x5636840ab770_0 .net8 "VPB", 0 0, L_0x5636841e98c0;  1 drivers, strength-aware
L_0x5636841e9c10 .functor BUFT 1, C8<771>, C4<0>, C4<0>, C4<0>;
v0x5636840ab830_0 .net8 "VPWR", 0 0, L_0x5636841e9c10;  1 drivers, strength-aware
v0x5636840aef70_0 .net "Y", 0 0, L_0x563684978f80;  1 drivers
v0x5636840af030_0 .net "and0_out", 0 0, L_0x563684978d00;  1 drivers
v0x5636840af0f0_0 .net "nor0_out_Y", 0 0, L_0x563684978e30;  1 drivers
S_0x5636848a8e40 .scope module, "sky130_fd_sc_hd__a31o_1" "sky130_fd_sc_hd__a31o_1" 2 10121;
 .timescale -9 -12;
    .port_info 0 /OUTPUT 1 "X";
    .port_info 1 /INPUT 1 "A1";
    .port_info 2 /INPUT 1 "A2";
    .port_info 3 /INPUT 1 "A3";
    .port_info 4 /INPUT 1 "B1";
o0x7f0afd43f7b8 .functor BUFZ 1, C4<z>; HiZ drive
o0x7f0afd43f758 .functor BUFZ 1, C4<z>; HiZ drive
o0x7f0afd43f788 .functor BUFZ 1, C4<z>; HiZ drive
L_0x563684979070 .functor AND 1, o0x7f0afd43f7b8, o0x7f0afd43f758, o0x7f0afd43f788, C4<1>;
o0x7f0afd43f7e8 .functor BUFZ 1, C4<z>; HiZ drive
L_0x5636849791a0 .functor OR 1, L_0x563684979070, o0x7f0afd43f7e8, C4<0>, C4<0>;
L_0x5636849792d0 .functor BUF 1, L_0x5636849791a0, C4<0>, C4<0>, C4<0>;
v0x5636840af270_0 .net "A1", 0 0, o0x7f0afd43f758;  0 drivers
v0x5636840af350_0 .net "A2", 0 0, o0x7f0afd43f788;  0 drivers
v0x5636840b0c20_0 .net "A3", 0 0, o0x7f0afd43f7b8;  0 drivers
v0x5636840b0cc0_0 .net "B1", 0 0, o0x7f0afd43f7e8;  0 drivers
L_0x5636841e9de0 .functor BUFT 1, C8<770>, C4<0>, C4<0>, C4<0>;
v0x5636840b0d60_0 .net8 "VGND", 0 0, L_0x5636841e9de0;  1 drivers, strength-aware
L_0x5636841ea350 .functor BUFT 1, C8<770>, C4<0>, C4<0>, C4<0>;
v0x5636840b0e20_0 .net8 "VNB", 0 0, L_0x5636841ea350;  1 drivers, strength-aware
L_0x5636841ea180 .functor BUFT 1, C8<771>, C4<0>, C4<0>, C4<0>;
v0x5636840b0ee0_0 .net8 "VPB", 0 0, L_0x5636841ea180;  1 drivers, strength-aware
L_0x5636841e68b0 .functor BUFT 1, C8<771>, C4<0>, C4<0>, C4<0>;
v0x5636840b0fa0_0 .net8 "VPWR", 0 0, L_0x5636841e68b0;  1 drivers, strength-aware
v0x5636840b29d0_0 .net "X", 0 0, L_0x5636849792d0;  1 drivers
v0x5636840b2b20_0 .net "and0_out", 0 0, L_0x563684979070;  1 drivers
v0x5636840b2be0_0 .net "or0_out_X", 0 0, L_0x5636849791a0;  1 drivers
S_0x5636848a7b80 .scope module, "sky130_fd_sc_hd__a31o_2" "sky130_fd_sc_hd__a31o_2" 2 10481;
 .timescale -9 -12;
    .port_info 0 /OUTPUT 1 "X";
    .port_info 1 /INPUT 1 "A1";
    .port_info 2 /INPUT 1 "A2";
    .port_info 3 /INPUT 1 "A3";
    .port_info 4 /INPUT 1 "B1";
o0x7f0afd43fab8 .functor BUFZ 1, C4<z>; HiZ drive
o0x7f0afd43fa58 .functor BUFZ 1, C4<z>; HiZ drive
o0x7f0afd43fa88 .functor BUFZ 1, C4<z>; HiZ drive
L_0x563684979390 .functor AND 1, o0x7f0afd43fab8, o0x7f0afd43fa58, o0x7f0afd43fa88, C4<1>;
o0x7f0afd43fae8 .functor BUFZ 1, C4<z>; HiZ drive
L_0x5636849794c0 .functor OR 1, L_0x563684979390, o0x7f0afd43fae8, C4<0>, C4<0>;
L_0x5636849795b0 .functor BUF 1, L_0x5636849794c0, C4<0>, C4<0>, C4<0>;
v0x5636840b2d40_0 .net "A1", 0 0, o0x7f0afd43fa58;  0 drivers
v0x5636840b4780_0 .net "A2", 0 0, o0x7f0afd43fa88;  0 drivers
v0x5636840b4840_0 .net "A3", 0 0, o0x7f0afd43fab8;  0 drivers
v0x5636840b48e0_0 .net "B1", 0 0, o0x7f0afd43fae8;  0 drivers
L_0x5636841e6b70 .functor BUFT 1, C8<770>, C4<0>, C4<0>, C4<0>;
v0x5636840b49a0_0 .net8 "VGND", 0 0, L_0x5636841e6b70;  1 drivers, strength-aware
L_0x5636841e6ec0 .functor BUFT 1, C8<770>, C4<0>, C4<0>, C4<0>;
v0x5636840b4a60_0 .net8 "VNB", 0 0, L_0x5636841e6ec0;  1 drivers, strength-aware
L_0x5636841e7090 .functor BUFT 1, C8<771>, C4<0>, C4<0>, C4<0>;
v0x5636840b4b20_0 .net8 "VPB", 0 0, L_0x5636841e7090;  1 drivers, strength-aware
L_0x5636841e65f0 .functor BUFT 1, C8<771>, C4<0>, C4<0>, C4<0>;
v0x5636840b6530_0 .net8 "VPWR", 0 0, L_0x5636841e65f0;  1 drivers, strength-aware
v0x5636840b65f0_0 .net "X", 0 0, L_0x5636849795b0;  1 drivers
v0x5636840b6740_0 .net "and0_out", 0 0, L_0x563684979390;  1 drivers
v0x5636840b6800_0 .net "or0_out_X", 0 0, L_0x5636849794c0;  1 drivers
S_0x5636848a7090 .scope module, "sky130_fd_sc_hd__a31o_4" "sky130_fd_sc_hd__a31o_4" 2 10841;
 .timescale -9 -12;
    .port_info 0 /OUTPUT 1 "X";
    .port_info 1 /INPUT 1 "A1";
    .port_info 2 /INPUT 1 "A2";
    .port_info 3 /INPUT 1 "A3";
    .port_info 4 /INPUT 1 "B1";
o0x7f0afd43fdb8 .functor BUFZ 1, C4<z>; HiZ drive
o0x7f0afd43fd58 .functor BUFZ 1, C4<z>; HiZ drive
o0x7f0afd43fd88 .functor BUFZ 1, C4<z>; HiZ drive
L_0x5636849796a0 .functor AND 1, o0x7f0afd43fdb8, o0x7f0afd43fd58, o0x7f0afd43fd88, C4<1>;
o0x7f0afd43fde8 .functor BUFZ 1, C4<z>; HiZ drive
L_0x5636849797d0 .functor OR 1, L_0x5636849796a0, o0x7f0afd43fde8, C4<0>, C4<0>;
L_0x563684979900 .functor BUF 1, L_0x5636849797d0, C4<0>, C4<0>, C4<0>;
v0x5636840b82e0_0 .net "A1", 0 0, o0x7f0afd43fd58;  0 drivers
v0x5636840b83c0_0 .net "A2", 0 0, o0x7f0afd43fd88;  0 drivers
v0x5636840b8480_0 .net "A3", 0 0, o0x7f0afd43fdb8;  0 drivers
v0x5636840b8520_0 .net "B1", 0 0, o0x7f0afd43fde8;  0 drivers
L_0x5636841e7430 .functor BUFT 1, C8<770>, C4<0>, C4<0>, C4<0>;
v0x5636840b85e0_0 .net8 "VGND", 0 0, L_0x5636841e7430;  1 drivers, strength-aware
L_0x5636841e3b60 .functor BUFT 1, C8<770>, C4<0>, C4<0>, C4<0>;
v0x5636840b86a0_0 .net8 "VNB", 0 0, L_0x5636841e3b60;  1 drivers, strength-aware
L_0x5636841e3cc0 .functor BUFT 1, C8<771>, C4<0>, C4<0>, C4<0>;
v0x5636840ba050_0 .net8 "VPB", 0 0, L_0x5636841e3cc0;  1 drivers, strength-aware
L_0x5636841e4170 .functor BUFT 1, C8<771>, C4<0>, C4<0>, C4<0>;
v0x5636840ba110_0 .net8 "VPWR", 0 0, L_0x5636841e4170;  1 drivers, strength-aware
v0x5636840ba1d0_0 .net "X", 0 0, L_0x563684979900;  1 drivers
v0x5636840ba290_0 .net "and0_out", 0 0, L_0x5636849796a0;  1 drivers
v0x5636840ba350_0 .net "or0_out_X", 0 0, L_0x5636849797d0;  1 drivers
S_0x5636848a65a0 .scope module, "sky130_fd_sc_hd__a31oi_1" "sky130_fd_sc_hd__a31oi_1" 2 11201;
 .timescale -9 -12;
    .port_info 0 /OUTPUT 1 "Y";
    .port_info 1 /INPUT 1 "A1";
    .port_info 2 /INPUT 1 "A2";
    .port_info 3 /INPUT 1 "A3";
    .port_info 4 /INPUT 1 "B1";
o0x7f0afd4400b8 .functor BUFZ 1, C4<z>; HiZ drive
o0x7f0afd440058 .functor BUFZ 1, C4<z>; HiZ drive
o0x7f0afd440088 .functor BUFZ 1, C4<z>; HiZ drive
L_0x5636849799c0 .functor AND 1, o0x7f0afd4400b8, o0x7f0afd440058, o0x7f0afd440088, C4<1>;
o0x7f0afd4400e8 .functor BUFZ 1, C4<z>; HiZ drive
L_0x563684979af0 .functor NOR 1, o0x7f0afd4400e8, L_0x5636849799c0, C4<0>, C4<0>;
L_0x563684979c10 .functor BUF 1, L_0x563684979af0, C4<0>, C4<0>, C4<0>;
v0x5636840bbdc0_0 .net "A1", 0 0, o0x7f0afd440058;  0 drivers
v0x5636840bbea0_0 .net "A2", 0 0, o0x7f0afd440088;  0 drivers
v0x5636840bbf60_0 .net "A3", 0 0, o0x7f0afd4400b8;  0 drivers
v0x5636840bc000_0 .net "B1", 0 0, o0x7f0afd4400e8;  0 drivers
L_0x5636841e4340 .functor BUFT 1, C8<770>, C4<0>, C4<0>, C4<0>;
v0x5636840bc0c0_0 .net8 "VGND", 0 0, L_0x5636841e4340;  1 drivers, strength-aware
L_0x5636841e38a0 .functor BUFT 1, C8<770>, C4<0>, C4<0>, C4<0>;
v0x5636840bc180_0 .net8 "VNB", 0 0, L_0x5636841e38a0;  1 drivers, strength-aware
L_0x5636841e46e0 .functor BUFT 1, C8<771>, C4<0>, C4<0>, C4<0>;
v0x5636840bdb30_0 .net8 "VPB", 0 0, L_0x5636841e46e0;  1 drivers, strength-aware
L_0x5636841e1100 .functor BUFT 1, C8<771>, C4<0>, C4<0>, C4<0>;
v0x5636840bdbf0_0 .net8 "VPWR", 0 0, L_0x5636841e1100;  1 drivers, strength-aware
v0x5636840bdcb0_0 .net "Y", 0 0, L_0x563684979c10;  1 drivers
v0x5636840bde00_0 .net "and0_out", 0 0, L_0x5636849799c0;  1 drivers
v0x5636840bdec0_0 .net "nor0_out_Y", 0 0, L_0x563684979af0;  1 drivers
S_0x5636848a4cc0 .scope module, "sky130_fd_sc_hd__a31oi_2" "sky130_fd_sc_hd__a31oi_2" 2 11561;
 .timescale -9 -12;
    .port_info 0 /OUTPUT 1 "Y";
    .port_info 1 /INPUT 1 "A1";
    .port_info 2 /INPUT 1 "A2";
    .port_info 3 /INPUT 1 "A3";
    .port_info 4 /INPUT 1 "B1";
o0x7f0afd4403b8 .functor BUFZ 1, C4<z>; HiZ drive
o0x7f0afd440358 .functor BUFZ 1, C4<z>; HiZ drive
o0x7f0afd440388 .functor BUFZ 1, C4<z>; HiZ drive
L_0x563684979cd0 .functor AND 1, o0x7f0afd4403b8, o0x7f0afd440358, o0x7f0afd440388, C4<1>;
o0x7f0afd4403e8 .functor BUFZ 1, C4<z>; HiZ drive
L_0x563684979e00 .functor NOR 1, o0x7f0afd4403e8, L_0x563684979cd0, C4<0>, C4<0>;
L_0x563684979f60 .functor BUF 1, L_0x563684979e00, C4<0>, C4<0>, C4<0>;
v0x5636840bf8a0_0 .net "A1", 0 0, o0x7f0afd440358;  0 drivers
v0x5636840bf980_0 .net "A2", 0 0, o0x7f0afd440388;  0 drivers
v0x5636840bfa40_0 .net "A3", 0 0, o0x7f0afd4403b8;  0 drivers
v0x5636840bfae0_0 .net "B1", 0 0, o0x7f0afd4403e8;  0 drivers
L_0x5636841e13c0 .functor BUFT 1, C8<770>, C4<0>, C4<0>, C4<0>;
v0x5636840bfba0_0 .net8 "VGND", 0 0, L_0x5636841e13c0;  1 drivers, strength-aware
L_0x5636841e1870 .functor BUFT 1, C8<770>, C4<0>, C4<0>, C4<0>;
v0x5636840bfc60_0 .net8 "VNB", 0 0, L_0x5636841e1870;  1 drivers, strength-aware
L_0x5636841e1c10 .functor BUFT 1, C8<771>, C4<0>, C4<0>, C4<0>;
v0x5636840c80e0_0 .net8 "VPB", 0 0, L_0x5636841e1c10;  1 drivers, strength-aware
L_0x5636841e1680 .functor BUFT 1, C8<771>, C4<0>, C4<0>, C4<0>;
v0x5636840c81a0_0 .net8 "VPWR", 0 0, L_0x5636841e1680;  1 drivers, strength-aware
v0x5636840c8260_0 .net "Y", 0 0, L_0x563684979f60;  1 drivers
v0x5636840c83b0_0 .net "and0_out", 0 0, L_0x563684979cd0;  1 drivers
v0x5636840c8470_0 .net "nor0_out_Y", 0 0, L_0x563684979e00;  1 drivers
S_0x5636848a3a00 .scope module, "sky130_fd_sc_hd__a31oi_4" "sky130_fd_sc_hd__a31oi_4" 2 11921;
 .timescale -9 -12;
    .port_info 0 /OUTPUT 1 "Y";
    .port_info 1 /INPUT 1 "A1";
    .port_info 2 /INPUT 1 "A2";
    .port_info 3 /INPUT 1 "A3";
    .port_info 4 /INPUT 1 "B1";
o0x7f0afd4406b8 .functor BUFZ 1, C4<z>; HiZ drive
o0x7f0afd440658 .functor BUFZ 1, C4<z>; HiZ drive
o0x7f0afd440688 .functor BUFZ 1, C4<z>; HiZ drive
L_0x56368497a020 .functor AND 1, o0x7f0afd4406b8, o0x7f0afd440658, o0x7f0afd440688, C4<1>;
o0x7f0afd4406e8 .functor BUFZ 1, C4<z>; HiZ drive
L_0x56368497a120 .functor NOR 1, o0x7f0afd4406e8, L_0x56368497a020, C4<0>, C4<0>;
L_0x56368497a240 .functor BUF 1, L_0x56368497a120, C4<0>, C4<0>, C4<0>;
v0x5636840d09d0_0 .net "A1", 0 0, o0x7f0afd440658;  0 drivers
v0x5636840d0ab0_0 .net "A2", 0 0, o0x7f0afd440688;  0 drivers
v0x5636840d0b70_0 .net "A3", 0 0, o0x7f0afd4406b8;  0 drivers
v0x5636840d0c10_0 .net "B1", 0 0, o0x7f0afd4406e8;  0 drivers
L_0x5636841e1de0 .functor BUFT 1, C8<770>, C4<0>, C4<0>, C4<0>;
v0x5636840d0cd0_0 .net8 "VGND", 0 0, L_0x5636841e1de0;  1 drivers, strength-aware
L_0x5636841de800 .functor BUFT 1, C8<770>, C4<0>, C4<0>, C4<0>;
v0x5636840d0d90_0 .net8 "VNB", 0 0, L_0x5636841de800;  1 drivers, strength-aware
L_0x5636841deac0 .functor BUFT 1, C8<771>, C4<0>, C4<0>, C4<0>;
v0x5636840d92c0_0 .net8 "VPB", 0 0, L_0x5636841deac0;  1 drivers, strength-aware
L_0x5636841dec20 .functor BUFT 1, C8<771>, C4<0>, C4<0>, C4<0>;
v0x5636840d9380_0 .net8 "VPWR", 0 0, L_0x5636841dec20;  1 drivers, strength-aware
v0x5636840d9440_0 .net "Y", 0 0, L_0x56368497a240;  1 drivers
v0x5636840d9590_0 .net "and0_out", 0 0, L_0x56368497a020;  1 drivers
v0x5636840d9650_0 .net "nor0_out_Y", 0 0, L_0x56368497a120;  1 drivers
S_0x5636848a2f10 .scope module, "sky130_fd_sc_hd__a32o_1" "sky130_fd_sc_hd__a32o_1" 2 12311;
 .timescale -9 -12;
    .port_info 0 /OUTPUT 1 "X";
    .port_info 1 /INPUT 1 "A1";
    .port_info 2 /INPUT 1 "A2";
    .port_info 3 /INPUT 1 "A3";
    .port_info 4 /INPUT 1 "B1";
    .port_info 5 /INPUT 1 "B2";
o0x7f0afd4409b8 .functor BUFZ 1, C4<z>; HiZ drive
o0x7f0afd440958 .functor BUFZ 1, C4<z>; HiZ drive
o0x7f0afd440988 .functor BUFZ 1, C4<z>; HiZ drive
L_0x56368497a300 .functor AND 1, o0x7f0afd4409b8, o0x7f0afd440958, o0x7f0afd440988, C4<1>;
o0x7f0afd4409e8 .functor BUFZ 1, C4<z>; HiZ drive
o0x7f0afd440a18 .functor BUFZ 1, C4<z>; HiZ drive
L_0x56368497a430 .functor AND 1, o0x7f0afd4409e8, o0x7f0afd440a18, C4<1>, C4<1>;
L_0x56368497a570 .functor OR 1, L_0x56368497a430, L_0x56368497a300, C4<0>, C4<0>;
L_0x56368497a680 .functor BUF 1, L_0x56368497a570, C4<0>, C4<0>, C4<0>;
v0x5636840e0dc0_0 .net "A1", 0 0, o0x7f0afd440958;  0 drivers
v0x5636840e0ea0_0 .net "A2", 0 0, o0x7f0afd440988;  0 drivers
v0x5636840e0f60_0 .net "A3", 0 0, o0x7f0afd4409b8;  0 drivers
v0x5636840e1000_0 .net "B1", 0 0, o0x7f0afd4409e8;  0 drivers
v0x5636840e10c0_0 .net "B2", 0 0, o0x7f0afd440a18;  0 drivers
L_0x5636841df310 .functor BUFT 1, C8<770>, C4<0>, C4<0>, C4<0>;
v0x5636840e1180_0 .net8 "VGND", 0 0, L_0x5636841df310;  1 drivers, strength-aware
L_0x5636841ded80 .functor BUFT 1, C8<770>, C4<0>, C4<0>, C4<0>;
v0x5636840e8cc0_0 .net8 "VNB", 0 0, L_0x5636841ded80;  1 drivers, strength-aware
L_0x5636841de6a0 .functor BUFT 1, C8<771>, C4<0>, C4<0>, C4<0>;
v0x5636840e8d80_0 .net8 "VPB", 0 0, L_0x5636841de6a0;  1 drivers, strength-aware
L_0x5636841dbf00 .functor BUFT 1, C8<771>, C4<0>, C4<0>, C4<0>;
v0x5636840e8e40_0 .net8 "VPWR", 0 0, L_0x5636841dbf00;  1 drivers, strength-aware
v0x5636840e8f90_0 .net "X", 0 0, L_0x56368497a680;  1 drivers
v0x5636840e9050_0 .net "and0_out", 0 0, L_0x56368497a300;  1 drivers
v0x5636840f0790_0 .net "and1_out", 0 0, L_0x56368497a430;  1 drivers
v0x5636840f0850_0 .net "or0_out_X", 0 0, L_0x56368497a570;  1 drivers
S_0x5636848a2420 .scope module, "sky130_fd_sc_hd__a32o_2" "sky130_fd_sc_hd__a32o_2" 2 12718;
 .timescale -9 -12;
    .port_info 0 /OUTPUT 1 "X";
    .port_info 1 /INPUT 1 "A1";
    .port_info 2 /INPUT 1 "A2";
    .port_info 3 /INPUT 1 "A3";
    .port_info 4 /INPUT 1 "B1";
    .port_info 5 /INPUT 1 "B2";
o0x7f0afd440d48 .functor BUFZ 1, C4<z>; HiZ drive
o0x7f0afd440ce8 .functor BUFZ 1, C4<z>; HiZ drive
o0x7f0afd440d18 .functor BUFZ 1, C4<z>; HiZ drive
L_0x56368497a790 .functor AND 1, o0x7f0afd440d48, o0x7f0afd440ce8, o0x7f0afd440d18, C4<1>;
o0x7f0afd440d78 .functor BUFZ 1, C4<z>; HiZ drive
o0x7f0afd440da8 .functor BUFZ 1, C4<z>; HiZ drive
L_0x56368497a890 .functor AND 1, o0x7f0afd440d78, o0x7f0afd440da8, C4<1>, C4<1>;
L_0x56368497a990 .functor OR 1, L_0x56368497a890, L_0x56368497a790, C4<0>, C4<0>;
L_0x56368497aad0 .functor BUF 1, L_0x56368497a990, C4<0>, C4<0>, C4<0>;
v0x5636840f09d0_0 .net "A1", 0 0, o0x7f0afd440ce8;  0 drivers
v0x5636840f0ab0_0 .net "A2", 0 0, o0x7f0afd440d18;  0 drivers
v0x5636840f0b70_0 .net "A3", 0 0, o0x7f0afd440d48;  0 drivers
v0x5636840f13d0_0 .net "B1", 0 0, o0x7f0afd440d78;  0 drivers
v0x5636840f1490_0 .net "B2", 0 0, o0x7f0afd440da8;  0 drivers
L_0x5636841dc1c0 .functor BUFT 1, C8<770>, C4<0>, C4<0>, C4<0>;
v0x5636840f1550_0 .net8 "VGND", 0 0, L_0x5636841dc1c0;  1 drivers, strength-aware
L_0x5636841dc320 .functor BUFT 1, C8<770>, C4<0>, C4<0>, C4<0>;
v0x5636840f1610_0 .net8 "VNB", 0 0, L_0x5636841dc320;  1 drivers, strength-aware
L_0x5636841dca10 .functor BUFT 1, C8<771>, C4<0>, C4<0>, C4<0>;
v0x5636840f16d0_0 .net8 "VPB", 0 0, L_0x5636841dca10;  1 drivers, strength-aware
L_0x5636841dc840 .functor BUFT 1, C8<771>, C4<0>, C4<0>, C4<0>;
v0x5636840f1790_0 .net8 "VPWR", 0 0, L_0x5636841dc840;  1 drivers, strength-aware
v0x5636840f2100_0 .net "X", 0 0, L_0x56368497aad0;  1 drivers
v0x5636840f21c0_0 .net "and0_out", 0 0, L_0x56368497a790;  1 drivers
v0x5636840f2280_0 .net "and1_out", 0 0, L_0x56368497a890;  1 drivers
v0x5636840f2340_0 .net "or0_out_X", 0 0, L_0x56368497a990;  1 drivers
S_0x5636848a0900 .scope module, "sky130_fd_sc_hd__a32o_4" "sky130_fd_sc_hd__a32o_4" 2 13125;
 .timescale -9 -12;
    .port_info 0 /OUTPUT 1 "X";
    .port_info 1 /INPUT 1 "A1";
    .port_info 2 /INPUT 1 "A2";
    .port_info 3 /INPUT 1 "A3";
    .port_info 4 /INPUT 1 "B1";
    .port_info 5 /INPUT 1 "B2";
o0x7f0afd4410d8 .functor BUFZ 1, C4<z>; HiZ drive
o0x7f0afd441078 .functor BUFZ 1, C4<z>; HiZ drive
o0x7f0afd4410a8 .functor BUFZ 1, C4<z>; HiZ drive
L_0x56368497ab90 .functor AND 1, o0x7f0afd4410d8, o0x7f0afd441078, o0x7f0afd4410a8, C4<1>;
o0x7f0afd441108 .functor BUFZ 1, C4<z>; HiZ drive
o0x7f0afd441138 .functor BUFZ 1, C4<z>; HiZ drive
L_0x56368497ac90 .functor AND 1, o0x7f0afd441108, o0x7f0afd441138, C4<1>, C4<1>;
L_0x56368497ad90 .functor OR 1, L_0x56368497ac90, L_0x56368497ab90, C4<0>, C4<0>;
L_0x56368497aea0 .functor BUF 1, L_0x56368497ad90, C4<0>, C4<0>, C4<0>;
v0x5636840f2cd0_0 .net "A1", 0 0, o0x7f0afd441078;  0 drivers
v0x5636840f2db0_0 .net "A2", 0 0, o0x7f0afd4410a8;  0 drivers
v0x5636840f2e70_0 .net "A3", 0 0, o0x7f0afd4410d8;  0 drivers
v0x5636840f2f10_0 .net "B1", 0 0, o0x7f0afd441108;  0 drivers
v0x5636840f2fd0_0 .net "B2", 0 0, o0x7f0afd441138;  0 drivers
L_0x5636841dbda0 .functor BUFT 1, C8<770>, C4<0>, C4<0>, C4<0>;
v0x5636840f3090_0 .net8 "VGND", 0 0, L_0x5636841dbda0;  1 drivers, strength-aware
L_0x5636841d95b0 .functor BUFT 1, C8<770>, C4<0>, C4<0>, C4<0>;
v0x5636840f3950_0 .net8 "VNB", 0 0, L_0x5636841d95b0;  1 drivers, strength-aware
L_0x5636841d9710 .functor BUFT 1, C8<771>, C4<0>, C4<0>, C4<0>;
v0x5636840f3a10_0 .net8 "VPB", 0 0, L_0x5636841d9710;  1 drivers, strength-aware
L_0x5636841d9bc0 .functor BUFT 1, C8<771>, C4<0>, C4<0>, C4<0>;
v0x5636840f3ad0_0 .net8 "VPWR", 0 0, L_0x5636841d9bc0;  1 drivers, strength-aware
v0x5636840f3c20_0 .net "X", 0 0, L_0x56368497aea0;  1 drivers
v0x5636840f3ce0_0 .net "and0_out", 0 0, L_0x56368497ab90;  1 drivers
v0x5636840f6d80_0 .net "and1_out", 0 0, L_0x56368497ac90;  1 drivers
v0x5636840f6e40_0 .net "or0_out_X", 0 0, L_0x56368497ad90;  1 drivers
S_0x56368489f640 .scope module, "sky130_fd_sc_hd__a32oi_1" "sky130_fd_sc_hd__a32oi_1" 2 13532;
 .timescale -9 -12;
    .port_info 0 /OUTPUT 1 "Y";
    .port_info 1 /INPUT 1 "A1";
    .port_info 2 /INPUT 1 "A2";
    .port_info 3 /INPUT 1 "A3";
    .port_info 4 /INPUT 1 "B1";
    .port_info 5 /INPUT 1 "B2";
o0x7f0afd441438 .functor BUFZ 1, C4<z>; HiZ drive
o0x7f0afd441408 .functor BUFZ 1, C4<z>; HiZ drive
o0x7f0afd441468 .functor BUFZ 1, C4<z>; HiZ drive
L_0x56368497afb0 .functor NAND 1, o0x7f0afd441438, o0x7f0afd441408, o0x7f0afd441468, C4<1>;
o0x7f0afd4414c8 .functor BUFZ 1, C4<z>; HiZ drive
o0x7f0afd441498 .functor BUFZ 1, C4<z>; HiZ drive
L_0x56368497b0b0 .functor NAND 1, o0x7f0afd4414c8, o0x7f0afd441498, C4<1>, C4<1>;
L_0x56368497b1b0 .functor AND 1, L_0x56368497afb0, L_0x56368497b0b0, C4<1>, C4<1>;
L_0x56368497b2f0 .functor BUF 1, L_0x56368497b1b0, C4<0>, C4<0>, C4<0>;
v0x5636840f6fc0_0 .net "A1", 0 0, o0x7f0afd441408;  0 drivers
v0x5636840f70a0_0 .net "A2", 0 0, o0x7f0afd441438;  0 drivers
v0x5636840f7160_0 .net "A3", 0 0, o0x7f0afd441468;  0 drivers
v0x5636840fa150_0 .net "B1", 0 0, o0x7f0afd441498;  0 drivers
v0x5636840fa210_0 .net "B2", 0 0, o0x7f0afd4414c8;  0 drivers
L_0x5636841d9d90 .functor BUFT 1, C8<770>, C4<0>, C4<0>, C4<0>;
v0x5636840fa2d0_0 .net8 "VGND", 0 0, L_0x5636841d9d90;  1 drivers, strength-aware
L_0x5636841d9450 .functor BUFT 1, C8<770>, C4<0>, C4<0>, C4<0>;
v0x5636840fa390_0 .net8 "VNB", 0 0, L_0x5636841d9450;  1 drivers, strength-aware
L_0x5636841da130 .functor BUFT 1, C8<771>, C4<0>, C4<0>, C4<0>;
v0x5636840fa450_0 .net8 "VPB", 0 0, L_0x5636841da130;  1 drivers, strength-aware
L_0x5636841d6d50 .functor BUFT 1, C8<771>, C4<0>, C4<0>, C4<0>;
v0x5636840fa510_0 .net8 "VPWR", 0 0, L_0x5636841d6d50;  1 drivers, strength-aware
v0x5636840fd5d0_0 .net "Y", 0 0, L_0x56368497b2f0;  1 drivers
v0x5636840fd690_0 .net "and0_out_Y", 0 0, L_0x56368497b1b0;  1 drivers
v0x5636840fd750_0 .net "nand0_out", 0 0, L_0x56368497afb0;  1 drivers
v0x5636840fd810_0 .net "nand1_out", 0 0, L_0x56368497b0b0;  1 drivers
S_0x56368489eb50 .scope module, "sky130_fd_sc_hd__a32oi_2" "sky130_fd_sc_hd__a32oi_2" 2 13939;
 .timescale -9 -12;
    .port_info 0 /OUTPUT 1 "Y";
    .port_info 1 /INPUT 1 "A1";
    .port_info 2 /INPUT 1 "A2";
    .port_info 3 /INPUT 1 "A3";
    .port_info 4 /INPUT 1 "B1";
    .port_info 5 /INPUT 1 "B2";
o0x7f0afd4417c8 .functor BUFZ 1, C4<z>; HiZ drive
o0x7f0afd441798 .functor BUFZ 1, C4<z>; HiZ drive
o0x7f0afd4417f8 .functor BUFZ 1, C4<z>; HiZ drive
L_0x56368497b3b0 .functor NAND 1, o0x7f0afd4417c8, o0x7f0afd441798, o0x7f0afd4417f8, C4<1>;
o0x7f0afd441858 .functor BUFZ 1, C4<z>; HiZ drive
o0x7f0afd441828 .functor BUFZ 1, C4<z>; HiZ drive
L_0x56368497b4b0 .functor NAND 1, o0x7f0afd441858, o0x7f0afd441828, C4<1>, C4<1>;
L_0x56368497b5b0 .functor AND 1, L_0x56368497b3b0, L_0x56368497b4b0, C4<1>, C4<1>;
L_0x56368497b6c0 .functor BUF 1, L_0x56368497b5b0, C4<0>, C4<0>, C4<0>;
v0x563684105830_0 .net "A1", 0 0, o0x7f0afd441798;  0 drivers
v0x563684105910_0 .net "A2", 0 0, o0x7f0afd4417c8;  0 drivers
v0x5636841059d0_0 .net "A3", 0 0, o0x7f0afd4417f8;  0 drivers
v0x563684105a70_0 .net "B1", 0 0, o0x7f0afd441828;  0 drivers
v0x563684105b30_0 .net "B2", 0 0, o0x7f0afd441858;  0 drivers
L_0x5636841d7010 .functor BUFT 1, C8<770>, C4<0>, C4<0>, C4<0>;
v0x563684105bf0_0 .net8 "VGND", 0 0, L_0x5636841d7010;  1 drivers, strength-aware
L_0x5636841d7700 .functor BUFT 1, C8<770>, C4<0>, C4<0>, C4<0>;
v0x563684107240_0 .net8 "VNB", 0 0, L_0x5636841d7700;  1 drivers, strength-aware
L_0x5636841d7530 .functor BUFT 1, C8<771>, C4<0>, C4<0>, C4<0>;
v0x563684107300_0 .net8 "VPB", 0 0, L_0x5636841d7530;  1 drivers, strength-aware
L_0x5636841d7aa0 .functor BUFT 1, C8<771>, C4<0>, C4<0>, C4<0>;
v0x5636841073c0_0 .net8 "VPWR", 0 0, L_0x5636841d7aa0;  1 drivers, strength-aware
v0x563684107510_0 .net "Y", 0 0, L_0x56368497b6c0;  1 drivers
v0x5636841075d0_0 .net "and0_out_Y", 0 0, L_0x56368497b5b0;  1 drivers
v0x5636840feff0_0 .net "nand0_out", 0 0, L_0x56368497b3b0;  1 drivers
v0x5636840ff0b0_0 .net "nand1_out", 0 0, L_0x56368497b4b0;  1 drivers
S_0x56368489e060 .scope module, "sky130_fd_sc_hd__a32oi_4" "sky130_fd_sc_hd__a32oi_4" 2 14346;
 .timescale -9 -12;
    .port_info 0 /OUTPUT 1 "Y";
    .port_info 1 /INPUT 1 "A1";
    .port_info 2 /INPUT 1 "A2";
    .port_info 3 /INPUT 1 "A3";
    .port_info 4 /INPUT 1 "B1";
    .port_info 5 /INPUT 1 "B2";
o0x7f0afd441b58 .functor BUFZ 1, C4<z>; HiZ drive
o0x7f0afd441b28 .functor BUFZ 1, C4<z>; HiZ drive
o0x7f0afd441b88 .functor BUFZ 1, C4<z>; HiZ drive
L_0x56368497b7d0 .functor NAND 1, o0x7f0afd441b58, o0x7f0afd441b28, o0x7f0afd441b88, C4<1>;
o0x7f0afd441be8 .functor BUFZ 1, C4<z>; HiZ drive
o0x7f0afd441bb8 .functor BUFZ 1, C4<z>; HiZ drive
L_0x56368497b8d0 .functor NAND 1, o0x7f0afd441be8, o0x7f0afd441bb8, C4<1>, C4<1>;
L_0x56368497b9d0 .functor AND 1, L_0x56368497b7d0, L_0x56368497b8d0, C4<1>, C4<1>;
L_0x56368497bb10 .functor BUF 1, L_0x56368497b9d0, C4<0>, C4<0>, C4<0>;
v0x5636840ff230_0 .net "A1", 0 0, o0x7f0afd441b28;  0 drivers
v0x5636840ff310_0 .net "A2", 0 0, o0x7f0afd441b58;  0 drivers
v0x5636840ff3d0_0 .net "A3", 0 0, o0x7f0afd441b88;  0 drivers
v0x563684100a00_0 .net "B1", 0 0, o0x7f0afd441bb8;  0 drivers
v0x563684100ac0_0 .net "B2", 0 0, o0x7f0afd441be8;  0 drivers
L_0x5636841d44f0 .functor BUFT 1, C8<770>, C4<0>, C4<0>, C4<0>;
v0x563684100b80_0 .net8 "VGND", 0 0, L_0x5636841d44f0;  1 drivers, strength-aware
L_0x5636841d4650 .functor BUFT 1, C8<770>, C4<0>, C4<0>, C4<0>;
v0x563684100c40_0 .net8 "VNB", 0 0, L_0x5636841d4650;  1 drivers, strength-aware
L_0x5636841d4b00 .functor BUFT 1, C8<771>, C4<0>, C4<0>, C4<0>;
v0x563684100d00_0 .net8 "VPB", 0 0, L_0x5636841d4b00;  1 drivers, strength-aware
L_0x5636841d4ea0 .functor BUFT 1, C8<771>, C4<0>, C4<0>, C4<0>;
v0x563684100dc0_0 .net8 "VPWR", 0 0, L_0x5636841d4ea0;  1 drivers, strength-aware
v0x5636841024c0_0 .net "Y", 0 0, L_0x56368497bb10;  1 drivers
v0x563684102580_0 .net "and0_out_Y", 0 0, L_0x56368497b9d0;  1 drivers
v0x563684102640_0 .net "nand0_out", 0 0, L_0x56368497b7d0;  1 drivers
v0x563684102700_0 .net "nand1_out", 0 0, L_0x56368497b8d0;  1 drivers
S_0x56368489c660 .scope module, "sky130_fd_sc_hd__a41o_1" "sky130_fd_sc_hd__a41o_1" 2 14738;
 .timescale -9 -12;
    .port_info 0 /OUTPUT 1 "X";
    .port_info 1 /INPUT 1 "A1";
    .port_info 2 /INPUT 1 "A2";
    .port_info 3 /INPUT 1 "A3";
    .port_info 4 /INPUT 1 "A4";
    .port_info 5 /INPUT 1 "B1";
o0x7f0afd441eb8 .functor BUFZ 1, C4<z>; HiZ drive
o0x7f0afd441ee8 .functor BUFZ 1, C4<z>; HiZ drive
o0x7f0afd441f18 .functor BUFZ 1, C4<z>; HiZ drive
o0x7f0afd441f48 .functor BUFZ 1, C4<z>; HiZ drive
L_0x56368497bbd0 .functor AND 1, o0x7f0afd441eb8, o0x7f0afd441ee8, o0x7f0afd441f18, o0x7f0afd441f48;
o0x7f0afd441f78 .functor BUFZ 1, C4<z>; HiZ drive
L_0x56368497bd00 .functor OR 1, L_0x56368497bbd0, o0x7f0afd441f78, C4<0>, C4<0>;
L_0x56368497bdf0 .functor BUF 1, L_0x56368497bd00, C4<0>, C4<0>, C4<0>;
v0x563684103e20_0 .net "A1", 0 0, o0x7f0afd441eb8;  0 drivers
v0x563684103f00_0 .net "A2", 0 0, o0x7f0afd441ee8;  0 drivers
v0x563684103fc0_0 .net "A3", 0 0, o0x7f0afd441f18;  0 drivers
v0x563684104060_0 .net "A4", 0 0, o0x7f0afd441f48;  0 drivers
v0x563684104120_0 .net "B1", 0 0, o0x7f0afd441f78;  0 drivers
L_0x5636841d4390 .functor BUFT 1, C8<770>, C4<0>, C4<0>, C4<0>;
v0x5636841041e0_0 .net8 "VGND", 0 0, L_0x5636841d4390;  1 drivers, strength-aware
L_0x5636841d5070 .functor BUFT 1, C8<770>, C4<0>, C4<0>, C4<0>;
v0x563684108c50_0 .net8 "VNB", 0 0, L_0x5636841d5070;  1 drivers, strength-aware
L_0x5636841d20e0 .functor BUFT 1, C8<771>, C4<0>, C4<0>, C4<0>;
v0x563684108d10_0 .net8 "VPB", 0 0, L_0x5636841d20e0;  1 drivers, strength-aware
L_0x5636841d23a0 .functor BUFT 1, C8<771>, C4<0>, C4<0>, C4<0>;
v0x563684108dd0_0 .net8 "VPWR", 0 0, L_0x5636841d23a0;  1 drivers, strength-aware
v0x563684108f20_0 .net "X", 0 0, L_0x56368497bdf0;  1 drivers
v0x563684108fe0_0 .net "and0_out", 0 0, L_0x56368497bbd0;  1 drivers
v0x563684109350_0 .net "or0_out_X", 0 0, L_0x56368497bd00;  1 drivers
S_0x56368489b3a0 .scope module, "sky130_fd_sc_hd__a41o_2" "sky130_fd_sc_hd__a41o_2" 2 15124;
 .timescale -9 -12;
    .port_info 0 /OUTPUT 1 "X";
    .port_info 1 /INPUT 1 "A1";
    .port_info 2 /INPUT 1 "A2";
    .port_info 3 /INPUT 1 "A3";
    .port_info 4 /INPUT 1 "A4";
    .port_info 5 /INPUT 1 "B1";
o0x7f0afd442218 .functor BUFZ 1, C4<z>; HiZ drive
o0x7f0afd442248 .functor BUFZ 1, C4<z>; HiZ drive
o0x7f0afd442278 .functor BUFZ 1, C4<z>; HiZ drive
o0x7f0afd4422a8 .functor BUFZ 1, C4<z>; HiZ drive
L_0x56368497beb0 .functor AND 1, o0x7f0afd442218, o0x7f0afd442248, o0x7f0afd442278, o0x7f0afd4422a8;
o0x7f0afd4422d8 .functor BUFZ 1, C4<z>; HiZ drive
L_0x56368497c010 .functor OR 1, L_0x56368497beb0, o0x7f0afd4422d8, C4<0>, C4<0>;
L_0x56368497c100 .functor BUF 1, L_0x56368497c010, C4<0>, C4<0>, C4<0>;
v0x5636841094d0_0 .net "A1", 0 0, o0x7f0afd442218;  0 drivers
v0x5636841095b0_0 .net "A2", 0 0, o0x7f0afd442248;  0 drivers
v0x563684109670_0 .net "A3", 0 0, o0x7f0afd442278;  0 drivers
v0x563684109710_0 .net "A4", 0 0, o0x7f0afd4422a8;  0 drivers
v0x563684110390_0 .net "B1", 0 0, o0x7f0afd4422d8;  0 drivers
L_0x5636841d2a90 .functor BUFT 1, C8<770>, C4<0>, C4<0>, C4<0>;
v0x563684110450_0 .net8 "VGND", 0 0, L_0x5636841d2a90;  1 drivers, strength-aware
L_0x5636841d28c0 .functor BUFT 1, C8<770>, C4<0>, C4<0>, C4<0>;
v0x563684110510_0 .net8 "VNB", 0 0, L_0x5636841d28c0;  1 drivers, strength-aware
L_0x5636841d1f80 .functor BUFT 1, C8<771>, C4<0>, C4<0>, C4<0>;
v0x5636841105d0_0 .net8 "VPB", 0 0, L_0x5636841d1f80;  1 drivers, strength-aware
L_0x5636841d2c60 .functor BUFT 1, C8<771>, C4<0>, C4<0>, C4<0>;
v0x563684110690_0 .net8 "VPWR", 0 0, L_0x5636841d2c60;  1 drivers, strength-aware
v0x56368410aff0_0 .net "X", 0 0, L_0x56368497c100;  1 drivers
v0x56368410b0b0_0 .net "and0_out", 0 0, L_0x56368497beb0;  1 drivers
v0x56368410b170_0 .net "or0_out_X", 0 0, L_0x56368497c010;  1 drivers
S_0x56368489a8b0 .scope module, "sky130_fd_sc_hd__a41o_4" "sky130_fd_sc_hd__a41o_4" 2 15510;
 .timescale -9 -12;
    .port_info 0 /OUTPUT 1 "X";
    .port_info 1 /INPUT 1 "A1";
    .port_info 2 /INPUT 1 "A2";
    .port_info 3 /INPUT 1 "A3";
    .port_info 4 /INPUT 1 "A4";
    .port_info 5 /INPUT 1 "B1";
o0x7f0afd442578 .functor BUFZ 1, C4<z>; HiZ drive
o0x7f0afd4425a8 .functor BUFZ 1, C4<z>; HiZ drive
o0x7f0afd4425d8 .functor BUFZ 1, C4<z>; HiZ drive
o0x7f0afd442608 .functor BUFZ 1, C4<z>; HiZ drive
L_0x56368497c1f0 .functor AND 1, o0x7f0afd442578, o0x7f0afd4425a8, o0x7f0afd4425d8, o0x7f0afd442608;
o0x7f0afd442638 .functor BUFZ 1, C4<z>; HiZ drive
L_0x56368497c350 .functor OR 1, L_0x56368497c1f0, o0x7f0afd442638, C4<0>, C4<0>;
L_0x56368497c480 .functor BUF 1, L_0x56368497c350, C4<0>, C4<0>, C4<0>;
v0x56368410b2f0_0 .net "A1", 0 0, o0x7f0afd442578;  0 drivers
v0x56368410b3d0_0 .net "A2", 0 0, o0x7f0afd4425a8;  0 drivers
v0x56368410cbd0_0 .net "A3", 0 0, o0x7f0afd4425d8;  0 drivers
v0x56368410cc70_0 .net "A4", 0 0, o0x7f0afd442608;  0 drivers
v0x56368410cd10_0 .net "B1", 0 0, o0x7f0afd442638;  0 drivers
L_0x5636841cfe30 .functor BUFT 1, C8<770>, C4<0>, C4<0>, C4<0>;
v0x56368410cdd0_0 .net8 "VGND", 0 0, L_0x5636841cfe30;  1 drivers, strength-aware
L_0x5636841d02e0 .functor BUFT 1, C8<770>, C4<0>, C4<0>, C4<0>;
v0x56368410ce90_0 .net8 "VNB", 0 0, L_0x5636841d02e0;  1 drivers, strength-aware
L_0x5636841d0680 .functor BUFT 1, C8<771>, C4<0>, C4<0>, C4<0>;
v0x56368410cf50_0 .net8 "VPB", 0 0, L_0x5636841d0680;  1 drivers, strength-aware
L_0x5636841d00f0 .functor BUFT 1, C8<771>, C4<0>, C4<0>, C4<0>;
v0x56368410e7b0_0 .net8 "VPWR", 0 0, L_0x5636841d00f0;  1 drivers, strength-aware
v0x56368410e900_0 .net "X", 0 0, L_0x56368497c480;  1 drivers
v0x56368410e9c0_0 .net "and0_out", 0 0, L_0x56368497c1f0;  1 drivers
v0x56368410ea80_0 .net "or0_out_X", 0 0, L_0x56368497c350;  1 drivers
S_0x563684899dc0 .scope module, "sky130_fd_sc_hd__a41oi_1" "sky130_fd_sc_hd__a41oi_1" 2 15896;
 .timescale -9 -12;
    .port_info 0 /OUTPUT 1 "Y";
    .port_info 1 /INPUT 1 "A1";
    .port_info 2 /INPUT 1 "A2";
    .port_info 3 /INPUT 1 "A3";
    .port_info 4 /INPUT 1 "A4";
    .port_info 5 /INPUT 1 "B1";
o0x7f0afd4428d8 .functor BUFZ 1, C4<z>; HiZ drive
o0x7f0afd442908 .functor BUFZ 1, C4<z>; HiZ drive
o0x7f0afd442938 .functor BUFZ 1, C4<z>; HiZ drive
o0x7f0afd442968 .functor BUFZ 1, C4<z>; HiZ drive
L_0x56368497c540 .functor AND 1, o0x7f0afd4428d8, o0x7f0afd442908, o0x7f0afd442938, o0x7f0afd442968;
o0x7f0afd442998 .functor BUFZ 1, C4<z>; HiZ drive
L_0x56368497c6a0 .functor NOR 1, o0x7f0afd442998, L_0x56368497c540, C4<0>, C4<0>;
L_0x56368497c7c0 .functor BUF 1, L_0x56368497c6a0, C4<0>, C4<0>, C4<0>;
v0x563684111f70_0 .net "A1", 0 0, o0x7f0afd4428d8;  0 drivers
v0x563684112050_0 .net "A2", 0 0, o0x7f0afd442908;  0 drivers
v0x563684112110_0 .net "A3", 0 0, o0x7f0afd442938;  0 drivers
v0x5636841121b0_0 .net "A4", 0 0, o0x7f0afd442968;  0 drivers
v0x563684112270_0 .net "B1", 0 0, o0x7f0afd442998;  0 drivers
L_0x5636841d0850 .functor BUFT 1, C8<770>, C4<0>, C4<0>, C4<0>;
v0x563684112330_0 .net8 "VGND", 0 0, L_0x5636841d0850;  1 drivers, strength-aware
L_0x5636841cd8c0 .functor BUFT 1, C8<770>, C4<0>, C4<0>, C4<0>;
v0x563684118ef0_0 .net8 "VNB", 0 0, L_0x5636841cd8c0;  1 drivers, strength-aware
L_0x5636841cdb80 .functor BUFT 1, C8<771>, C4<0>, C4<0>, C4<0>;
v0x563684118fb0_0 .net8 "VPB", 0 0, L_0x5636841cdb80;  1 drivers, strength-aware
L_0x5636841cded0 .functor BUFT 1, C8<771>, C4<0>, C4<0>, C4<0>;
v0x563684119070_0 .net8 "VPWR", 0 0, L_0x5636841cded0;  1 drivers, strength-aware
v0x5636841191c0_0 .net "Y", 0 0, L_0x56368497c7c0;  1 drivers
v0x563684119280_0 .net "and0_out", 0 0, L_0x56368497c540;  1 drivers
v0x563684113b50_0 .net "nor0_out_Y", 0 0, L_0x56368497c6a0;  1 drivers
S_0x563684897c20 .scope module, "sky130_fd_sc_hd__a41oi_2" "sky130_fd_sc_hd__a41oi_2" 2 16282;
 .timescale -9 -12;
    .port_info 0 /OUTPUT 1 "Y";
    .port_info 1 /INPUT 1 "A1";
    .port_info 2 /INPUT 1 "A2";
    .port_info 3 /INPUT 1 "A3";
    .port_info 4 /INPUT 1 "A4";
    .port_info 5 /INPUT 1 "B1";
o0x7f0afd442c38 .functor BUFZ 1, C4<z>; HiZ drive
o0x7f0afd442c68 .functor BUFZ 1, C4<z>; HiZ drive
o0x7f0afd442c98 .functor BUFZ 1, C4<z>; HiZ drive
o0x7f0afd442cc8 .functor BUFZ 1, C4<z>; HiZ drive
L_0x56368497c880 .functor AND 1, o0x7f0afd442c38, o0x7f0afd442c68, o0x7f0afd442c98, o0x7f0afd442cc8;
o0x7f0afd442cf8 .functor BUFZ 1, C4<z>; HiZ drive
L_0x56368497c9e0 .functor NOR 1, o0x7f0afd442cf8, L_0x56368497c880, C4<0>, C4<0>;
L_0x56368497cb40 .functor BUF 1, L_0x56368497c9e0, C4<0>, C4<0>, C4<0>;
v0x563684113cd0_0 .net "A1", 0 0, o0x7f0afd442c38;  0 drivers
v0x563684113db0_0 .net "A2", 0 0, o0x7f0afd442c68;  0 drivers
v0x563684113e70_0 .net "A3", 0 0, o0x7f0afd442c98;  0 drivers
v0x563684113f10_0 .net "A4", 0 0, o0x7f0afd442cc8;  0 drivers
v0x563684115730_0 .net "B1", 0 0, o0x7f0afd442cf8;  0 drivers
L_0x5636841ce0a0 .functor BUFT 1, C8<770>, C4<0>, C4<0>, C4<0>;
v0x5636841157f0_0 .net8 "VGND", 0 0, L_0x5636841ce0a0;  1 drivers, strength-aware
L_0x5636841cd760 .functor BUFT 1, C8<770>, C4<0>, C4<0>, C4<0>;
v0x5636841158b0_0 .net8 "VNB", 0 0, L_0x5636841cd760;  1 drivers, strength-aware
L_0x5636841ce440 .functor BUFT 1, C8<771>, C4<0>, C4<0>, C4<0>;
v0x563684115970_0 .net8 "VPB", 0 0, L_0x5636841ce440;  1 drivers, strength-aware
L_0x5636841cb5d0 .functor BUFT 1, C8<771>, C4<0>, C4<0>, C4<0>;
v0x563684115a30_0 .net8 "VPWR", 0 0, L_0x5636841cb5d0;  1 drivers, strength-aware
v0x563684117310_0 .net "Y", 0 0, L_0x56368497cb40;  1 drivers
v0x5636841173d0_0 .net "and0_out", 0 0, L_0x56368497c880;  1 drivers
v0x563684117490_0 .net "nor0_out_Y", 0 0, L_0x56368497c9e0;  1 drivers
S_0x563684897130 .scope module, "sky130_fd_sc_hd__a41oi_4" "sky130_fd_sc_hd__a41oi_4" 2 16668;
 .timescale -9 -12;
    .port_info 0 /OUTPUT 1 "Y";
    .port_info 1 /INPUT 1 "A1";
    .port_info 2 /INPUT 1 "A2";
    .port_info 3 /INPUT 1 "A3";
    .port_info 4 /INPUT 1 "A4";
    .port_info 5 /INPUT 1 "B1";
o0x7f0afd442f98 .functor BUFZ 1, C4<z>; HiZ drive
o0x7f0afd442fc8 .functor BUFZ 1, C4<z>; HiZ drive
o0x7f0afd442ff8 .functor BUFZ 1, C4<z>; HiZ drive
o0x7f0afd443028 .functor BUFZ 1, C4<z>; HiZ drive
L_0x56368497cc00 .functor AND 1, o0x7f0afd442f98, o0x7f0afd442fc8, o0x7f0afd442ff8, o0x7f0afd443028;
o0x7f0afd443058 .functor BUFZ 1, C4<z>; HiZ drive
L_0x56368497cd30 .functor NOR 1, o0x7f0afd443058, L_0x56368497cc00, C4<0>, C4<0>;
L_0x56368497ce50 .functor BUF 1, L_0x56368497cd30, C4<0>, C4<0>, C4<0>;
v0x563684117610_0 .net "A1", 0 0, o0x7f0afd442f98;  0 drivers
v0x5636841176f0_0 .net "A2", 0 0, o0x7f0afd442fc8;  0 drivers
v0x56368411e3d0_0 .net "A3", 0 0, o0x7f0afd442ff8;  0 drivers
v0x56368411e470_0 .net "A4", 0 0, o0x7f0afd443028;  0 drivers
v0x56368411e510_0 .net "B1", 0 0, o0x7f0afd443058;  0 drivers
L_0x5636841cbcc0 .functor BUFT 1, C8<770>, C4<0>, C4<0>, C4<0>;
v0x56368411e5d0_0 .net8 "VGND", 0 0, L_0x5636841cbcc0;  1 drivers, strength-aware
L_0x5636841cbaf0 .functor BUFT 1, C8<770>, C4<0>, C4<0>, C4<0>;
v0x56368411e690_0 .net8 "VNB", 0 0, L_0x5636841cbaf0;  1 drivers, strength-aware
L_0x5636841cbe90 .functor BUFT 1, C8<771>, C4<0>, C4<0>, C4<0>;
v0x56368411e750_0 .net8 "VPB", 0 0, L_0x5636841cbe90;  1 drivers, strength-aware
L_0x5636841cc060 .functor BUFT 1, C8<771>, C4<0>, C4<0>, C4<0>;
v0x56368411aad0_0 .net8 "VPWR", 0 0, L_0x5636841cc060;  1 drivers, strength-aware
v0x56368411ac20_0 .net "Y", 0 0, L_0x56368497ce50;  1 drivers
v0x56368411ace0_0 .net "and0_out", 0 0, L_0x56368497cc00;  1 drivers
v0x56368411ada0_0 .net "nor0_out_Y", 0 0, L_0x56368497cd30;  1 drivers
S_0x563684896200 .scope module, "sky130_fd_sc_hd__and2_0" "sky130_fd_sc_hd__and2_0" 2 26889;
 .timescale -9 -12;
    .port_info 0 /OUTPUT 1 "X";
    .port_info 1 /INPUT 1 "A";
    .port_info 2 /INPUT 1 "B";
o0x7f0afd4432f8 .functor BUFZ 1, C4<z>; HiZ drive
o0x7f0afd443328 .functor BUFZ 1, C4<z>; HiZ drive
L_0x56368497cf10 .functor AND 1, o0x7f0afd4432f8, o0x7f0afd443328, C4<1>, C4<1>;
L_0x56368497cfe0 .functor BUF 1, L_0x56368497cf10, C4<0>, C4<0>, C4<0>;
v0x56368411b8e0_0 .net "A", 0 0, o0x7f0afd4432f8;  0 drivers
v0x56368411b9c0_0 .net "B", 0 0, o0x7f0afd443328;  0 drivers
L_0x5636841c9280 .functor BUFT 1, C8<770>, C4<0>, C4<0>, C4<0>;
v0x56368411ba80_0 .net8 "VGND", 0 0, L_0x5636841c9280;  1 drivers, strength-aware
L_0x5636841c9970 .functor BUFT 1, C8<770>, C4<0>, C4<0>, C4<0>;
v0x56368411bb20_0 .net8 "VNB", 0 0, L_0x5636841c9970;  1 drivers, strength-aware
L_0x5636841c97a0 .functor BUFT 1, C8<771>, C4<0>, C4<0>, C4<0>;
v0x56368411bbe0_0 .net8 "VPB", 0 0, L_0x5636841c97a0;  1 drivers, strength-aware
L_0x5636841c9b40 .functor BUFT 1, C8<771>, C4<0>, C4<0>, C4<0>;
v0x56368411bca0_0 .net8 "VPWR", 0 0, L_0x5636841c9b40;  1 drivers, strength-aware
v0x56368411c730_0 .net "X", 0 0, L_0x56368497cfe0;  1 drivers
v0x56368411c7f0_0 .net "and0_out_X", 0 0, L_0x56368497cf10;  1 drivers
S_0x563684895710 .scope module, "sky130_fd_sc_hd__and2_1" "sky130_fd_sc_hd__and2_1" 2 27199;
 .timescale -9 -12;
    .port_info 0 /OUTPUT 1 "X";
    .port_info 1 /INPUT 1 "A";
    .port_info 2 /INPUT 1 "B";
o0x7f0afd443508 .functor BUFZ 1, C4<z>; HiZ drive
o0x7f0afd443538 .functor BUFZ 1, C4<z>; HiZ drive
L_0x56368497d0a0 .functor AND 1, o0x7f0afd443508, o0x7f0afd443538, C4<1>, C4<1>;
L_0x56368497d110 .functor BUF 1, L_0x56368497d0a0, C4<0>, C4<0>, C4<0>;
v0x56368411c930_0 .net "A", 0 0, o0x7f0afd443508;  0 drivers
v0x56368411c9f0_0 .net "B", 0 0, o0x7f0afd443538;  0 drivers
L_0x5636841c6dd0 .functor BUFT 1, C8<770>, C4<0>, C4<0>, C4<0>;
v0x56368411cab0_0 .net8 "VGND", 0 0, L_0x5636841c6dd0;  1 drivers, strength-aware
L_0x5636841c6f30 .functor BUFT 1, C8<770>, C4<0>, C4<0>, C4<0>;
v0x56368411cb50_0 .net8 "VNB", 0 0, L_0x5636841c6f30;  1 drivers, strength-aware
L_0x5636841c7620 .functor BUFT 1, C8<771>, C4<0>, C4<0>, C4<0>;
v0x56368411d580_0 .net8 "VPB", 0 0, L_0x5636841c7620;  1 drivers, strength-aware
L_0x5636841c7450 .functor BUFT 1, C8<771>, C4<0>, C4<0>, C4<0>;
v0x56368411d620_0 .net8 "VPWR", 0 0, L_0x5636841c7450;  1 drivers, strength-aware
v0x56368411d6e0_0 .net "X", 0 0, L_0x56368497d110;  1 drivers
v0x56368411d7a0_0 .net "and0_out_X", 0 0, L_0x56368497d0a0;  1 drivers
S_0x563684893400 .scope module, "sky130_fd_sc_hd__and2_2" "sky130_fd_sc_hd__and2_2" 2 27509;
 .timescale -9 -12;
    .port_info 0 /OUTPUT 1 "X";
    .port_info 1 /INPUT 1 "A";
    .port_info 2 /INPUT 1 "B";
o0x7f0afd443718 .functor BUFZ 1, C4<z>; HiZ drive
o0x7f0afd443748 .functor BUFZ 1, C4<z>; HiZ drive
L_0x56368497d1d0 .functor AND 1, o0x7f0afd443718, o0x7f0afd443748, C4<1>, C4<1>;
L_0x56368497d240 .functor BUF 1, L_0x56368497d1d0, C4<0>, C4<0>, C4<0>;
v0x56368411d8e0_0 .net "A", 0 0, o0x7f0afd443718;  0 drivers
v0x56368411d9a0_0 .net "B", 0 0, o0x7f0afd443748;  0 drivers
L_0x5636841c77f0 .functor BUFT 1, C8<770>, C4<0>, C4<0>, C4<0>;
v0x56368411f220_0 .net8 "VGND", 0 0, L_0x5636841c77f0;  1 drivers, strength-aware
L_0x5636841c4ed0 .functor BUFT 1, C8<770>, C4<0>, C4<0>, C4<0>;
v0x56368411f2c0_0 .net8 "VNB", 0 0, L_0x5636841c4ed0;  1 drivers, strength-aware
L_0x5636841c5030 .functor BUFT 1, C8<771>, C4<0>, C4<0>, C4<0>;
v0x56368411f360_0 .net8 "VPB", 0 0, L_0x5636841c5030;  1 drivers, strength-aware
L_0x5636841c5720 .functor BUFT 1, C8<771>, C4<0>, C4<0>, C4<0>;
v0x56368411f420_0 .net8 "VPWR", 0 0, L_0x5636841c5720;  1 drivers, strength-aware
v0x56368411f4e0_0 .net "X", 0 0, L_0x56368497d240;  1 drivers
v0x56368411f5a0_0 .net "and0_out_X", 0 0, L_0x56368497d1d0;  1 drivers
S_0x563684892910 .scope module, "sky130_fd_sc_hd__and2_4" "sky130_fd_sc_hd__and2_4" 2 27819;
 .timescale -9 -12;
    .port_info 0 /OUTPUT 1 "X";
    .port_info 1 /INPUT 1 "A";
    .port_info 2 /INPUT 1 "B";
o0x7f0afd443928 .functor BUFZ 1, C4<z>; HiZ drive
o0x7f0afd443958 .functor BUFZ 1, C4<z>; HiZ drive
L_0x56368497d300 .functor AND 1, o0x7f0afd443928, o0x7f0afd443958, C4<1>, C4<1>;
L_0x56368497d370 .functor BUF 1, L_0x56368497d300, C4<0>, C4<0>, C4<0>;
v0x563684120d10_0 .net "A", 0 0, o0x7f0afd443928;  0 drivers
v0x563684120dd0_0 .net "B", 0 0, o0x7f0afd443958;  0 drivers
L_0x5636841c5190 .functor BUFT 1, C8<770>, C4<0>, C4<0>, C4<0>;
v0x563684120e90_0 .net8 "VGND", 0 0, L_0x5636841c5190;  1 drivers, strength-aware
L_0x5636841c4d70 .functor BUFT 1, C8<770>, C4<0>, C4<0>, C4<0>;
v0x563684120f30_0 .net8 "VNB", 0 0, L_0x5636841c4d70;  1 drivers, strength-aware
L_0x5636841c2fd0 .functor BUFT 1, C8<771>, C4<0>, C4<0>, C4<0>;
v0x563684120ff0_0 .net8 "VPB", 0 0, L_0x5636841c2fd0;  1 drivers, strength-aware
L_0x5636841c3130 .functor BUFT 1, C8<771>, C4<0>, C4<0>, C4<0>;
v0x5636841210b0_0 .net8 "VPWR", 0 0, L_0x5636841c3130;  1 drivers, strength-aware
v0x563684122c10_0 .net "X", 0 0, L_0x56368497d370;  1 drivers
v0x563684122cd0_0 .net "and0_out_X", 0 0, L_0x56368497d300;  1 drivers
S_0x5636848919e0 .scope module, "sky130_fd_sc_hd__and2b_1" "sky130_fd_sc_hd__and2b_1" 2 28135;
 .timescale -9 -12;
    .port_info 0 /OUTPUT 1 "X";
    .port_info 1 /INPUT 1 "A_N";
    .port_info 2 /INPUT 1 "B";
o0x7f0afd443b38 .functor BUFZ 1, C4<z>; HiZ drive
L_0x56368497d430 .functor NOT 1, o0x7f0afd443b38, C4<0>, C4<0>, C4<0>;
o0x7f0afd443b68 .functor BUFZ 1, C4<z>; HiZ drive
L_0x56368497d4a0 .functor AND 1, L_0x56368497d430, o0x7f0afd443b68, C4<1>, C4<1>;
L_0x56368497d560 .functor BUF 1, L_0x56368497d4a0, C4<0>, C4<0>, C4<0>;
v0x563684122e10_0 .net "A_N", 0 0, o0x7f0afd443b38;  0 drivers
v0x563684122ed0_0 .net "B", 0 0, o0x7f0afd443b68;  0 drivers
L_0x5636841c3820 .functor BUFT 1, C8<770>, C4<0>, C4<0>, C4<0>;
v0x563684122f90_0 .net8 "VGND", 0 0, L_0x5636841c3820;  1 drivers, strength-aware
L_0x5636841c3290 .functor BUFT 1, C8<770>, C4<0>, C4<0>, C4<0>;
v0x563684123030_0 .net8 "VNB", 0 0, L_0x5636841c3290;  1 drivers, strength-aware
L_0x5636841c2e70 .functor BUFT 1, C8<771>, C4<0>, C4<0>, C4<0>;
v0x563684124b10_0 .net8 "VPB", 0 0, L_0x5636841c2e70;  1 drivers, strength-aware
L_0x5636841c10d0 .functor BUFT 1, C8<771>, C4<0>, C4<0>, C4<0>;
v0x563684124bb0_0 .net8 "VPWR", 0 0, L_0x5636841c10d0;  1 drivers, strength-aware
v0x563684124c70_0 .net "X", 0 0, L_0x56368497d560;  1 drivers
v0x563684124d30_0 .net "and0_out_X", 0 0, L_0x56368497d4a0;  1 drivers
v0x563684124df0_0 .net "not0_out", 0 0, L_0x56368497d430;  1 drivers
S_0x563684890ef0 .scope module, "sky130_fd_sc_hd__and2b_2" "sky130_fd_sc_hd__and2b_2" 2 28453;
 .timescale -9 -12;
    .port_info 0 /OUTPUT 1 "X";
    .port_info 1 /INPUT 1 "A_N";
    .port_info 2 /INPUT 1 "B";
o0x7f0afd443d78 .functor BUFZ 1, C4<z>; HiZ drive
L_0x56368497d620 .functor NOT 1, o0x7f0afd443d78, C4<0>, C4<0>, C4<0>;
o0x7f0afd443da8 .functor BUFZ 1, C4<z>; HiZ drive
L_0x56368497d690 .functor AND 1, L_0x56368497d620, o0x7f0afd443da8, C4<1>, C4<1>;
L_0x56368497d750 .functor BUF 1, L_0x56368497d690, C4<0>, C4<0>, C4<0>;
v0x5636841265c0_0 .net "A_N", 0 0, o0x7f0afd443d78;  0 drivers
v0x563684126680_0 .net "B", 0 0, o0x7f0afd443da8;  0 drivers
L_0x5636841c1580 .functor BUFT 1, C8<770>, C4<0>, C4<0>, C4<0>;
v0x563684126740_0 .net8 "VGND", 0 0, L_0x5636841c1580;  1 drivers, strength-aware
L_0x5636841c1920 .functor BUFT 1, C8<770>, C4<0>, C4<0>, C4<0>;
v0x5636841267e0_0 .net8 "VNB", 0 0, L_0x5636841c1920;  1 drivers, strength-aware
L_0x5636841c1390 .functor BUFT 1, C8<771>, C4<0>, C4<0>, C4<0>;
v0x5636841268a0_0 .net8 "VPB", 0 0, L_0x5636841c1390;  1 drivers, strength-aware
L_0x5636841c0f70 .functor BUFT 1, C8<771>, C4<0>, C4<0>, C4<0>;
v0x563684126960_0 .net8 "VPWR", 0 0, L_0x5636841c0f70;  1 drivers, strength-aware
v0x563684128dd0_0 .net "X", 0 0, L_0x56368497d750;  1 drivers
v0x563684128e90_0 .net "and0_out_X", 0 0, L_0x56368497d690;  1 drivers
v0x563684128f50_0 .net "not0_out", 0 0, L_0x56368497d620;  1 drivers
S_0x56368488eac0 .scope module, "sky130_fd_sc_hd__and2b_4" "sky130_fd_sc_hd__and2b_4" 2 28771;
 .timescale -9 -12;
    .port_info 0 /OUTPUT 1 "X";
    .port_info 1 /INPUT 1 "A_N";
    .port_info 2 /INPUT 1 "B";
o0x7f0afd443fb8 .functor BUFZ 1, C4<z>; HiZ drive
L_0x56368497d810 .functor NOT 1, o0x7f0afd443fb8, C4<0>, C4<0>, C4<0>;
o0x7f0afd443fe8 .functor BUFZ 1, C4<z>; HiZ drive
L_0x56368497d880 .functor AND 1, L_0x56368497d810, o0x7f0afd443fe8, C4<1>, C4<1>;
L_0x56368497d940 .functor BUF 1, L_0x56368497d880, C4<0>, C4<0>, C4<0>;
v0x563684129120_0 .net "A_N", 0 0, o0x7f0afd443fb8;  0 drivers
v0x5636841291e0_0 .net "B", 0 0, o0x7f0afd443fe8;  0 drivers
L_0x5636841bf1d0 .functor BUFT 1, C8<770>, C4<0>, C4<0>, C4<0>;
v0x563684131a70_0 .net8 "VGND", 0 0, L_0x5636841bf1d0;  1 drivers, strength-aware
L_0x5636841bf680 .functor BUFT 1, C8<770>, C4<0>, C4<0>, C4<0>;
v0x563684131b10_0 .net8 "VNB", 0 0, L_0x5636841bf680;  1 drivers, strength-aware
L_0x5636841bfa20 .functor BUFT 1, C8<771>, C4<0>, C4<0>, C4<0>;
v0x563684131bb0_0 .net8 "VPB", 0 0, L_0x5636841bfa20;  1 drivers, strength-aware
L_0x5636841bf490 .functor BUFT 1, C8<771>, C4<0>, C4<0>, C4<0>;
v0x563684131c70_0 .net8 "VPWR", 0 0, L_0x5636841bf490;  1 drivers, strength-aware
v0x563684131d30_0 .net "X", 0 0, L_0x56368497d940;  1 drivers
v0x563684131df0_0 .net "and0_out_X", 0 0, L_0x56368497d880;  1 drivers
v0x56368412b080_0 .net "not0_out", 0 0, L_0x56368497d810;  1 drivers
S_0x56368488dfd0 .scope module, "sky130_fd_sc_hd__and3_1" "sky130_fd_sc_hd__and3_1" 2 29090;
 .timescale -9 -12;
    .port_info 0 /OUTPUT 1 "X";
    .port_info 1 /INPUT 1 "A";
    .port_info 2 /INPUT 1 "B";
    .port_info 3 /INPUT 1 "C";
o0x7f0afd444258 .functor BUFZ 1, C4<z>; HiZ drive
o0x7f0afd4441f8 .functor BUFZ 1, C4<z>; HiZ drive
o0x7f0afd444228 .functor BUFZ 1, C4<z>; HiZ drive
L_0x56368497da00 .functor AND 1, o0x7f0afd444258, o0x7f0afd4441f8, o0x7f0afd444228, C4<1>;
L_0x56368497da70 .functor BUF 1, L_0x56368497da00, C4<0>, C4<0>, C4<0>;
v0x56368412b250_0 .net "A", 0 0, o0x7f0afd4441f8;  0 drivers
v0x56368412b310_0 .net "B", 0 0, o0x7f0afd444228;  0 drivers
v0x56368412b3d0_0 .net "C", 0 0, o0x7f0afd444258;  0 drivers
L_0x5636841bfbf0 .functor BUFT 1, C8<770>, C4<0>, C4<0>, C4<0>;
v0x56368412b470_0 .net8 "VGND", 0 0, L_0x5636841bfbf0;  1 drivers, strength-aware
L_0x5636841a3630 .functor BUFT 1, C8<770>, C4<0>, C4<0>, C4<0>;
v0x56368412d3d0_0 .net8 "VNB", 0 0, L_0x5636841a3630;  1 drivers, strength-aware
L_0x5636841a1e40 .functor BUFT 1, C8<771>, C4<0>, C4<0>, C4<0>;
v0x56368412d490_0 .net8 "VPB", 0 0, L_0x5636841a1e40;  1 drivers, strength-aware
L_0x5636841a2100 .functor BUFT 1, C8<771>, C4<0>, C4<0>, C4<0>;
v0x56368412d550_0 .net8 "VPWR", 0 0, L_0x5636841a2100;  1 drivers, strength-aware
v0x56368412d610_0 .net "X", 0 0, L_0x56368497da70;  1 drivers
v0x56368412d6d0_0 .net "and0_out_X", 0 0, L_0x56368497da00;  1 drivers
S_0x56368488d0a0 .scope module, "sky130_fd_sc_hd__and3_2" "sky130_fd_sc_hd__and3_2" 2 29410;
 .timescale -9 -12;
    .port_info 0 /OUTPUT 1 "X";
    .port_info 1 /INPUT 1 "A";
    .port_info 2 /INPUT 1 "B";
    .port_info 3 /INPUT 1 "C";
o0x7f0afd4444c8 .functor BUFZ 1, C4<z>; HiZ drive
o0x7f0afd444468 .functor BUFZ 1, C4<z>; HiZ drive
o0x7f0afd444498 .functor BUFZ 1, C4<z>; HiZ drive
L_0x56368497db30 .functor AND 1, o0x7f0afd4444c8, o0x7f0afd444468, o0x7f0afd444498, C4<1>;
L_0x56368497dba0 .functor BUF 1, L_0x56368497db30, C4<0>, C4<0>, C4<0>;
v0x56368412f720_0 .net "A", 0 0, o0x7f0afd444468;  0 drivers
v0x56368412f7e0_0 .net "B", 0 0, o0x7f0afd444498;  0 drivers
v0x56368412f8a0_0 .net "C", 0 0, o0x7f0afd4444c8;  0 drivers
L_0x5636841a23c0 .functor BUFT 1, C8<770>, C4<0>, C4<0>, C4<0>;
v0x56368412f940_0 .net8 "VGND", 0 0, L_0x5636841a23c0;  1 drivers, strength-aware
L_0x5636841a2520 .functor BUFT 1, C8<770>, C4<0>, C4<0>, C4<0>;
v0x56368412fa00_0 .net8 "VNB", 0 0, L_0x5636841a2520;  1 drivers, strength-aware
L_0x5636841a2c10 .functor BUFT 1, C8<771>, C4<0>, C4<0>, C4<0>;
v0x56368412fac0_0 .net8 "VPB", 0 0, L_0x5636841a2c10;  1 drivers, strength-aware
L_0x5636841a2a40 .functor BUFT 1, C8<771>, C4<0>, C4<0>, C4<0>;
v0x563684133dc0_0 .net8 "VPWR", 0 0, L_0x5636841a2a40;  1 drivers, strength-aware
v0x563684133e80_0 .net "X", 0 0, L_0x56368497dba0;  1 drivers
v0x563684133f40_0 .net "and0_out_X", 0 0, L_0x56368497db30;  1 drivers
S_0x56368488c5b0 .scope module, "sky130_fd_sc_hd__and3_4" "sky130_fd_sc_hd__and3_4" 2 29730;
 .timescale -9 -12;
    .port_info 0 /OUTPUT 1 "X";
    .port_info 1 /INPUT 1 "A";
    .port_info 2 /INPUT 1 "B";
    .port_info 3 /INPUT 1 "C";
o0x7f0afd444738 .functor BUFZ 1, C4<z>; HiZ drive
o0x7f0afd4446d8 .functor BUFZ 1, C4<z>; HiZ drive
o0x7f0afd444708 .functor BUFZ 1, C4<z>; HiZ drive
L_0x56368497dc60 .functor AND 1, o0x7f0afd444738, o0x7f0afd4446d8, o0x7f0afd444708, C4<1>;
L_0x56368497dcd0 .functor BUF 1, L_0x56368497dc60, C4<0>, C4<0>, C4<0>;
v0x563684134110_0 .net "A", 0 0, o0x7f0afd4446d8;  0 drivers
v0x5636841362f0_0 .net "B", 0 0, o0x7f0afd444708;  0 drivers
v0x5636841363b0_0 .net "C", 0 0, o0x7f0afd444738;  0 drivers
L_0x5636841a1ce0 .functor BUFT 1, C8<770>, C4<0>, C4<0>, C4<0>;
v0x563684136450_0 .net8 "VGND", 0 0, L_0x5636841a1ce0;  1 drivers, strength-aware
L_0x563684185ed0 .functor BUFT 1, C8<770>, C4<0>, C4<0>, C4<0>;
v0x563684136510_0 .net8 "VNB", 0 0, L_0x563684185ed0;  1 drivers, strength-aware
L_0x5636841846e0 .functor BUFT 1, C8<771>, C4<0>, C4<0>, C4<0>;
v0x5636841365d0_0 .net8 "VPB", 0 0, L_0x5636841846e0;  1 drivers, strength-aware
L_0x5636841849a0 .functor BUFT 1, C8<771>, C4<0>, C4<0>, C4<0>;
v0x563684136690_0 .net8 "VPWR", 0 0, L_0x5636841849a0;  1 drivers, strength-aware
v0x5636841376e0_0 .net "X", 0 0, L_0x56368497dcd0;  1 drivers
v0x5636841377a0_0 .net "and0_out_X", 0 0, L_0x56368497dc60;  1 drivers
S_0x563684856110 .scope module, "sky130_fd_sc_hd__and3b_1" "sky130_fd_sc_hd__and3b_1" 2 30056;
 .timescale -9 -12;
    .port_info 0 /OUTPUT 1 "X";
    .port_info 1 /INPUT 1 "A_N";
    .port_info 2 /INPUT 1 "B";
    .port_info 3 /INPUT 1 "C";
o0x7f0afd444948 .functor BUFZ 1, C4<z>; HiZ drive
L_0x56368497dd90 .functor NOT 1, o0x7f0afd444948, C4<0>, C4<0>, C4<0>;
o0x7f0afd4449a8 .functor BUFZ 1, C4<z>; HiZ drive
o0x7f0afd444978 .functor BUFZ 1, C4<z>; HiZ drive
L_0x56368497de00 .functor AND 1, o0x7f0afd4449a8, L_0x56368497dd90, o0x7f0afd444978, C4<1>;
L_0x56368497dec0 .functor BUF 1, L_0x56368497de00, C4<0>, C4<0>, C4<0>;
v0x5636841378e0_0 .net "A_N", 0 0, o0x7f0afd444948;  0 drivers
v0x5636841379c0_0 .net "B", 0 0, o0x7f0afd444978;  0 drivers
v0x563684137a80_0 .net "C", 0 0, o0x7f0afd4449a8;  0 drivers
L_0x563684184c60 .functor BUFT 1, C8<770>, C4<0>, C4<0>, C4<0>;
v0x563684138ad0_0 .net8 "VGND", 0 0, L_0x563684184c60;  1 drivers, strength-aware
L_0x563684184dc0 .functor BUFT 1, C8<770>, C4<0>, C4<0>, C4<0>;
v0x563684138b90_0 .net8 "VNB", 0 0, L_0x563684184dc0;  1 drivers, strength-aware
L_0x5636841854b0 .functor BUFT 1, C8<771>, C4<0>, C4<0>, C4<0>;
v0x563684138c50_0 .net8 "VPB", 0 0, L_0x5636841854b0;  1 drivers, strength-aware
L_0x5636841852e0 .functor BUFT 1, C8<771>, C4<0>, C4<0>, C4<0>;
v0x563684138d10_0 .net8 "VPWR", 0 0, L_0x5636841852e0;  1 drivers, strength-aware
v0x563684138dd0_0 .net "X", 0 0, L_0x56368497dec0;  1 drivers
v0x563684138e90_0 .net "and0_out_X", 0 0, L_0x56368497de00;  1 drivers
v0x563684139f70_0 .net "not0_out", 0 0, L_0x56368497dd90;  1 drivers
S_0x5636848548b0 .scope module, "sky130_fd_sc_hd__and3b_2" "sky130_fd_sc_hd__and3b_2" 2 30384;
 .timescale -9 -12;
    .port_info 0 /OUTPUT 1 "X";
    .port_info 1 /INPUT 1 "A_N";
    .port_info 2 /INPUT 1 "B";
    .port_info 3 /INPUT 1 "C";
o0x7f0afd444be8 .functor BUFZ 1, C4<z>; HiZ drive
L_0x56368497df80 .functor NOT 1, o0x7f0afd444be8, C4<0>, C4<0>, C4<0>;
o0x7f0afd444c48 .functor BUFZ 1, C4<z>; HiZ drive
o0x7f0afd444c18 .functor BUFZ 1, C4<z>; HiZ drive
L_0x56368497dff0 .functor AND 1, o0x7f0afd444c48, L_0x56368497df80, o0x7f0afd444c18, C4<1>;
L_0x56368497e0b0 .functor BUF 1, L_0x56368497dff0, C4<0>, C4<0>, C4<0>;
v0x56368413a0b0_0 .net "A_N", 0 0, o0x7f0afd444be8;  0 drivers
v0x56368413a190_0 .net "B", 0 0, o0x7f0afd444c18;  0 drivers
v0x56368413a250_0 .net "C", 0 0, o0x7f0afd444c48;  0 drivers
L_0x563684184580 .functor BUFT 1, C8<770>, C4<0>, C4<0>, C4<0>;
v0x56368413b480_0 .net8 "VGND", 0 0, L_0x563684184580;  1 drivers, strength-aware
L_0x563684168770 .functor BUFT 1, C8<770>, C4<0>, C4<0>, C4<0>;
v0x56368413b540_0 .net8 "VNB", 0 0, L_0x563684168770;  1 drivers, strength-aware
L_0x563684166f80 .functor BUFT 1, C8<771>, C4<0>, C4<0>, C4<0>;
v0x56368413b600_0 .net8 "VPB", 0 0, L_0x563684166f80;  1 drivers, strength-aware
L_0x563684167240 .functor BUFT 1, C8<771>, C4<0>, C4<0>, C4<0>;
v0x56368413b6c0_0 .net8 "VPWR", 0 0, L_0x563684167240;  1 drivers, strength-aware
v0x56368413b780_0 .net "X", 0 0, L_0x56368497e0b0;  1 drivers
v0x56368413b840_0 .net "and0_out_X", 0 0, L_0x56368497dff0;  1 drivers
v0x56368413c870_0 .net "not0_out", 0 0, L_0x56368497df80;  1 drivers
S_0x56368484b7b0 .scope module, "sky130_fd_sc_hd__and3b_4" "sky130_fd_sc_hd__and3b_4" 2 30712;
 .timescale -9 -12;
    .port_info 0 /OUTPUT 1 "X";
    .port_info 1 /INPUT 1 "A_N";
    .port_info 2 /INPUT 1 "B";
    .port_info 3 /INPUT 1 "C";
o0x7f0afd444e88 .functor BUFZ 1, C4<z>; HiZ drive
L_0x56368497e170 .functor NOT 1, o0x7f0afd444e88, C4<0>, C4<0>, C4<0>;
o0x7f0afd444ee8 .functor BUFZ 1, C4<z>; HiZ drive
o0x7f0afd444eb8 .functor BUFZ 1, C4<z>; HiZ drive
L_0x56368497e1e0 .functor AND 1, o0x7f0afd444ee8, L_0x56368497e170, o0x7f0afd444eb8, C4<1>;
L_0x56368497e2a0 .functor BUF 1, L_0x56368497e1e0, C4<0>, C4<0>, C4<0>;
v0x56368413c9b0_0 .net "A_N", 0 0, o0x7f0afd444e88;  0 drivers
v0x56368413ca90_0 .net "B", 0 0, o0x7f0afd444eb8;  0 drivers
v0x56368413cb50_0 .net "C", 0 0, o0x7f0afd444ee8;  0 drivers
L_0x563684167500 .functor BUFT 1, C8<770>, C4<0>, C4<0>, C4<0>;
v0x56368413cbf0_0 .net8 "VGND", 0 0, L_0x563684167500;  1 drivers, strength-aware
L_0x563684167660 .functor BUFT 1, C8<770>, C4<0>, C4<0>, C4<0>;
v0x56368413dc60_0 .net8 "VNB", 0 0, L_0x563684167660;  1 drivers, strength-aware
L_0x563684167d50 .functor BUFT 1, C8<771>, C4<0>, C4<0>, C4<0>;
v0x56368413dd20_0 .net8 "VPB", 0 0, L_0x563684167d50;  1 drivers, strength-aware
L_0x563684167b80 .functor BUFT 1, C8<771>, C4<0>, C4<0>, C4<0>;
v0x56368413dde0_0 .net8 "VPWR", 0 0, L_0x563684167b80;  1 drivers, strength-aware
v0x56368413dea0_0 .net "X", 0 0, L_0x56368497e2a0;  1 drivers
v0x56368413df60_0 .net "and0_out_X", 0 0, L_0x56368497e1e0;  1 drivers
v0x56368413f050_0 .net "not0_out", 0 0, L_0x56368497e170;  1 drivers
S_0x56368484ac90 .scope module, "sky130_fd_sc_hd__and4_1" "sky130_fd_sc_hd__and4_1" 2 31041;
 .timescale -9 -12;
    .port_info 0 /OUTPUT 1 "X";
    .port_info 1 /INPUT 1 "A";
    .port_info 2 /INPUT 1 "B";
    .port_info 3 /INPUT 1 "C";
    .port_info 4 /INPUT 1 "D";
o0x7f0afd445128 .functor BUFZ 1, C4<z>; HiZ drive
o0x7f0afd445158 .functor BUFZ 1, C4<z>; HiZ drive
o0x7f0afd445188 .functor BUFZ 1, C4<z>; HiZ drive
o0x7f0afd4451b8 .functor BUFZ 1, C4<z>; HiZ drive
L_0x56368497e360 .functor AND 1, o0x7f0afd445128, o0x7f0afd445158, o0x7f0afd445188, o0x7f0afd4451b8;
L_0x56368497e3d0 .functor BUF 1, L_0x56368497e360, C4<0>, C4<0>, C4<0>;
v0x56368413f190_0 .net "A", 0 0, o0x7f0afd445128;  0 drivers
v0x56368413f270_0 .net "B", 0 0, o0x7f0afd445158;  0 drivers
v0x56368413f330_0 .net "C", 0 0, o0x7f0afd445188;  0 drivers
v0x56368413f3d0_0 .net "D", 0 0, o0x7f0afd4451b8;  0 drivers
L_0x56368413ccc0 .functor BUFT 1, C8<770>, C4<0>, C4<0>, C4<0>;
v0x563684142690_0 .net8 "VGND", 0 0, L_0x56368413ccc0;  1 drivers, strength-aware
L_0x563684166e20 .functor BUFT 1, C8<770>, C4<0>, C4<0>, C4<0>;
v0x563684142750_0 .net8 "VNB", 0 0, L_0x563684166e20;  1 drivers, strength-aware
L_0x5636841637c0 .functor BUFT 1, C8<771>, C4<0>, C4<0>, C4<0>;
v0x563684142810_0 .net8 "VPB", 0 0, L_0x5636841637c0;  1 drivers, strength-aware
L_0x563684163920 .functor BUFT 1, C8<771>, C4<0>, C4<0>, C4<0>;
v0x5636841428d0_0 .net8 "VPWR", 0 0, L_0x563684163920;  1 drivers, strength-aware
v0x563684142990_0 .net "X", 0 0, L_0x56368497e3d0;  1 drivers
v0x563684146a20_0 .net "and0_out_X", 0 0, L_0x56368497e360;  1 drivers
S_0x563684639bc0 .scope module, "sky130_fd_sc_hd__and4_2" "sky130_fd_sc_hd__and4_2" 2 31371;
 .timescale -9 -12;
    .port_info 0 /OUTPUT 1 "X";
    .port_info 1 /INPUT 1 "A";
    .port_info 2 /INPUT 1 "B";
    .port_info 3 /INPUT 1 "C";
    .port_info 4 /INPUT 1 "D";
o0x7f0afd4453f8 .functor BUFZ 1, C4<z>; HiZ drive
o0x7f0afd445428 .functor BUFZ 1, C4<z>; HiZ drive
o0x7f0afd445458 .functor BUFZ 1, C4<z>; HiZ drive
o0x7f0afd445488 .functor BUFZ 1, C4<z>; HiZ drive
L_0x56368497e490 .functor AND 1, o0x7f0afd4453f8, o0x7f0afd445428, o0x7f0afd445458, o0x7f0afd445488;
L_0x56368497e500 .functor BUF 1, L_0x56368497e490, C4<0>, C4<0>, C4<0>;
v0x563684146b80_0 .net "A", 0 0, o0x7f0afd4453f8;  0 drivers
v0x563684146c60_0 .net "B", 0 0, o0x7f0afd445428;  0 drivers
v0x563684146d20_0 .net "C", 0 0, o0x7f0afd445458;  0 drivers
v0x563684146dc0_0 .net "D", 0 0, o0x7f0afd445488;  0 drivers
L_0x563684163dd0 .functor BUFT 1, C8<770>, C4<0>, C4<0>, C4<0>;
v0x56368414acd0_0 .net8 "VGND", 0 0, L_0x563684163dd0;  1 drivers, strength-aware
L_0x563684163fa0 .functor BUFT 1, C8<770>, C4<0>, C4<0>, C4<0>;
v0x56368414ad90_0 .net8 "VNB", 0 0, L_0x563684163fa0;  1 drivers, strength-aware
L_0x563684163be0 .functor BUFT 1, C8<771>, C4<0>, C4<0>, C4<0>;
v0x56368414ae50_0 .net8 "VPB", 0 0, L_0x563684163be0;  1 drivers, strength-aware
L_0x563684164340 .functor BUFT 1, C8<771>, C4<0>, C4<0>, C4<0>;
v0x56368414af10_0 .net8 "VPWR", 0 0, L_0x563684164340;  1 drivers, strength-aware
v0x56368414afd0_0 .net "X", 0 0, L_0x56368497e500;  1 drivers
v0x56368414ef80_0 .net "and0_out_X", 0 0, L_0x56368497e490;  1 drivers
S_0x563684849570 .scope module, "sky130_fd_sc_hd__and4_4" "sky130_fd_sc_hd__and4_4" 2 31701;
 .timescale -9 -12;
    .port_info 0 /OUTPUT 1 "X";
    .port_info 1 /INPUT 1 "A";
    .port_info 2 /INPUT 1 "B";
    .port_info 3 /INPUT 1 "C";
    .port_info 4 /INPUT 1 "D";
o0x7f0afd4456c8 .functor BUFZ 1, C4<z>; HiZ drive
o0x7f0afd4456f8 .functor BUFZ 1, C4<z>; HiZ drive
o0x7f0afd445728 .functor BUFZ 1, C4<z>; HiZ drive
o0x7f0afd445758 .functor BUFZ 1, C4<z>; HiZ drive
L_0x56368497e5f0 .functor AND 1, o0x7f0afd4456c8, o0x7f0afd4456f8, o0x7f0afd445728, o0x7f0afd445758;
L_0x56368497e750 .functor BUF 1, L_0x56368497e5f0, C4<0>, C4<0>, C4<0>;
v0x56368414f0e0_0 .net "A", 0 0, o0x7f0afd4456c8;  0 drivers
v0x56368414f1c0_0 .net "B", 0 0, o0x7f0afd4456f8;  0 drivers
v0x56368414f280_0 .net "C", 0 0, o0x7f0afd445728;  0 drivers
v0x56368414f320_0 .net "D", 0 0, o0x7f0afd445758;  0 drivers
L_0x563684160430 .functor BUFT 1, C8<770>, C4<0>, C4<0>, C4<0>;
v0x563684152470_0 .net8 "VGND", 0 0, L_0x563684160430;  1 drivers, strength-aware
L_0x563684160590 .functor BUFT 1, C8<770>, C4<0>, C4<0>, C4<0>;
v0x563684152530_0 .net8 "VNB", 0 0, L_0x563684160590;  1 drivers, strength-aware
L_0x563684160c80 .functor BUFT 1, C8<771>, C4<0>, C4<0>, C4<0>;
v0x5636841525f0_0 .net8 "VPB", 0 0, L_0x563684160c80;  1 drivers, strength-aware
L_0x563684160ab0 .functor BUFT 1, C8<771>, C4<0>, C4<0>, C4<0>;
v0x5636841526b0_0 .net8 "VPWR", 0 0, L_0x563684160ab0;  1 drivers, strength-aware
v0x563684152770_0 .net "X", 0 0, L_0x56368497e750;  1 drivers
v0x563684155960_0 .net "and0_out_X", 0 0, L_0x56368497e5f0;  1 drivers
S_0x563684848a50 .scope module, "sky130_fd_sc_hd__and4b_1" "sky130_fd_sc_hd__and4b_1" 2 32037;
 .timescale -9 -12;
    .port_info 0 /OUTPUT 1 "X";
    .port_info 1 /INPUT 1 "A_N";
    .port_info 2 /INPUT 1 "B";
    .port_info 3 /INPUT 1 "C";
    .port_info 4 /INPUT 1 "D";
o0x7f0afd445998 .functor BUFZ 1, C4<z>; HiZ drive
L_0x56368497e840 .functor NOT 1, o0x7f0afd445998, C4<0>, C4<0>, C4<0>;
o0x7f0afd4459c8 .functor BUFZ 1, C4<z>; HiZ drive
o0x7f0afd4459f8 .functor BUFZ 1, C4<z>; HiZ drive
o0x7f0afd445a28 .functor BUFZ 1, C4<z>; HiZ drive
L_0x56368497e8e0 .functor AND 1, L_0x56368497e840, o0x7f0afd4459c8, o0x7f0afd4459f8, o0x7f0afd445a28;
L_0x56368497ea60 .functor BUF 1, L_0x56368497e8e0, C4<0>, C4<0>, C4<0>;
v0x563684155ac0_0 .net "A_N", 0 0, o0x7f0afd445998;  0 drivers
v0x563684155ba0_0 .net "B", 0 0, o0x7f0afd4459c8;  0 drivers
v0x563684155c60_0 .net "C", 0 0, o0x7f0afd4459f8;  0 drivers
v0x563684155d00_0 .net "D", 0 0, o0x7f0afd445a28;  0 drivers
L_0x563684160170 .functor BUFT 1, C8<770>, C4<0>, C4<0>, C4<0>;
v0x563684158e50_0 .net8 "VGND", 0 0, L_0x563684160170;  1 drivers, strength-aware
L_0x56368415cde0 .functor BUFT 1, C8<770>, C4<0>, C4<0>, C4<0>;
v0x563684158f10_0 .net8 "VNB", 0 0, L_0x56368415cde0;  1 drivers, strength-aware
L_0x56368415cf40 .functor BUFT 1, C8<771>, C4<0>, C4<0>, C4<0>;
v0x563684158fd0_0 .net8 "VPB", 0 0, L_0x56368415cf40;  1 drivers, strength-aware
L_0x56368415d3f0 .functor BUFT 1, C8<771>, C4<0>, C4<0>, C4<0>;
v0x563684159090_0 .net8 "VPWR", 0 0, L_0x56368415d3f0;  1 drivers, strength-aware
v0x563684159150_0 .net "X", 0 0, L_0x56368497ea60;  1 drivers
v0x56368415c340_0 .net "and0_out_X", 0 0, L_0x56368497e8e0;  1 drivers
v0x56368415c400_0 .net "not0_out", 0 0, L_0x56368497e840;  1 drivers
S_0x563684637590 .scope module, "sky130_fd_sc_hd__and4b_2" "sky130_fd_sc_hd__and4b_2" 2 32375;
 .timescale -9 -12;
    .port_info 0 /OUTPUT 1 "X";
    .port_info 1 /INPUT 1 "A_N";
    .port_info 2 /INPUT 1 "B";
    .port_info 3 /INPUT 1 "C";
    .port_info 4 /INPUT 1 "D";
o0x7f0afd445c98 .functor BUFZ 1, C4<z>; HiZ drive
L_0x56368497eb20 .functor NOT 1, o0x7f0afd445c98, C4<0>, C4<0>, C4<0>;
o0x7f0afd445cc8 .functor BUFZ 1, C4<z>; HiZ drive
o0x7f0afd445cf8 .functor BUFZ 1, C4<z>; HiZ drive
o0x7f0afd445d28 .functor BUFZ 1, C4<z>; HiZ drive
L_0x56368497ebc0 .functor AND 1, L_0x56368497eb20, o0x7f0afd445cc8, o0x7f0afd445cf8, o0x7f0afd445d28;
L_0x56368497ed40 .functor BUF 1, L_0x56368497ebc0, C4<0>, C4<0>, C4<0>;
v0x56368415c560_0 .net "A_N", 0 0, o0x7f0afd445c98;  0 drivers
v0x56368415c640_0 .net "B", 0 0, o0x7f0afd445cc8;  0 drivers
v0x56368415c700_0 .net "C", 0 0, o0x7f0afd445cf8;  0 drivers
v0x56368415f840_0 .net "D", 0 0, o0x7f0afd445d28;  0 drivers
L_0x56368415d5c0 .functor BUFT 1, C8<770>, C4<0>, C4<0>, C4<0>;
v0x56368415f900_0 .net8 "VGND", 0 0, L_0x56368415d5c0;  1 drivers, strength-aware
L_0x56368415d200 .functor BUFT 1, C8<770>, C4<0>, C4<0>, C4<0>;
v0x56368415f9c0_0 .net8 "VNB", 0 0, L_0x56368415d200;  1 drivers, strength-aware
L_0x56368415d960 .functor BUFT 1, C8<771>, C4<0>, C4<0>, C4<0>;
v0x56368415fa80_0 .net8 "VPB", 0 0, L_0x56368415d960;  1 drivers, strength-aware
L_0x5636841598e0 .functor BUFT 1, C8<771>, C4<0>, C4<0>, C4<0>;
v0x56368415fb40_0 .net8 "VPWR", 0 0, L_0x5636841598e0;  1 drivers, strength-aware
v0x56368415fc00_0 .net "X", 0 0, L_0x56368497ed40;  1 drivers
v0x563684162de0_0 .net "and0_out_X", 0 0, L_0x56368497ebc0;  1 drivers
v0x563684162ea0_0 .net "not0_out", 0 0, L_0x56368497eb20;  1 drivers
S_0x563684847330 .scope module, "sky130_fd_sc_hd__and4b_4" "sky130_fd_sc_hd__and4b_4" 2 32713;
 .timescale -9 -12;
    .port_info 0 /OUTPUT 1 "X";
    .port_info 1 /INPUT 1 "A_N";
    .port_info 2 /INPUT 1 "B";
    .port_info 3 /INPUT 1 "C";
    .port_info 4 /INPUT 1 "D";
o0x7f0afd445f98 .functor BUFZ 1, C4<z>; HiZ drive
L_0x56368497ee30 .functor NOT 1, o0x7f0afd445f98, C4<0>, C4<0>, C4<0>;
o0x7f0afd445fc8 .functor BUFZ 1, C4<z>; HiZ drive
o0x7f0afd445ff8 .functor BUFZ 1, C4<z>; HiZ drive
o0x7f0afd446028 .functor BUFZ 1, C4<z>; HiZ drive
L_0x56368497eed0 .functor AND 1, L_0x56368497ee30, o0x7f0afd445fc8, o0x7f0afd445ff8, o0x7f0afd446028;
L_0x56368497f050 .functor BUF 1, L_0x56368497eed0, C4<0>, C4<0>, C4<0>;
v0x563684163000_0 .net "A_N", 0 0, o0x7f0afd445f98;  0 drivers
v0x5636841630e0_0 .net "B", 0 0, o0x7f0afd445fc8;  0 drivers
v0x563684166220_0 .net "C", 0 0, o0x7f0afd445ff8;  0 drivers
v0x5636841662c0_0 .net "D", 0 0, o0x7f0afd446028;  0 drivers
L_0x563684159ba0 .functor BUFT 1, C8<770>, C4<0>, C4<0>, C4<0>;
v0x563684166380_0 .net8 "VGND", 0 0, L_0x563684159ba0;  1 drivers, strength-aware
L_0x56368415a290 .functor BUFT 1, C8<770>, C4<0>, C4<0>, C4<0>;
v0x563684166440_0 .net8 "VNB", 0 0, L_0x56368415a290;  1 drivers, strength-aware
L_0x56368415a0c0 .functor BUFT 1, C8<771>, C4<0>, C4<0>, C4<0>;
v0x563684166500_0 .net8 "VPB", 0 0, L_0x56368415a0c0;  1 drivers, strength-aware
L_0x563684159780 .functor BUFT 1, C8<771>, C4<0>, C4<0>, C4<0>;
v0x5636841665c0_0 .net8 "VPWR", 0 0, L_0x563684159780;  1 drivers, strength-aware
v0x563684183970_0 .net "X", 0 0, L_0x56368497f050;  1 drivers
v0x563684183ac0_0 .net "and0_out_X", 0 0, L_0x56368497eed0;  1 drivers
v0x563684183b80_0 .net "not0_out", 0 0, L_0x56368497ee30;  1 drivers
S_0x563684846810 .scope module, "sky130_fd_sc_hd__and4bb_1" "sky130_fd_sc_hd__and4bb_1" 2 33051;
 .timescale -9 -12;
    .port_info 0 /OUTPUT 1 "X";
    .port_info 1 /INPUT 1 "A_N";
    .port_info 2 /INPUT 1 "B_N";
    .port_info 3 /INPUT 1 "C";
    .port_info 4 /INPUT 1 "D";
o0x7f0afd446298 .functor BUFZ 1, C4<z>; HiZ drive
o0x7f0afd4462c8 .functor BUFZ 1, C4<z>; HiZ drive
L_0x56368497f110 .functor NOR 1, o0x7f0afd446298, o0x7f0afd4462c8, C4<0>, C4<0>;
o0x7f0afd4462f8 .functor BUFZ 1, C4<z>; HiZ drive
o0x7f0afd446328 .functor BUFZ 1, C4<z>; HiZ drive
L_0x56368497f1e0 .functor AND 1, L_0x56368497f110, o0x7f0afd4462f8, o0x7f0afd446328, C4<1>;
L_0x56368497f330 .functor BUF 1, L_0x56368497f1e0, C4<0>, C4<0>, C4<0>;
v0x563684183ce0_0 .net "A_N", 0 0, o0x7f0afd446298;  0 drivers
v0x5636841a10d0_0 .net "B_N", 0 0, o0x7f0afd4462c8;  0 drivers
v0x5636841a1190_0 .net "C", 0 0, o0x7f0afd4462f8;  0 drivers
v0x5636841a1230_0 .net "D", 0 0, o0x7f0afd446328;  0 drivers
L_0x5636841563f0 .functor BUFT 1, C8<770>, C4<0>, C4<0>, C4<0>;
v0x5636841a12f0_0 .net8 "VGND", 0 0, L_0x5636841563f0;  1 drivers, strength-aware
L_0x563684156550 .functor BUFT 1, C8<770>, C4<0>, C4<0>, C4<0>;
v0x5636841a13b0_0 .net8 "VNB", 0 0, L_0x563684156550;  1 drivers, strength-aware
L_0x563684156a00 .functor BUFT 1, C8<771>, C4<0>, C4<0>, C4<0>;
v0x5636841a1470_0 .net8 "VPB", 0 0, L_0x563684156a00;  1 drivers, strength-aware
L_0x563684156da0 .functor BUFT 1, C8<771>, C4<0>, C4<0>, C4<0>;
v0x5636841be830_0 .net8 "VPWR", 0 0, L_0x563684156da0;  1 drivers, strength-aware
v0x5636841be8f0_0 .net "X", 0 0, L_0x56368497f330;  1 drivers
v0x5636841bea40_0 .net "and0_out_X", 0 0, L_0x56368497f1e0;  1 drivers
v0x5636841beb00_0 .net "nor0_out", 0 0, L_0x56368497f110;  1 drivers
S_0x563684634f60 .scope module, "sky130_fd_sc_hd__and4bb_2" "sky130_fd_sc_hd__and4bb_2" 2 33389;
 .timescale -9 -12;
    .port_info 0 /OUTPUT 1 "X";
    .port_info 1 /INPUT 1 "A_N";
    .port_info 2 /INPUT 1 "B_N";
    .port_info 3 /INPUT 1 "C";
    .port_info 4 /INPUT 1 "D";
o0x7f0afd446598 .functor BUFZ 1, C4<z>; HiZ drive
o0x7f0afd4465c8 .functor BUFZ 1, C4<z>; HiZ drive
L_0x56368497f420 .functor NOR 1, o0x7f0afd446598, o0x7f0afd4465c8, C4<0>, C4<0>;
o0x7f0afd4465f8 .functor BUFZ 1, C4<z>; HiZ drive
o0x7f0afd446628 .functor BUFZ 1, C4<z>; HiZ drive
L_0x56368497f4f0 .functor AND 1, L_0x56368497f420, o0x7f0afd4465f8, o0x7f0afd446628, C4<1>;
L_0x56368497f640 .functor BUF 1, L_0x56368497f4f0, C4<0>, C4<0>, C4<0>;
v0x5636841c0800_0 .net "A_N", 0 0, o0x7f0afd446598;  0 drivers
v0x5636841c08e0_0 .net "B_N", 0 0, o0x7f0afd4465c8;  0 drivers
v0x5636841c09a0_0 .net "C", 0 0, o0x7f0afd4465f8;  0 drivers
v0x5636841c0a40_0 .net "D", 0 0, o0x7f0afd446628;  0 drivers
L_0x563684156810 .functor BUFT 1, C8<770>, C4<0>, C4<0>, C4<0>;
v0x5636841c0b00_0 .net8 "VGND", 0 0, L_0x563684156810;  1 drivers, strength-aware
L_0x563684156f70 .functor BUFT 1, C8<770>, C4<0>, C4<0>, C4<0>;
v0x5636841c0bc0_0 .net8 "VNB", 0 0, L_0x563684156f70;  1 drivers, strength-aware
L_0x563684152f00 .functor BUFT 1, C8<771>, C4<0>, C4<0>, C4<0>;
v0x5636841c2700_0 .net8 "VPB", 0 0, L_0x563684152f00;  1 drivers, strength-aware
L_0x5636841531c0 .functor BUFT 1, C8<771>, C4<0>, C4<0>, C4<0>;
v0x5636841c27c0_0 .net8 "VPWR", 0 0, L_0x5636841531c0;  1 drivers, strength-aware
v0x5636841c2880_0 .net "X", 0 0, L_0x56368497f640;  1 drivers
v0x5636841c2940_0 .net "and0_out_X", 0 0, L_0x56368497f4f0;  1 drivers
v0x5636841c2a00_0 .net "nor0_out", 0 0, L_0x56368497f420;  1 drivers
S_0x5636848450f0 .scope module, "sky130_fd_sc_hd__and4bb_4" "sky130_fd_sc_hd__and4bb_4" 2 33727;
 .timescale -9 -12;
    .port_info 0 /OUTPUT 1 "X";
    .port_info 1 /INPUT 1 "A_N";
    .port_info 2 /INPUT 1 "B_N";
    .port_info 3 /INPUT 1 "C";
    .port_info 4 /INPUT 1 "D";
o0x7f0afd446898 .functor BUFZ 1, C4<z>; HiZ drive
o0x7f0afd4468c8 .functor BUFZ 1, C4<z>; HiZ drive
L_0x56368497f700 .functor NOR 1, o0x7f0afd446898, o0x7f0afd4468c8, C4<0>, C4<0>;
o0x7f0afd4468f8 .functor BUFZ 1, C4<z>; HiZ drive
o0x7f0afd446928 .functor BUFZ 1, C4<z>; HiZ drive
L_0x56368497f7d0 .functor AND 1, L_0x56368497f700, o0x7f0afd4468f8, o0x7f0afd446928, C4<1>;
L_0x56368497f920 .functor BUF 1, L_0x56368497f7d0, C4<0>, C4<0>, C4<0>;
v0x5636841c4600_0 .net "A_N", 0 0, o0x7f0afd446898;  0 drivers
v0x5636841c46e0_0 .net "B_N", 0 0, o0x7f0afd4468c8;  0 drivers
v0x5636841c47a0_0 .net "C", 0 0, o0x7f0afd4468f8;  0 drivers
v0x5636841c4840_0 .net "D", 0 0, o0x7f0afd446928;  0 drivers
L_0x5636841538b0 .functor BUFT 1, C8<770>, C4<0>, C4<0>, C4<0>;
v0x5636841c4900_0 .net8 "VGND", 0 0, L_0x5636841538b0;  1 drivers, strength-aware
L_0x5636841536e0 .functor BUFT 1, C8<770>, C4<0>, C4<0>, C4<0>;
v0x5636841c49c0_0 .net8 "VNB", 0 0, L_0x5636841536e0;  1 drivers, strength-aware
L_0x563684152da0 .functor BUFT 1, C8<771>, C4<0>, C4<0>, C4<0>;
v0x5636841c6500_0 .net8 "VPB", 0 0, L_0x563684152da0;  1 drivers, strength-aware
L_0x563684153a80 .functor BUFT 1, C8<771>, C4<0>, C4<0>, C4<0>;
v0x5636841c65c0_0 .net8 "VPWR", 0 0, L_0x563684153a80;  1 drivers, strength-aware
v0x5636841c6680_0 .net "X", 0 0, L_0x56368497f920;  1 drivers
v0x5636841c67d0_0 .net "and0_out_X", 0 0, L_0x56368497f7d0;  1 drivers
v0x5636841c6890_0 .net "nor0_out", 0 0, L_0x56368497f700;  1 drivers
S_0x5636848445d0 .scope module, "sky130_fd_sc_hd__buf_1" "sky130_fd_sc_hd__buf_1" 2 34038;
 .timescale -9 -12;
    .port_info 0 /OUTPUT 1 "X";
    .port_info 1 /INPUT 1 "A";
o0x7f0afd446b98 .functor BUFZ 1, C4<z>; HiZ drive
L_0x56368497fa10 .functor BUF 1, o0x7f0afd446b98, C4<0>, C4<0>, C4<0>;
L_0x56368497fab0 .functor BUF 1, L_0x56368497fa10, C4<0>, C4<0>, C4<0>;
v0x5636841c8850_0 .net "A", 0 0, o0x7f0afd446b98;  0 drivers
L_0x56368414fb70 .functor BUFT 1, C8<770>, C4<0>, C4<0>, C4<0>;
v0x5636841c8930_0 .net8 "VGND", 0 0, L_0x56368414fb70;  1 drivers, strength-aware
L_0x563684150020 .functor BUFT 1, C8<770>, C4<0>, C4<0>, C4<0>;
v0x5636841c89f0_0 .net8 "VNB", 0 0, L_0x563684150020;  1 drivers, strength-aware
L_0x5636841503c0 .functor BUFT 1, C8<771>, C4<0>, C4<0>, C4<0>;
v0x5636841c8a90_0 .net8 "VPB", 0 0, L_0x5636841503c0;  1 drivers, strength-aware
L_0x56368414fe30 .functor BUFT 1, C8<771>, C4<0>, C4<0>, C4<0>;
v0x5636841c8b50_0 .net8 "VPWR", 0 0, L_0x56368414fe30;  1 drivers, strength-aware
v0x5636841c8c10_0 .net "X", 0 0, L_0x56368497fab0;  1 drivers
v0x5636841caba0_0 .net "buf0_out_X", 0 0, L_0x56368497fa10;  1 drivers
S_0x563684632750 .scope module, "sky130_fd_sc_hd__buf_12" "sky130_fd_sc_hd__buf_12" 2 35538;
 .timescale -9 -12;
    .port_info 0 /OUTPUT 1 "X";
    .port_info 1 /INPUT 1 "A";
o0x7f0afd446d48 .functor BUFZ 1, C4<z>; HiZ drive
L_0x56368497fba0 .functor BUF 1, o0x7f0afd446d48, C4<0>, C4<0>, C4<0>;
L_0x56368497fc10 .functor BUF 1, L_0x56368497fba0, C4<0>, C4<0>, C4<0>;
v0x5636841cacc0_0 .net "A", 0 0, o0x7f0afd446d48;  0 drivers
L_0x563684150590 .functor BUFT 1, C8<770>, C4<0>, C4<0>, C4<0>;
v0x5636841cad80_0 .net8 "VGND", 0 0, L_0x563684150590;  1 drivers, strength-aware
L_0x56368414b760 .functor BUFT 1, C8<770>, C4<0>, C4<0>, C4<0>;
v0x5636841cae40_0 .net8 "VNB", 0 0, L_0x56368414b760;  1 drivers, strength-aware
L_0x56368414ba20 .functor BUFT 1, C8<771>, C4<0>, C4<0>, C4<0>;
v0x5636841caee0_0 .net8 "VPB", 0 0, L_0x56368414ba20;  1 drivers, strength-aware
L_0x56368414bd70 .functor BUFT 1, C8<771>, C4<0>, C4<0>, C4<0>;
v0x5636841cafa0_0 .net8 "VPWR", 0 0, L_0x56368414bd70;  1 drivers, strength-aware
v0x5636841ccef0_0 .net "X", 0 0, L_0x56368497fc10;  1 drivers
v0x5636841ccfb0_0 .net "buf0_out_X", 0 0, L_0x56368497fba0;  1 drivers
S_0x563684842d90 .scope module, "sky130_fd_sc_hd__buf_16" "sky130_fd_sc_hd__buf_16" 2 35838;
 .timescale -9 -12;
    .port_info 0 /OUTPUT 1 "X";
    .port_info 1 /INPUT 1 "A";
o0x7f0afd446ef8 .functor BUFZ 1, C4<z>; HiZ drive
L_0x56368497fd00 .functor BUF 1, o0x7f0afd446ef8, C4<0>, C4<0>, C4<0>;
L_0x56368497fda0 .functor BUF 1, L_0x56368497fd00, C4<0>, C4<0>, C4<0>;
v0x5636841cd0d0_0 .net "A", 0 0, o0x7f0afd446ef8;  0 drivers
L_0x56368414bf40 .functor BUFT 1, C8<770>, C4<0>, C4<0>, C4<0>;
v0x5636841cd190_0 .net8 "VGND", 0 0, L_0x56368414bf40;  1 drivers, strength-aware
L_0x56368414b600 .functor BUFT 1, C8<770>, C4<0>, C4<0>, C4<0>;
v0x5636841cd250_0 .net8 "VNB", 0 0, L_0x56368414b600;  1 drivers, strength-aware
L_0x56368414c4b0 .functor BUFT 1, C8<771>, C4<0>, C4<0>, C4<0>;
v0x5636841cd2f0_0 .net8 "VPB", 0 0, L_0x56368414c4b0;  1 drivers, strength-aware
L_0x56368414c2e0 .functor BUFT 1, C8<771>, C4<0>, C4<0>, C4<0>;
v0x5636841cf2d0_0 .net8 "VPWR", 0 0, L_0x56368414c2e0;  1 drivers, strength-aware
v0x5636841cf390_0 .net "X", 0 0, L_0x56368497fda0;  1 drivers
v0x5636841cf450_0 .net "buf0_out_X", 0 0, L_0x56368497fd00;  1 drivers
S_0x563684842270 .scope module, "sky130_fd_sc_hd__buf_2" "sky130_fd_sc_hd__buf_2" 2 34338;
 .timescale -9 -12;
    .port_info 0 /OUTPUT 1 "X";
    .port_info 1 /INPUT 1 "A";
o0x7f0afd4470a8 .functor BUFZ 1, C4<z>; HiZ drive
L_0x56368497fe90 .functor BUF 1, o0x7f0afd4470a8, C4<0>, C4<0>, C4<0>;
L_0x56368497ff00 .functor BUF 1, L_0x56368497fe90, C4<0>, C4<0>, C4<0>;
v0x5636841cf570_0 .net "A", 0 0, o0x7f0afd4470a8;  0 drivers
L_0x5636841474b0 .functor BUFT 1, C8<770>, C4<0>, C4<0>, C4<0>;
v0x5636841cf630_0 .net8 "VGND", 0 0, L_0x5636841474b0;  1 drivers, strength-aware
L_0x563684147610 .functor BUFT 1, C8<770>, C4<0>, C4<0>, C4<0>;
v0x5636841cf6f0_0 .net8 "VNB", 0 0, L_0x563684147610;  1 drivers, strength-aware
L_0x563684147ac0 .functor BUFT 1, C8<771>, C4<0>, C4<0>, C4<0>;
v0x5636841d16e0_0 .net8 "VPB", 0 0, L_0x563684147ac0;  1 drivers, strength-aware
L_0x563684147e60 .functor BUFT 1, C8<771>, C4<0>, C4<0>, C4<0>;
v0x5636841d17a0_0 .net8 "VPWR", 0 0, L_0x563684147e60;  1 drivers, strength-aware
v0x5636841d1860_0 .net "X", 0 0, L_0x56368497ff00;  1 drivers
v0x5636841d1920_0 .net "buf0_out_X", 0 0, L_0x56368497fe90;  1 drivers
S_0x56368462ff40 .scope module, "sky130_fd_sc_hd__buf_4" "sky130_fd_sc_hd__buf_4" 2 34638;
 .timescale -9 -12;
    .port_info 0 /OUTPUT 1 "X";
    .port_info 1 /INPUT 1 "A";
o0x7f0afd447258 .functor BUFZ 1, C4<z>; HiZ drive
L_0x56368497fff0 .functor BUF 1, o0x7f0afd447258, C4<0>, C4<0>, C4<0>;
L_0x563684980090 .functor BUF 1, L_0x56368497fff0, C4<0>, C4<0>, C4<0>;
v0x5636841d1a40_0 .net "A", 0 0, o0x7f0afd447258;  0 drivers
L_0x5636841478d0 .functor BUFT 1, C8<770>, C4<0>, C4<0>, C4<0>;
v0x5636841d1b00_0 .net8 "VGND", 0 0, L_0x5636841478d0;  1 drivers, strength-aware
L_0x563684148200 .functor BUFT 1, C8<770>, C4<0>, C4<0>, C4<0>;
v0x5636841d3af0_0 .net8 "VNB", 0 0, L_0x563684148200;  1 drivers, strength-aware
L_0x5636841483d0 .functor BUFT 1, C8<771>, C4<0>, C4<0>, C4<0>;
v0x5636841d3b90_0 .net8 "VPB", 0 0, L_0x5636841483d0;  1 drivers, strength-aware
L_0x5636841485a0 .functor BUFT 1, C8<771>, C4<0>, C4<0>, C4<0>;
v0x5636841d3c30_0 .net8 "VPWR", 0 0, L_0x5636841485a0;  1 drivers, strength-aware
v0x5636841d3cf0_0 .net "X", 0 0, L_0x563684980090;  1 drivers
v0x5636841d3db0_0 .net "buf0_out_X", 0 0, L_0x56368497fff0;  1 drivers
S_0x563684840a30 .scope module, "sky130_fd_sc_hd__buf_6" "sky130_fd_sc_hd__buf_6" 2 34938;
 .timescale -9 -12;
    .port_info 0 /OUTPUT 1 "X";
    .port_info 1 /INPUT 1 "A";
o0x7f0afd447408 .functor BUFZ 1, C4<z>; HiZ drive
L_0x563684980180 .functor BUF 1, o0x7f0afd447408, C4<0>, C4<0>, C4<0>;
L_0x5636849801f0 .functor BUF 1, L_0x563684980180, C4<0>, C4<0>, C4<0>;
v0x5636841d3ed0_0 .net "A", 0 0, o0x7f0afd447408;  0 drivers
L_0x563684143360 .functor BUFT 1, C8<770>, C4<0>, C4<0>, C4<0>;
v0x5636841d6350_0 .net8 "VGND", 0 0, L_0x563684143360;  1 drivers, strength-aware
L_0x5636841434c0 .functor BUFT 1, C8<770>, C4<0>, C4<0>, C4<0>;
v0x5636841d63f0_0 .net8 "VNB", 0 0, L_0x5636841434c0;  1 drivers, strength-aware
L_0x563684143bb0 .functor BUFT 1, C8<771>, C4<0>, C4<0>, C4<0>;
v0x5636841d6490_0 .net8 "VPB", 0 0, L_0x563684143bb0;  1 drivers, strength-aware
L_0x5636841439e0 .functor BUFT 1, C8<771>, C4<0>, C4<0>, C4<0>;
v0x5636841d6550_0 .net8 "VPWR", 0 0, L_0x5636841439e0;  1 drivers, strength-aware
v0x5636841d6610_0 .net "X", 0 0, L_0x5636849801f0;  1 drivers
v0x5636841d66d0_0 .net "buf0_out_X", 0 0, L_0x563684980180;  1 drivers
S_0x56368483ff10 .scope module, "sky130_fd_sc_hd__buf_8" "sky130_fd_sc_hd__buf_8" 2 35238;
 .timescale -9 -12;
    .port_info 0 /OUTPUT 1 "X";
    .port_info 1 /INPUT 1 "A";
o0x7f0afd4475b8 .functor BUFZ 1, C4<z>; HiZ drive
L_0x5636849802e0 .functor BUF 1, o0x7f0afd4475b8, C4<0>, C4<0>, C4<0>;
L_0x563684980380 .functor BUF 1, L_0x5636849802e0, C4<0>, C4<0>, C4<0>;
v0x5636841d8bb0_0 .net "A", 0 0, o0x7f0afd4475b8;  0 drivers
L_0x5636841430a0 .functor BUFT 1, C8<770>, C4<0>, C4<0>, C4<0>;
v0x5636841d8c50_0 .net8 "VGND", 0 0, L_0x5636841430a0;  1 drivers, strength-aware
L_0x563684144120 .functor BUFT 1, C8<770>, C4<0>, C4<0>, C4<0>;
v0x5636841d8d10_0 .net8 "VNB", 0 0, L_0x563684144120;  1 drivers, strength-aware
L_0x563684143d80 .functor BUFT 1, C8<771>, C4<0>, C4<0>, C4<0>;
v0x5636841d8db0_0 .net8 "VPB", 0 0, L_0x563684143d80;  1 drivers, strength-aware
L_0x56368413f650 .functor BUFT 1, C8<771>, C4<0>, C4<0>, C4<0>;
v0x5636841d8e70_0 .net8 "VPWR", 0 0, L_0x56368413f650;  1 drivers, strength-aware
v0x5636841d8f80_0 .net "X", 0 0, L_0x563684980380;  1 drivers
v0x5636841db410_0 .net "buf0_out_X", 0 0, L_0x5636849802e0;  1 drivers
S_0x56368462d730 .scope module, "sky130_fd_sc_hd__bufbuf_16" "sky130_fd_sc_hd__bufbuf_16" 2 36438;
 .timescale -9 -12;
    .port_info 0 /OUTPUT 1 "X";
    .port_info 1 /INPUT 1 "A";
o0x7f0afd447768 .functor BUFZ 1, C4<z>; HiZ drive
L_0x563684980470 .functor BUF 1, o0x7f0afd447768, C4<0>, C4<0>, C4<0>;
L_0x5636849804e0 .functor BUF 1, L_0x563684980470, C4<0>, C4<0>, C4<0>;
v0x5636841db530_0 .net "A", 0 0, o0x7f0afd447768;  0 drivers
L_0x56368413fd20 .functor BUFT 1, C8<770>, C4<0>, C4<0>, C4<0>;
v0x5636841db5f0_0 .net8 "VGND", 0 0, L_0x56368413fd20;  1 drivers, strength-aware
L_0x56368413fef0 .functor BUFT 1, C8<770>, C4<0>, C4<0>, C4<0>;
v0x5636841db6b0_0 .net8 "VNB", 0 0, L_0x56368413fef0;  1 drivers, strength-aware
L_0x563684140460 .functor BUFT 1, C8<771>, C4<0>, C4<0>, C4<0>;
v0x5636841db750_0 .net8 "VPB", 0 0, L_0x563684140460;  1 drivers, strength-aware
L_0x56368413f7b0 .functor BUFT 1, C8<771>, C4<0>, C4<0>, C4<0>;
v0x5636841db810_0 .net8 "VPWR", 0 0, L_0x56368413f7b0;  1 drivers, strength-aware
v0x5636841ddd10_0 .net "X", 0 0, L_0x5636849804e0;  1 drivers
v0x5636841dddd0_0 .net "buf0_out_X", 0 0, L_0x563684980470;  1 drivers
S_0x56368483e5b0 .scope module, "sky130_fd_sc_hd__bufbuf_8" "sky130_fd_sc_hd__bufbuf_8" 2 36138;
 .timescale -9 -12;
    .port_info 0 /OUTPUT 1 "X";
    .port_info 1 /INPUT 1 "A";
o0x7f0afd447918 .functor BUFZ 1, C4<z>; HiZ drive
L_0x5636849805d0 .functor BUF 1, o0x7f0afd447918, C4<0>, C4<0>, C4<0>;
L_0x563684980670 .functor BUF 1, L_0x5636849805d0, C4<0>, C4<0>, C4<0>;
v0x5636841ddef0_0 .net "A", 0 0, o0x7f0afd447918;  0 drivers
L_0x563684140290 .functor BUFT 1, C8<770>, C4<0>, C4<0>, C4<0>;
v0x5636841ddfb0_0 .net8 "VGND", 0 0, L_0x563684140290;  1 drivers, strength-aware
L_0x5636841423d0 .functor BUFT 1, C8<770>, C4<0>, C4<0>, C4<0>;
v0x5636841de070_0 .net8 "VNB", 0 0, L_0x5636841423d0;  1 drivers, strength-aware
L_0x5636841425d0 .functor BUFT 1, C8<771>, C4<0>, C4<0>, C4<0>;
v0x5636841de110_0 .net8 "VPB", 0 0, L_0x5636841425d0;  1 drivers, strength-aware
L_0x56368413e790 .functor BUFT 1, C8<771>, C4<0>, C4<0>, C4<0>;
v0x5636841e0610_0 .net8 "VPWR", 0 0, L_0x56368413e790;  1 drivers, strength-aware
v0x5636841e0720_0 .net "X", 0 0, L_0x563684980670;  1 drivers
v0x5636841e07e0_0 .net "buf0_out_X", 0 0, L_0x5636849805d0;  1 drivers
S_0x56368483da90 .scope module, "sky130_fd_sc_hd__bufinv_16" "sky130_fd_sc_hd__bufinv_16" 2 37038;
 .timescale -9 -12;
    .port_info 0 /OUTPUT 1 "Y";
    .port_info 1 /INPUT 1 "A";
o0x7f0afd447ac8 .functor BUFZ 1, C4<z>; HiZ drive
L_0x563684980760 .functor NOT 1, o0x7f0afd447ac8, C4<0>, C4<0>, C4<0>;
L_0x5636849807d0 .functor BUF 1, L_0x563684980760, C4<0>, C4<0>, C4<0>;
v0x5636841e0900_0 .net "A", 0 0, o0x7f0afd447ac8;  0 drivers
L_0x56368413e2e0 .functor BUFT 1, C8<770>, C4<0>, C4<0>, C4<0>;
v0x5636841e09c0_0 .net8 "VGND", 0 0, L_0x56368413e2e0;  1 drivers, strength-aware
L_0x56368413d050 .functor BUFT 1, C8<770>, C4<0>, C4<0>, C4<0>;
v0x5636841e2f10_0 .net8 "VNB", 0 0, L_0x56368413d050;  1 drivers, strength-aware
L_0x56368413d570 .functor BUFT 1, C8<771>, C4<0>, C4<0>, C4<0>;
v0x5636841e2fb0_0 .net8 "VPB", 0 0, L_0x56368413d570;  1 drivers, strength-aware
L_0x56368413cef0 .functor BUFT 1, C8<771>, C4<0>, C4<0>, C4<0>;
v0x5636841e3070_0 .net8 "VPWR", 0 0, L_0x56368413cef0;  1 drivers, strength-aware
v0x5636841e3130_0 .net "Y", 0 0, L_0x5636849807d0;  1 drivers
v0x5636841e31f0_0 .net "not0_out_Y", 0 0, L_0x563684980760;  1 drivers
S_0x56368462b0e0 .scope module, "sky130_fd_sc_hd__bufinv_8" "sky130_fd_sc_hd__bufinv_8" 2 36738;
 .timescale -9 -12;
    .port_info 0 /OUTPUT 1 "Y";
    .port_info 1 /INPUT 1 "A";
o0x7f0afd447c78 .functor BUFZ 1, C4<z>; HiZ drive
L_0x5636849808c0 .functor NOT 1, o0x7f0afd447c78, C4<0>, C4<0>, C4<0>;
L_0x563684980930 .functor BUF 1, L_0x5636849808c0, C4<0>, C4<0>, C4<0>;
v0x5636841e3310_0 .net "A", 0 0, o0x7f0afd447c78;  0 drivers
L_0x56368413bfb0 .functor BUFT 1, C8<770>, C4<0>, C4<0>, C4<0>;
v0x5636841e5c60_0 .net8 "VGND", 0 0, L_0x56368413bfb0;  1 drivers, strength-aware
L_0x56368413bb00 .functor BUFT 1, C8<770>, C4<0>, C4<0>, C4<0>;
v0x5636841e5d20_0 .net8 "VNB", 0 0, L_0x56368413bb00;  1 drivers, strength-aware
L_0x56368413a6a0 .functor BUFT 1, C8<771>, C4<0>, C4<0>, C4<0>;
v0x5636841e5dc0_0 .net8 "VPB", 0 0, L_0x56368413a6a0;  1 drivers, strength-aware
L_0x56368413ad90 .functor BUFT 1, C8<771>, C4<0>, C4<0>, C4<0>;
v0x5636841e5e80_0 .net8 "VPWR", 0 0, L_0x56368413ad90;  1 drivers, strength-aware
v0x5636841e5f90_0 .net "Y", 0 0, L_0x563684980930;  1 drivers
v0x5636841e6050_0 .net "not0_out_Y", 0 0, L_0x5636849808c0;  1 drivers
S_0x56368483c250 .scope module, "sky130_fd_sc_hd__clkbuf_1" "sky130_fd_sc_hd__clkbuf_1" 2 37338;
 .timescale -9 -12;
    .port_info 0 /OUTPUT 1 "X";
    .port_info 1 /INPUT 1 "A";
o0x7f0afd447e28 .functor BUFZ 1, C4<z>; HiZ drive
L_0x563684980a20 .functor BUF 1, o0x7f0afd447e28, C4<0>, C4<0>, C4<0>;
L_0x563684980a90 .functor BUF 1, L_0x563684980a20, C4<0>, C4<0>, C4<0>;
v0x5636841e89b0_0 .net "A", 0 0, o0x7f0afd447e28;  0 drivers
L_0x56368413a800 .functor BUFT 1, C8<770>, C4<0>, C4<0>, C4<0>;
v0x5636841e8a70_0 .net8 "VGND", 0 0, L_0x56368413a800;  1 drivers, strength-aware
L_0x56368413a540 .functor BUFT 1, C8<770>, C4<0>, C4<0>, C4<0>;
v0x5636841e8b30_0 .net8 "VNB", 0 0, L_0x56368413a540;  1 drivers, strength-aware
L_0x563684139600 .functor BUFT 1, C8<771>, C4<0>, C4<0>, C4<0>;
v0x5636841e8bd0_0 .net8 "VPB", 0 0, L_0x563684139600;  1 drivers, strength-aware
L_0x5636841397d0 .functor BUFT 1, C8<771>, C4<0>, C4<0>, C4<0>;
v0x5636841e8c90_0 .net8 "VPWR", 0 0, L_0x5636841397d0;  1 drivers, strength-aware
v0x5636841e8da0_0 .net "X", 0 0, L_0x563684980a90;  1 drivers
v0x5636841eb700_0 .net "buf0_out_X", 0 0, L_0x563684980a20;  1 drivers
S_0x56368483b730 .scope module, "sky130_fd_sc_hd__clkbuf_16" "sky130_fd_sc_hd__clkbuf_16" 2 38538;
 .timescale -9 -12;
    .port_info 0 /OUTPUT 1 "X";
    .port_info 1 /INPUT 1 "A";
o0x7f0afd447fd8 .functor BUFZ 1, C4<z>; HiZ drive
L_0x563684980b80 .functor BUF 1, o0x7f0afd447fd8, C4<0>, C4<0>, C4<0>;
L_0x563684980bf0 .functor BUF 1, L_0x563684980b80, C4<0>, C4<0>, C4<0>;
v0x5636841eb820_0 .net "A", 0 0, o0x7f0afd447fd8;  0 drivers
L_0x563684137ec0 .functor BUFT 1, C8<770>, C4<0>, C4<0>, C4<0>;
v0x5636841eb8e0_0 .net8 "VGND", 0 0, L_0x563684137ec0;  1 drivers, strength-aware
L_0x5636841383e0 .functor BUFT 1, C8<770>, C4<0>, C4<0>, C4<0>;
v0x5636841eb9a0_0 .net8 "VNB", 0 0, L_0x5636841383e0;  1 drivers, strength-aware
L_0x563684137d60 .functor BUFT 1, C8<771>, C4<0>, C4<0>, C4<0>;
v0x5636841eba40_0 .net8 "VPB", 0 0, L_0x563684137d60;  1 drivers, strength-aware
L_0x563684136e20 .functor BUFT 1, C8<771>, C4<0>, C4<0>, C4<0>;
v0x5636841ebb00_0 .net8 "VPWR", 0 0, L_0x563684136e20;  1 drivers, strength-aware
v0x5636841ee450_0 .net "X", 0 0, L_0x563684980bf0;  1 drivers
v0x5636841ee510_0 .net "buf0_out_X", 0 0, L_0x563684980b80;  1 drivers
S_0x5636846288a0 .scope module, "sky130_fd_sc_hd__clkbuf_2" "sky130_fd_sc_hd__clkbuf_2" 2 37638;
 .timescale -9 -12;
    .port_info 0 /OUTPUT 1 "X";
    .port_info 1 /INPUT 1 "A";
o0x7f0afd448188 .functor BUFZ 1, C4<z>; HiZ drive
L_0x563684980d20 .functor BUF 1, o0x7f0afd448188, C4<0>, C4<0>, C4<0>;
L_0x563684980d90 .functor BUF 1, L_0x563684980d20, C4<0>, C4<0>, C4<0>;
v0x5636841ee630_0 .net "A", 0 0, o0x7f0afd448188;  0 drivers
L_0x563684136970 .functor BUFT 1, C8<770>, C4<0>, C4<0>, C4<0>;
v0x5636841ee6f0_0 .net8 "VGND", 0 0, L_0x563684136970;  1 drivers, strength-aware
L_0x563684134800 .functor BUFT 1, C8<770>, C4<0>, C4<0>, C4<0>;
v0x5636841ee7b0_0 .net8 "VNB", 0 0, L_0x563684134800;  1 drivers, strength-aware
L_0x563684134d20 .functor BUFT 1, C8<771>, C4<0>, C4<0>, C4<0>;
v0x5636841ee850_0 .net8 "VPB", 0 0, L_0x563684134d20;  1 drivers, strength-aware
L_0x5636841350c0 .functor BUFT 1, C8<771>, C4<0>, C4<0>, C4<0>;
v0x5636841f11a0_0 .net8 "VPWR", 0 0, L_0x5636841350c0;  1 drivers, strength-aware
v0x5636841f12b0_0 .net "X", 0 0, L_0x563684980d90;  1 drivers
v0x5636841f1370_0 .net "buf0_out_X", 0 0, L_0x563684980d20;  1 drivers
S_0x563684839ef0 .scope module, "sky130_fd_sc_hd__clkbuf_4" "sky130_fd_sc_hd__clkbuf_4" 2 37938;
 .timescale -9 -12;
    .port_info 0 /OUTPUT 1 "X";
    .port_info 1 /INPUT 1 "A";
o0x7f0afd448338 .functor BUFZ 1, C4<z>; HiZ drive
L_0x563684980e80 .functor BUF 1, o0x7f0afd448338, C4<0>, C4<0>, C4<0>;
L_0x563684980f20 .functor BUF 1, L_0x563684980e80, C4<0>, C4<0>, C4<0>;
v0x5636841f1490_0 .net "A", 0 0, o0x7f0afd448338;  0 drivers
L_0x563684134b50 .functor BUFT 1, C8<770>, C4<0>, C4<0>, C4<0>;
v0x5636841f1550_0 .net8 "VGND", 0 0, L_0x563684134b50;  1 drivers, strength-aware
L_0x563684135460 .functor BUFT 1, C8<770>, C4<0>, C4<0>, C4<0>;
v0x5636841f3ef0_0 .net8 "VNB", 0 0, L_0x563684135460;  1 drivers, strength-aware
L_0x563684135290 .functor BUFT 1, C8<771>, C4<0>, C4<0>, C4<0>;
v0x5636841f3f90_0 .net8 "VPB", 0 0, L_0x563684135290;  1 drivers, strength-aware
L_0x56368412fff0 .functor BUFT 1, C8<771>, C4<0>, C4<0>, C4<0>;
v0x5636841f4050_0 .net8 "VPWR", 0 0, L_0x56368412fff0;  1 drivers, strength-aware
v0x5636841f4110_0 .net "X", 0 0, L_0x563684980f20;  1 drivers
v0x5636841f41d0_0 .net "buf0_out_X", 0 0, L_0x563684980e80;  1 drivers
S_0x5636848393d0 .scope module, "sky130_fd_sc_hd__clkbuf_8" "sky130_fd_sc_hd__clkbuf_8" 2 38238;
 .timescale -9 -12;
    .port_info 0 /OUTPUT 1 "X";
    .port_info 1 /INPUT 1 "A";
o0x7f0afd4484e8 .functor BUFZ 1, C4<z>; HiZ drive
L_0x563684981050 .functor BUF 1, o0x7f0afd4484e8, C4<0>, C4<0>, C4<0>;
L_0x5636849810c0 .functor BUF 1, L_0x563684981050, C4<0>, C4<0>, C4<0>;
v0x5636841f42f0_0 .net "A", 0 0, o0x7f0afd4484e8;  0 drivers
L_0x563684130840 .functor BUFT 1, C8<770>, C4<0>, C4<0>, C4<0>;
v0x5636841f5e10_0 .net8 "VGND", 0 0, L_0x563684130840;  1 drivers, strength-aware
L_0x563684130670 .functor BUFT 1, C8<770>, C4<0>, C4<0>, C4<0>;
v0x5636841f5ed0_0 .net8 "VNB", 0 0, L_0x563684130670;  1 drivers, strength-aware
L_0x563684130be0 .functor BUFT 1, C8<771>, C4<0>, C4<0>, C4<0>;
v0x5636841f5f70_0 .net8 "VPB", 0 0, L_0x563684130be0;  1 drivers, strength-aware
L_0x563684130a10 .functor BUFT 1, C8<771>, C4<0>, C4<0>, C4<0>;
v0x5636841f6030_0 .net8 "VPWR", 0 0, L_0x563684130a10;  1 drivers, strength-aware
v0x5636841f6140_0 .net "X", 0 0, L_0x5636849810c0;  1 drivers
v0x5636841f6200_0 .net "buf0_out_X", 0 0, L_0x563684981050;  1 drivers
S_0x563684625e80 .scope module, "sky130_fd_sc_hd__clkdlybuf4s15_1" "sky130_fd_sc_hd__clkdlybuf4s15_1" 2 38843;
 .timescale -9 -12;
    .port_info 0 /OUTPUT 1 "X";
    .port_info 1 /INPUT 1 "A";
o0x7f0afd448698 .functor BUFZ 1, C4<z>; HiZ drive
L_0x563684981180 .functor BUF 1, o0x7f0afd448698, C4<0>, C4<0>, C4<0>;
L_0x563684981220 .functor BUF 1, L_0x563684981180, C4<0>, C4<0>, C4<0>;
v0x5636841f7d10_0 .net "A", 0 0, o0x7f0afd448698;  0 drivers
L_0x56368412dca0 .functor BUFT 1, C8<770>, C4<0>, C4<0>, C4<0>;
v0x5636841f7db0_0 .net8 "VGND", 0 0, L_0x56368412dca0;  1 drivers, strength-aware
L_0x56368412e4f0 .functor BUFT 1, C8<770>, C4<0>, C4<0>, C4<0>;
v0x5636841f7e70_0 .net8 "VNB", 0 0, L_0x56368412e4f0;  1 drivers, strength-aware
L_0x56368412e320 .functor BUFT 1, C8<771>, C4<0>, C4<0>, C4<0>;
v0x5636841f7f10_0 .net8 "VPB", 0 0, L_0x56368412e320;  1 drivers, strength-aware
L_0x56368412e890 .functor BUFT 1, C8<771>, C4<0>, C4<0>, C4<0>;
v0x5636841f7fd0_0 .net8 "VPWR", 0 0, L_0x56368412e890;  1 drivers, strength-aware
v0x5636841f80e0_0 .net "X", 0 0, L_0x563684981220;  1 drivers
v0x5636841f9c10_0 .net "buf0_out_X", 0 0, L_0x563684981180;  1 drivers
S_0x563684837a70 .scope module, "sky130_fd_sc_hd__clkdlybuf4s15_2" "sky130_fd_sc_hd__clkdlybuf4s15_2" 2 39148;
 .timescale -9 -12;
    .port_info 0 /OUTPUT 1 "X";
    .port_info 1 /INPUT 1 "A";
o0x7f0afd448848 .functor BUFZ 1, C4<z>; HiZ drive
L_0x563684981350 .functor BUF 1, o0x7f0afd448848, C4<0>, C4<0>, C4<0>;
L_0x5636849813c0 .functor BUF 1, L_0x563684981350, C4<0>, C4<0>, C4<0>;
v0x5636841f9d30_0 .net "A", 0 0, o0x7f0afd448848;  0 drivers
L_0x56368412bab0 .functor BUFT 1, C8<770>, C4<0>, C4<0>, C4<0>;
v0x5636841f9df0_0 .net8 "VGND", 0 0, L_0x56368412bab0;  1 drivers, strength-aware
L_0x56368412b950 .functor BUFT 1, C8<770>, C4<0>, C4<0>, C4<0>;
v0x5636841f9eb0_0 .net8 "VNB", 0 0, L_0x56368412b950;  1 drivers, strength-aware
L_0x56368412c1a0 .functor BUFT 1, C8<771>, C4<0>, C4<0>, C4<0>;
v0x5636841f9f50_0 .net8 "VPB", 0 0, L_0x56368412c1a0;  1 drivers, strength-aware
L_0x56368412bfd0 .functor BUFT 1, C8<771>, C4<0>, C4<0>, C4<0>;
v0x5636841fa010_0 .net8 "VPWR", 0 0, L_0x56368412bfd0;  1 drivers, strength-aware
v0x5636841fbb10_0 .net "X", 0 0, L_0x5636849813c0;  1 drivers
v0x5636841fbbd0_0 .net "buf0_out_X", 0 0, L_0x563684981350;  1 drivers
S_0x563684836f50 .scope module, "sky130_fd_sc_hd__clkdlybuf4s18_1" "sky130_fd_sc_hd__clkdlybuf4s18_1" 2 39453;
 .timescale -9 -12;
    .port_info 0 /OUTPUT 1 "X";
    .port_info 1 /INPUT 1 "A";
o0x7f0afd4489f8 .functor BUFZ 1, C4<z>; HiZ drive
L_0x5636849814b0 .functor BUF 1, o0x7f0afd4489f8, C4<0>, C4<0>, C4<0>;
L_0x563684981550 .functor BUF 1, L_0x5636849814b0, C4<0>, C4<0>, C4<0>;
v0x5636841fbcf0_0 .net "A", 0 0, o0x7f0afd4489f8;  0 drivers
L_0x56368412c540 .functor BUFT 1, C8<770>, C4<0>, C4<0>, C4<0>;
v0x5636841fbdb0_0 .net8 "VGND", 0 0, L_0x56368412c540;  1 drivers, strength-aware
L_0x5636841324a0 .functor BUFT 1, C8<770>, C4<0>, C4<0>, C4<0>;
v0x5636841fbe70_0 .net8 "VNB", 0 0, L_0x5636841324a0;  1 drivers, strength-aware
L_0x563684132340 .functor BUFT 1, C8<771>, C4<0>, C4<0>, C4<0>;
v0x5636841fbf10_0 .net8 "VPB", 0 0, L_0x563684132340;  1 drivers, strength-aware
L_0x563684132b90 .functor BUFT 1, C8<771>, C4<0>, C4<0>, C4<0>;
v0x5636841fde70_0 .net8 "VPWR", 0 0, L_0x563684132b90;  1 drivers, strength-aware
v0x5636841fdf80_0 .net "X", 0 0, L_0x563684981550;  1 drivers
v0x5636841fe040_0 .net "buf0_out_X", 0 0, L_0x5636849814b0;  1 drivers
S_0x563684623460 .scope module, "sky130_fd_sc_hd__clkdlybuf4s18_2" "sky130_fd_sc_hd__clkdlybuf4s18_2" 2 39758;
 .timescale -9 -12;
    .port_info 0 /OUTPUT 1 "X";
    .port_info 1 /INPUT 1 "A";
o0x7f0afd448ba8 .functor BUFZ 1, C4<z>; HiZ drive
L_0x563684981680 .functor BUF 1, o0x7f0afd448ba8, C4<0>, C4<0>, C4<0>;
L_0x5636849816f0 .functor BUF 1, L_0x563684981680, C4<0>, C4<0>, C4<0>;
v0x5636841fe160_0 .net "A", 0 0, o0x7f0afd448ba8;  0 drivers
L_0x5636841321e0 .functor BUFT 1, C8<770>, C4<0>, C4<0>, C4<0>;
v0x5636841fe220_0 .net8 "VGND", 0 0, L_0x5636841321e0;  1 drivers, strength-aware
L_0x563684132f30 .functor BUFT 1, C8<770>, C4<0>, C4<0>, C4<0>;
v0x5636842001c0_0 .net8 "VNB", 0 0, L_0x563684132f30;  1 drivers, strength-aware
L_0x5636841297c0 .functor BUFT 1, C8<771>, C4<0>, C4<0>, C4<0>;
v0x563684200260_0 .net8 "VPB", 0 0, L_0x5636841297c0;  1 drivers, strength-aware
L_0x563684129660 .functor BUFT 1, C8<771>, C4<0>, C4<0>, C4<0>;
v0x563684200320_0 .net8 "VPWR", 0 0, L_0x563684129660;  1 drivers, strength-aware
v0x5636842003e0_0 .net "X", 0 0, L_0x5636849816f0;  1 drivers
v0x5636842004a0_0 .net "buf0_out_X", 0 0, L_0x563684981680;  1 drivers
S_0x563684827270 .scope module, "sky130_fd_sc_hd__clkdlybuf4s25_1" "sky130_fd_sc_hd__clkdlybuf4s25_1" 2 40063;
 .timescale -9 -12;
    .port_info 0 /OUTPUT 1 "X";
    .port_info 1 /INPUT 1 "A";
o0x7f0afd448d58 .functor BUFZ 1, C4<z>; HiZ drive
L_0x5636849817e0 .functor BUF 1, o0x7f0afd448d58, C4<0>, C4<0>, C4<0>;
L_0x563684981850 .functor BUF 1, L_0x5636849817e0, C4<0>, C4<0>, C4<0>;
v0x5636842005c0_0 .net "A", 0 0, o0x7f0afd448d58;  0 drivers
L_0x563684129e90 .functor BUFT 1, C8<770>, C4<0>, C4<0>, C4<0>;
v0x563684202510_0 .net8 "VGND", 0 0, L_0x563684129e90;  1 drivers, strength-aware
L_0x563684129920 .functor BUFT 1, C8<770>, C4<0>, C4<0>, C4<0>;
v0x5636842025d0_0 .net8 "VNB", 0 0, L_0x563684129920;  1 drivers, strength-aware
L_0x563684129500 .functor BUFT 1, C8<771>, C4<0>, C4<0>, C4<0>;
v0x563684202670_0 .net8 "VPB", 0 0, L_0x563684129500;  1 drivers, strength-aware
L_0x56368412a060 .functor BUFT 1, C8<771>, C4<0>, C4<0>, C4<0>;
v0x563684202730_0 .net8 "VPWR", 0 0, L_0x56368412a060;  1 drivers, strength-aware
v0x563684202840_0 .net "X", 0 0, L_0x563684981850;  1 drivers
v0x563684202900_0 .net "buf0_out_X", 0 0, L_0x5636849817e0;  1 drivers
S_0x563684826750 .scope module, "sky130_fd_sc_hd__clkdlybuf4s25_2" "sky130_fd_sc_hd__clkdlybuf4s25_2" 2 40368;
 .timescale -9 -12;
    .port_info 0 /OUTPUT 1 "X";
    .port_info 1 /INPUT 1 "A";
o0x7f0afd448f08 .functor BUFZ 1, C4<z>; HiZ drive
L_0x563684981980 .functor BUF 1, o0x7f0afd448f08, C4<0>, C4<0>, C4<0>;
L_0x5636849819f0 .functor BUF 1, L_0x563684981980, C4<0>, C4<0>, C4<0>;
v0x5636842048e0_0 .net "A", 0 0, o0x7f0afd448f08;  0 drivers
L_0x563684126e90 .functor BUFT 1, C8<770>, C4<0>, C4<0>, C4<0>;
v0x5636842049a0_0 .net8 "VGND", 0 0, L_0x563684126e90;  1 drivers, strength-aware
L_0x563684127e20 .functor BUFT 1, C8<770>, C4<0>, C4<0>, C4<0>;
v0x563684204a60_0 .net8 "VNB", 0 0, L_0x563684127e20;  1 drivers, strength-aware
L_0x563684126ff0 .functor BUFT 1, C8<771>, C4<0>, C4<0>, C4<0>;
v0x563684204b00_0 .net8 "VPB", 0 0, L_0x563684126ff0;  1 drivers, strength-aware
L_0x563684127c50 .functor BUFT 1, C8<771>, C4<0>, C4<0>, C4<0>;
v0x563684204bc0_0 .net8 "VPWR", 0 0, L_0x563684127c50;  1 drivers, strength-aware
v0x563684204cd0_0 .net "X", 0 0, L_0x5636849819f0;  1 drivers
v0x563684206cf0_0 .net "buf0_out_X", 0 0, L_0x563684981980;  1 drivers
S_0x563684825030 .scope module, "sky130_fd_sc_hd__clkdlybuf4s50_1" "sky130_fd_sc_hd__clkdlybuf4s50_1" 2 40673;
 .timescale -9 -12;
    .port_info 0 /OUTPUT 1 "X";
    .port_info 1 /INPUT 1 "A";
o0x7f0afd4490b8 .functor BUFZ 1, C4<z>; HiZ drive
L_0x563684981ae0 .functor BUF 1, o0x7f0afd4490b8, C4<0>, C4<0>, C4<0>;
L_0x563684981b50 .functor BUF 1, L_0x563684981ae0, C4<0>, C4<0>, C4<0>;
v0x563684206e10_0 .net "A", 0 0, o0x7f0afd4490b8;  0 drivers
L_0x5636841276e0 .functor BUFT 1, C8<770>, C4<0>, C4<0>, C4<0>;
v0x563684206ed0_0 .net8 "VGND", 0 0, L_0x5636841276e0;  1 drivers, strength-aware
L_0x563684127150 .functor BUFT 1, C8<770>, C4<0>, C4<0>, C4<0>;
v0x563684206f90_0 .net8 "VNB", 0 0, L_0x563684127150;  1 drivers, strength-aware
L_0x5636841278b0 .functor BUFT 1, C8<771>, C4<0>, C4<0>, C4<0>;
v0x563684207030_0 .net8 "VPB", 0 0, L_0x5636841278b0;  1 drivers, strength-aware
L_0x5636841253e0 .functor BUFT 1, C8<771>, C4<0>, C4<0>, C4<0>;
v0x5636842070f0_0 .net8 "VPWR", 0 0, L_0x5636841253e0;  1 drivers, strength-aware
v0x563684209130_0 .net "X", 0 0, L_0x563684981b50;  1 drivers
v0x5636842091f0_0 .net "buf0_out_X", 0 0, L_0x563684981ae0;  1 drivers
S_0x563684824510 .scope module, "sky130_fd_sc_hd__clkdlybuf4s50_2" "sky130_fd_sc_hd__clkdlybuf4s50_2" 2 40978;
 .timescale -9 -12;
    .port_info 0 /OUTPUT 1 "X";
    .port_info 1 /INPUT 1 "A";
o0x7f0afd449268 .functor BUFZ 1, C4<z>; HiZ drive
L_0x563684981c80 .functor BUF 1, o0x7f0afd449268, C4<0>, C4<0>, C4<0>;
L_0x563684981cf0 .functor BUF 1, L_0x563684981c80, C4<0>, C4<0>, C4<0>;
v0x563684209310_0 .net "A", 0 0, o0x7f0afd449268;  0 drivers
L_0x563684125890 .functor BUFT 1, C8<770>, C4<0>, C4<0>, C4<0>;
v0x5636842093d0_0 .net8 "VGND", 0 0, L_0x563684125890;  1 drivers, strength-aware
L_0x563684125c30 .functor BUFT 1, C8<770>, C4<0>, C4<0>, C4<0>;
v0x563684209490_0 .net8 "VNB", 0 0, L_0x563684125c30;  1 drivers, strength-aware
L_0x563684125280 .functor BUFT 1, C8<771>, C4<0>, C4<0>, C4<0>;
v0x563684209530_0 .net8 "VPB", 0 0, L_0x563684125280;  1 drivers, strength-aware
L_0x5636841234e0 .functor BUFT 1, C8<771>, C4<0>, C4<0>, C4<0>;
v0x56368420b990_0 .net8 "VPWR", 0 0, L_0x5636841234e0;  1 drivers, strength-aware
v0x56368420baa0_0 .net "X", 0 0, L_0x563684981cf0;  1 drivers
v0x56368420bb60_0 .net "buf0_out_X", 0 0, L_0x563684981c80;  1 drivers
S_0x563684822df0 .scope module, "sky130_fd_sc_hd__clkinv_1" "sky130_fd_sc_hd__clkinv_1" 2 41278;
 .timescale -9 -12;
    .port_info 0 /OUTPUT 1 "Y";
    .port_info 1 /INPUT 1 "A";
o0x7f0afd449418 .functor BUFZ 1, C4<z>; HiZ drive
L_0x563684981de0 .functor NOT 1, o0x7f0afd449418, C4<0>, C4<0>, C4<0>;
L_0x563684981e80 .functor BUF 1, L_0x563684981de0, C4<0>, C4<0>, C4<0>;
v0x56368420bc80_0 .net "A", 0 0, o0x7f0afd449418;  0 drivers
L_0x563684123640 .functor BUFT 1, C8<770>, C4<0>, C4<0>, C4<0>;
v0x56368420bd40_0 .net8 "VGND", 0 0, L_0x563684123640;  1 drivers, strength-aware
L_0x563684123d30 .functor BUFT 1, C8<770>, C4<0>, C4<0>, C4<0>;
v0x56368420e1e0_0 .net8 "VNB", 0 0, L_0x563684123d30;  1 drivers, strength-aware
L_0x563684123b60 .functor BUFT 1, C8<771>, C4<0>, C4<0>, C4<0>;
v0x56368420e280_0 .net8 "VPB", 0 0, L_0x563684123b60;  1 drivers, strength-aware
L_0x563684123380 .functor BUFT 1, C8<771>, C4<0>, C4<0>, C4<0>;
v0x56368420e340_0 .net8 "VPWR", 0 0, L_0x563684123380;  1 drivers, strength-aware
v0x56368420e400_0 .net "Y", 0 0, L_0x563684981e80;  1 drivers
v0x56368420e4c0_0 .net "not0_out_Y", 0 0, L_0x563684981de0;  1 drivers
S_0x5636848222d0 .scope module, "sky130_fd_sc_hd__clkinv_16" "sky130_fd_sc_hd__clkinv_16" 2 42478;
 .timescale -9 -12;
    .port_info 0 /OUTPUT 1 "Y";
    .port_info 1 /INPUT 1 "A";
o0x7f0afd4495c8 .functor BUFZ 1, C4<z>; HiZ drive
L_0x563684981fb0 .functor NOT 1, o0x7f0afd4495c8, C4<0>, C4<0>, C4<0>;
L_0x563684982020 .functor BUF 1, L_0x563684981fb0, C4<0>, C4<0>, C4<0>;
v0x56368420e5e0_0 .net "A", 0 0, o0x7f0afd4495c8;  0 drivers
L_0x563684121740 .functor BUFT 1, C8<770>, C4<0>, C4<0>, C4<0>;
v0x563684210a30_0 .net8 "VGND", 0 0, L_0x563684121740;  1 drivers, strength-aware
L_0x563684121a90 .functor BUFT 1, C8<770>, C4<0>, C4<0>, C4<0>;
v0x563684210af0_0 .net8 "VNB", 0 0, L_0x563684121a90;  1 drivers, strength-aware
L_0x563684121c60 .functor BUFT 1, C8<771>, C4<0>, C4<0>, C4<0>;
v0x563684210b90_0 .net8 "VPB", 0 0, L_0x563684121c60;  1 drivers, strength-aware
L_0x5636841218a0 .functor BUFT 1, C8<771>, C4<0>, C4<0>, C4<0>;
v0x563684210c50_0 .net8 "VPWR", 0 0, L_0x5636841218a0;  1 drivers, strength-aware
v0x563684210d60_0 .net "Y", 0 0, L_0x563684982020;  1 drivers
v0x563684210e20_0 .net "not0_out_Y", 0 0, L_0x563684981fb0;  1 drivers
S_0x563684820bb0 .scope module, "sky130_fd_sc_hd__clkinv_2" "sky130_fd_sc_hd__clkinv_2" 2 41578;
 .timescale -9 -12;
    .port_info 0 /OUTPUT 1 "Y";
    .port_info 1 /INPUT 1 "A";
o0x7f0afd449778 .functor BUFZ 1, C4<z>; HiZ drive
L_0x5636849820e0 .functor NOT 1, o0x7f0afd449778, C4<0>, C4<0>, C4<0>;
L_0x563684982180 .functor BUF 1, L_0x5636849820e0, C4<0>, C4<0>, C4<0>;
v0x5636842132f0_0 .net "A", 0 0, o0x7f0afd449778;  0 drivers
L_0x563684122000 .functor BUFT 1, C8<770>, C4<0>, C4<0>, C4<0>;
v0x563684213390_0 .net8 "VGND", 0 0, L_0x563684122000;  1 drivers, strength-aware
L_0x56368411fc90 .functor BUFT 1, C8<770>, C4<0>, C4<0>, C4<0>;
v0x563684213450_0 .net8 "VNB", 0 0, L_0x56368411fc90;  1 drivers, strength-aware
L_0x56368411ffe0 .functor BUFT 1, C8<771>, C4<0>, C4<0>, C4<0>;
v0x5636842134f0_0 .net8 "VPB", 0 0, L_0x56368411ffe0;  1 drivers, strength-aware
L_0x5636841201b0 .functor BUFT 1, C8<771>, C4<0>, C4<0>, C4<0>;
v0x5636842135b0_0 .net8 "VPWR", 0 0, L_0x5636841201b0;  1 drivers, strength-aware
v0x5636842136c0_0 .net "Y", 0 0, L_0x563684982180;  1 drivers
v0x563684215bf0_0 .net "not0_out_Y", 0 0, L_0x5636849820e0;  1 drivers
S_0x563684820090 .scope module, "sky130_fd_sc_hd__clkinv_4" "sky130_fd_sc_hd__clkinv_4" 2 41878;
 .timescale -9 -12;
    .port_info 0 /OUTPUT 1 "Y";
    .port_info 1 /INPUT 1 "A";
o0x7f0afd449928 .functor BUFZ 1, C4<z>; HiZ drive
L_0x5636849822b0 .functor NOT 1, o0x7f0afd449928, C4<0>, C4<0>, C4<0>;
L_0x563684982320 .functor BUF 1, L_0x5636849822b0, C4<0>, C4<0>, C4<0>;
v0x563684215d10_0 .net "A", 0 0, o0x7f0afd449928;  0 drivers
L_0x56368411dd30 .functor BUFT 1, C8<770>, C4<0>, C4<0>, C4<0>;
v0x563684215dd0_0 .net8 "VGND", 0 0, L_0x56368411dd30;  1 drivers, strength-aware
L_0x56368411df00 .functor BUFT 1, C8<770>, C4<0>, C4<0>, C4<0>;
v0x563684215e90_0 .net8 "VNB", 0 0, L_0x56368411df00;  1 drivers, strength-aware
L_0x56368411e0d0 .functor BUFT 1, C8<771>, C4<0>, C4<0>, C4<0>;
v0x563684215f30_0 .net8 "VPB", 0 0, L_0x56368411e0d0;  1 drivers, strength-aware
L_0x56368411db60 .functor BUFT 1, C8<771>, C4<0>, C4<0>, C4<0>;
v0x563684215ff0_0 .net8 "VPWR", 0 0, L_0x56368411db60;  1 drivers, strength-aware
v0x563684218520_0 .net "Y", 0 0, L_0x563684982320;  1 drivers
v0x5636842185e0_0 .net "not0_out_Y", 0 0, L_0x5636849822b0;  1 drivers
S_0x56368481dbe0 .scope module, "sky130_fd_sc_hd__clkinv_8" "sky130_fd_sc_hd__clkinv_8" 2 42178;
 .timescale -9 -12;
    .port_info 0 /OUTPUT 1 "Y";
    .port_info 1 /INPUT 1 "A";
o0x7f0afd449ad8 .functor BUFZ 1, C4<z>; HiZ drive
L_0x563684982410 .functor NOT 1, o0x7f0afd449ad8, C4<0>, C4<0>, C4<0>;
L_0x5636849824b0 .functor BUF 1, L_0x563684982410, C4<0>, C4<0>, C4<0>;
v0x563684218700_0 .net "A", 0 0, o0x7f0afd449ad8;  0 drivers
L_0x56368411d0b0 .functor BUFT 1, C8<770>, C4<0>, C4<0>, C4<0>;
v0x5636842187c0_0 .net8 "VGND", 0 0, L_0x56368411d0b0;  1 drivers, strength-aware
L_0x56368411d280 .functor BUFT 1, C8<770>, C4<0>, C4<0>, C4<0>;
v0x563684218880_0 .net8 "VNB", 0 0, L_0x56368411d280;  1 drivers, strength-aware
L_0x56368411cd10 .functor BUFT 1, C8<771>, C4<0>, C4<0>, C4<0>;
v0x563684218920_0 .net8 "VPB", 0 0, L_0x56368411cd10;  1 drivers, strength-aware
L_0x56368411c260 .functor BUFT 1, C8<771>, C4<0>, C4<0>, C4<0>;
v0x56368421b250_0 .net8 "VPWR", 0 0, L_0x56368411c260;  1 drivers, strength-aware
v0x56368421b360_0 .net "Y", 0 0, L_0x5636849824b0;  1 drivers
v0x56368421b420_0 .net "not0_out_Y", 0 0, L_0x563684982410;  1 drivers
S_0x56368481e730 .scope module, "sky130_fd_sc_hd__clkinvlp_2" "sky130_fd_sc_hd__clkinvlp_2" 2 42778;
 .timescale -9 -12;
    .port_info 0 /OUTPUT 1 "Y";
    .port_info 1 /INPUT 1 "A";
o0x7f0afd449c88 .functor BUFZ 1, C4<z>; HiZ drive
L_0x5636849825e0 .functor NOT 1, o0x7f0afd449c88, C4<0>, C4<0>, C4<0>;
L_0x563684982650 .functor BUF 1, L_0x5636849825e0, C4<0>, C4<0>, C4<0>;
v0x56368421b540_0 .net "A", 0 0, o0x7f0afd449c88;  0 drivers
L_0x56368411c430 .functor BUFT 1, C8<770>, C4<0>, C4<0>, C4<0>;
v0x56368421b600_0 .net8 "VGND", 0 0, L_0x56368411c430;  1 drivers, strength-aware
L_0x56368411bec0 .functor BUFT 1, C8<770>, C4<0>, C4<0>, C4<0>;
v0x56368421dfa0_0 .net8 "VNB", 0 0, L_0x56368411bec0;  1 drivers, strength-aware
L_0x56368411b410 .functor BUFT 1, C8<771>, C4<0>, C4<0>, C4<0>;
v0x56368421e040_0 .net8 "VPB", 0 0, L_0x56368411b410;  1 drivers, strength-aware
L_0x56368411b7b0 .functor BUFT 1, C8<771>, C4<0>, C4<0>, C4<0>;
v0x56368421e100_0 .net8 "VPWR", 0 0, L_0x56368411b7b0;  1 drivers, strength-aware
v0x56368421e1c0_0 .net "Y", 0 0, L_0x563684982650;  1 drivers
v0x56368421e280_0 .net "not0_out_Y", 0 0, L_0x5636849825e0;  1 drivers
S_0x56368481bf90 .scope module, "sky130_fd_sc_hd__clkinvlp_4" "sky130_fd_sc_hd__clkinvlp_4" 2 43078;
 .timescale -9 -12;
    .port_info 0 /OUTPUT 1 "Y";
    .port_info 1 /INPUT 1 "A";
o0x7f0afd449e38 .functor BUFZ 1, C4<z>; HiZ drive
L_0x563684982740 .functor NOT 1, o0x7f0afd449e38, C4<0>, C4<0>, C4<0>;
L_0x5636849827b0 .functor BUF 1, L_0x563684982740, C4<0>, C4<0>, C4<0>;
v0x56368421e3a0_0 .net "A", 0 0, o0x7f0afd449e38;  0 drivers
L_0x56368411b070 .functor BUFT 1, C8<770>, C4<0>, C4<0>, C4<0>;
v0x563684220cf0_0 .net8 "VGND", 0 0, L_0x56368411b070;  1 drivers, strength-aware
L_0x56368411ed50 .functor BUFT 1, C8<770>, C4<0>, C4<0>, C4<0>;
v0x563684220db0_0 .net8 "VNB", 0 0, L_0x56368411ed50;  1 drivers, strength-aware
L_0x56368411f0f0 .functor BUFT 1, C8<771>, C4<0>, C4<0>, C4<0>;
v0x563684220e50_0 .net8 "VPB", 0 0, L_0x56368411f0f0;  1 drivers, strength-aware
L_0x56368411e9b0 .functor BUFT 1, C8<771>, C4<0>, C4<0>, C4<0>;
v0x563684220f10_0 .net8 "VPWR", 0 0, L_0x56368411e9b0;  1 drivers, strength-aware
v0x563684221020_0 .net "Y", 0 0, L_0x5636849827b0;  1 drivers
v0x5636842210e0_0 .net "not0_out_Y", 0 0, L_0x563684982740;  1 drivers
S_0x56368481cae0 .scope module, "sky130_fd_sc_hd__decap_12" "sky130_fd_sc_hd__decap_12" 2 44565;
 .timescale -9 -12;
L_0x563684118010 .functor BUFT 1, C8<770>, C4<0>, C4<0>, C4<0>;
v0x563684223a40_0 .net8 "VGND", 0 0, L_0x563684118010;  1 drivers, strength-aware
L_0x5636841183b0 .functor BUFT 1, C8<770>, C4<0>, C4<0>, C4<0>;
v0x563684223b00_0 .net8 "VNB", 0 0, L_0x5636841183b0;  1 drivers, strength-aware
L_0x563684117e40 .functor BUFT 1, C8<771>, C4<0>, C4<0>, C4<0>;
v0x563684223bc0_0 .net8 "VPB", 0 0, L_0x563684117e40;  1 drivers, strength-aware
L_0x563684117990 .functor BUFT 1, C8<771>, C4<0>, C4<0>, C4<0>;
v0x563684223c60_0 .net8 "VPWR", 0 0, L_0x563684117990;  1 drivers, strength-aware
S_0x56368481ab40 .scope module, "sky130_fd_sc_hd__decap_3" "sky130_fd_sc_hd__decap_3" 2 43621;
 .timescale -9 -12;
L_0x563684115f10 .functor BUFT 1, C8<770>, C4<0>, C4<0>, C4<0>;
v0x563684223d20_0 .net8 "VGND", 0 0, L_0x563684115f10;  1 drivers, strength-aware
L_0x5636841167d0 .functor BUFT 1, C8<770>, C4<0>, C4<0>, C4<0>;
v0x563684223e00_0 .net8 "VNB", 0 0, L_0x5636841167d0;  1 drivers, strength-aware
L_0x563684116600 .functor BUFT 1, C8<771>, C4<0>, C4<0>, C4<0>;
v0x563684226790_0 .net8 "VPB", 0 0, L_0x563684116600;  1 drivers, strength-aware
L_0x563684115db0 .functor BUFT 1, C8<771>, C4<0>, C4<0>, C4<0>;
v0x563684226830_0 .net8 "VPWR", 0 0, L_0x563684115db0;  1 drivers, strength-aware
S_0x56368481a050 .scope module, "sky130_fd_sc_hd__decap_4" "sky130_fd_sc_hd__decap_4" 2 43857;
 .timescale -9 -12;
L_0x563684114330 .functor BUFT 1, C8<770>, C4<0>, C4<0>, C4<0>;
v0x5636842268f0_0 .net8 "VGND", 0 0, L_0x563684114330;  1 drivers, strength-aware
L_0x563684114850 .functor BUFT 1, C8<770>, C4<0>, C4<0>, C4<0>;
v0x5636842269d0_0 .net8 "VNB", 0 0, L_0x563684114850;  1 drivers, strength-aware
L_0x563684114a20 .functor BUFT 1, C8<771>, C4<0>, C4<0>, C4<0>;
v0x563684226a90_0 .net8 "VPB", 0 0, L_0x563684114a20;  1 drivers, strength-aware
L_0x563684114680 .functor BUFT 1, C8<771>, C4<0>, C4<0>, C4<0>;
v0x563684226b30_0 .net8 "VPWR", 0 0, L_0x563684114680;  1 drivers, strength-aware
S_0x563683db11c0 .scope module, "sky130_fd_sc_hd__decap_6" "sky130_fd_sc_hd__decap_6" 2 44093;
 .timescale -9 -12;
L_0x563684114dc0 .functor BUFT 1, C8<770>, C4<0>, C4<0>, C4<0>;
v0x5636843bb8e0_0 .net8 "VGND", 0 0, L_0x563684114dc0;  1 drivers, strength-aware
L_0x563684119bf0 .functor BUFT 1, C8<770>, C4<0>, C4<0>, C4<0>;
v0x5636843bb9c0_0 .net8 "VNB", 0 0, L_0x563684119bf0;  1 drivers, strength-aware
L_0x563684119f90 .functor BUFT 1, C8<771>, C4<0>, C4<0>, C4<0>;
v0x5636843bba80_0 .net8 "VPB", 0 0, L_0x563684119f90;  1 drivers, strength-aware
L_0x563684119a20 .functor BUFT 1, C8<771>, C4<0>, C4<0>, C4<0>;
v0x5636843bbb20_0 .net8 "VPWR", 0 0, L_0x563684119a20;  1 drivers, strength-aware
S_0x563683db1350 .scope module, "sky130_fd_sc_hd__decap_8" "sky130_fd_sc_hd__decap_8" 2 44329;
 .timescale -9 -12;
L_0x56368411a160 .functor BUFT 1, C8<770>, C4<0>, C4<0>, C4<0>;
v0x5636843bbbe0_0 .net8 "VGND", 0 0, L_0x56368411a160;  1 drivers, strength-aware
L_0x563684112750 .functor BUFT 1, C8<770>, C4<0>, C4<0>, C4<0>;
v0x5636843bbcc0_0 .net8 "VNB", 0 0, L_0x563684112750;  1 drivers, strength-aware
L_0x563684113010 .functor BUFT 1, C8<771>, C4<0>, C4<0>, C4<0>;
v0x5636843c15f0_0 .net8 "VPB", 0 0, L_0x563684113010;  1 drivers, strength-aware
L_0x563684112e40 .functor BUFT 1, C8<771>, C4<0>, C4<0>, C4<0>;
v0x5636843c1690_0 .net8 "VPWR", 0 0, L_0x563684112e40;  1 drivers, strength-aware
S_0x563683db14e0 .scope module, "sky130_fd_sc_hd__dfbbn_1" "sky130_fd_sc_hd__dfbbn_1" 2 44926;
 .timescale -9 -12;
    .port_info 0 /OUTPUT 1 "Q";
    .port_info 1 /OUTPUT 1 "Q_N";
    .port_info 2 /INPUT 1 "D";
    .port_info 3 /INPUT 1 "CLK_N";
    .port_info 4 /INPUT 1 "SET_B";
    .port_info 5 /INPUT 1 "RESET_B";
o0x7f0afd44a558 .functor BUFZ 1, C4<z>; HiZ drive
L_0x5636849828e0 .functor NOT 1, o0x7f0afd44a558, C4<0>, C4<0>, C4<0>;
o0x7f0afd44a5e8 .functor BUFZ 1, C4<z>; HiZ drive
L_0x563684982950 .functor NOT 1, o0x7f0afd44a5e8, C4<0>, C4<0>, C4<0>;
o0x7f0afd44a408 .functor BUFZ 1, C4<z>; HiZ drive
L_0x563684982a60 .functor NOT 1, o0x7f0afd44a408, C4<0>, C4<0>, C4<0>;
UDP_sky130_fd_sc_hd__udp_dff$NSR_pp$PG$N .udp/sequ "sky130_fd_sc_hd__udp_dff$NSR_pp$PG$N", 7, 2
 ,"?01b??100"
 ,"00*???100"
 ,"?1?b??101"
 ,"1*0???101"
 ,"11?n??101"
 ,"0?1n??100"
 ,"1x?n??101"
 ,"0?xn??100"
 ,"?0?r0?100"
 ,"??0r1?101"
 ,"00?p0?100"
 ,"1?0p1?101"
 ,"10?x0?10x"
 ,"0?0x1?10x"
 ,"?00n??10-"
 ,"?00?*?10-"
 ,"???????*x";
o0x7f0afd44a468 .functor BUFZ 1, C4<z>; HiZ drive
L_0x56368410f680 .functor BUFT 1, C8<771>, C4<0>, C4<0>, C4<0>;
L_0x5636841125f0 .functor BUFT 1, C8<770>, C4<0>, C4<0>, C4<0>;
L_0x563684982b00 .udp UDP_sky130_fd_sc_hd__udp_dff$NSR_pp$PG$N, L_0x563684982950, L_0x5636849828e0, L_0x563684982a60, o0x7f0afd44a468, v0x56368432e720_0, L_0x56368410f680, L_0x5636841125f0;
L_0x563684993080 .functor AND 1, L_0x563684992e50, L_0x563684992f40, C4<1>, C4<1>;
L_0x5636849932d0 .functor AND 1, L_0x563684992e50, L_0x563684993190, C4<1>, C4<1>;
L_0x5636849933f0 .functor AND 1, L_0x563684993080, L_0x5636849932d0, C4<1>, C4<1>;
L_0x5636849934b0 .functor BUF 1, L_0x563684982b00, C4<0>, C4<0>, C4<0>;
L_0x5636849935e0 .functor NOT 1, L_0x563684982b00, C4<0>, C4<0>, C4<0>;
v0x5636843c1730_0 .net "CLK", 0 0, L_0x563684982a60;  1 drivers
o0x7f0afd44a3d8 .functor BUFZ 1, C4<z>; HiZ drive
v0x5636843c1810_0 .net "CLK_N", 0 0, o0x7f0afd44a3d8;  0 drivers
v0x5636843c18d0_0 .net "CLK_N_delayed", 0 0, o0x7f0afd44a408;  0 drivers
o0x7f0afd44a438 .functor BUFZ 1, C4<z>; HiZ drive
v0x5636843c1970_0 .net "D", 0 0, o0x7f0afd44a438;  0 drivers
v0x5636843c7300_0 .net "D_delayed", 0 0, o0x7f0afd44a468;  0 drivers
v0x5636843c7410_0 .net "Q", 0 0, L_0x5636849934b0;  1 drivers
v0x5636843c74d0_0 .net "Q_N", 0 0, L_0x5636849935e0;  1 drivers
v0x5636843c7590_0 .net "RESET", 0 0, L_0x5636849828e0;  1 drivers
o0x7f0afd44a528 .functor BUFZ 1, C4<z>; HiZ drive
v0x5636843c7650_0 .net "RESET_B", 0 0, o0x7f0afd44a528;  0 drivers
v0x5636843cd010_0 .net "RESET_B_delayed", 0 0, o0x7f0afd44a558;  0 drivers
v0x5636843cd0b0_0 .net "SET", 0 0, L_0x563684982950;  1 drivers
o0x7f0afd44a5b8 .functor BUFZ 1, C4<z>; HiZ drive
v0x5636843cd170_0 .net "SET_B", 0 0, o0x7f0afd44a5b8;  0 drivers
v0x5636843cd230_0 .net "SET_B_delayed", 0 0, o0x7f0afd44a5e8;  0 drivers
v0x5636843cd2f0_0 .net8 "VGND", 0 0, L_0x5636841125f0;  1 drivers, strength-aware
L_0x56368410ef90 .functor BUFT 1, C8<770>, C4<0>, C4<0>, C4<0>;
v0x5636843cd3b0_0 .net8 "VNB", 0 0, L_0x56368410ef90;  1 drivers, strength-aware
L_0x56368410f4b0 .functor BUFT 1, C8<771>, C4<0>, C4<0>, C4<0>;
v0x5636843d2d20_0 .net8 "VPB", 0 0, L_0x56368410f4b0;  1 drivers, strength-aware
v0x5636843d2de0_0 .net8 "VPWR", 0 0, L_0x56368410f680;  1 drivers, strength-aware
v0x5636843d2fb0_0 .net *"_ivl_10", 0 0, L_0x563684992f40;  1 drivers
L_0x7f0afcfa40a8 .functor BUFT 1, C4<1>, C4<0>, C4<0>, C4<0>;
v0x5636843d3070_0 .net/2u *"_ivl_14", 0 0, L_0x7f0afcfa40a8;  1 drivers
v0x5636843d8a30_0 .net *"_ivl_16", 0 0, L_0x563684993190;  1 drivers
L_0x7f0afcfa4018 .functor BUFT 1, C4<1>, C4<0>, C4<0>, C4<0>;
v0x5636843d8af0_0 .net/2u *"_ivl_4", 0 0, L_0x7f0afcfa4018;  1 drivers
L_0x7f0afcfa4060 .functor BUFT 1, C4<1>, C4<0>, C4<0>, C4<0>;
v0x5636843d8bd0_0 .net/2u *"_ivl_8", 0 0, L_0x7f0afcfa4060;  1 drivers
v0x5636843d8cb0_0 .net "awake", 0 0, L_0x563684992e50;  1 drivers
v0x5636843d8d70_0 .net "buf_Q", 0 0, L_0x563684982b00;  1 drivers
v0x5636843d8e30_0 .net "cond0", 0 0, L_0x563684993080;  1 drivers
v0x56368432e5a0_0 .net "cond1", 0 0, L_0x5636849932d0;  1 drivers
v0x56368432e660_0 .net "condb", 0 0, L_0x5636849933f0;  1 drivers
v0x56368432e720_0 .var "notifier", 0 0;
L_0x563684992e50 .cmp/eeq 1, L_0x56368410f680, L_0x7f0afcfa4018;
L_0x563684992f40 .cmp/eeq 1, o0x7f0afd44a558, L_0x7f0afcfa4060;
L_0x563684993190 .cmp/eeq 1, o0x7f0afd44a5e8, L_0x7f0afcfa40a8;
S_0x563683db1e40 .scope module, "sky130_fd_sc_hd__dfbbn_2" "sky130_fd_sc_hd__dfbbn_2" 2 45347;
 .timescale -9 -12;
    .port_info 0 /OUTPUT 1 "Q";
    .port_info 1 /OUTPUT 1 "Q_N";
    .port_info 2 /INPUT 1 "D";
    .port_info 3 /INPUT 1 "CLK_N";
    .port_info 4 /INPUT 1 "SET_B";
    .port_info 5 /INPUT 1 "RESET_B";
o0x7f0afd44abb8 .functor BUFZ 1, C4<z>; HiZ drive
L_0x563684993650 .functor NOT 1, o0x7f0afd44abb8, C4<0>, C4<0>, C4<0>;
o0x7f0afd44ac48 .functor BUFZ 1, C4<z>; HiZ drive
L_0x5636849936c0 .functor NOT 1, o0x7f0afd44ac48, C4<0>, C4<0>, C4<0>;
o0x7f0afd44aa68 .functor BUFZ 1, C4<z>; HiZ drive
L_0x563684993730 .functor NOT 1, o0x7f0afd44aa68, C4<0>, C4<0>, C4<0>;
o0x7f0afd44aac8 .functor BUFZ 1, C4<z>; HiZ drive
L_0x56368410dc70 .functor BUFT 1, C8<771>, C4<0>, C4<0>, C4<0>;
L_0x56368410ee30 .functor BUFT 1, C8<770>, C4<0>, C4<0>, C4<0>;
L_0x5636849937a0 .udp UDP_sky130_fd_sc_hd__udp_dff$NSR_pp$PG$N, L_0x5636849936c0, L_0x563684993650, L_0x563684993730, o0x7f0afd44aac8, v0x563684343df0_0, L_0x56368410dc70, L_0x56368410ee30;
L_0x563684993c70 .functor AND 1, L_0x5636849939f0, L_0x563684993b30, C4<1>, C4<1>;
L_0x563684993ec0 .functor AND 1, L_0x5636849939f0, L_0x563684993d80, C4<1>, C4<1>;
L_0x563684993f80 .functor AND 1, L_0x563684993c70, L_0x563684993ec0, C4<1>, C4<1>;
L_0x563684994040 .functor BUF 1, L_0x5636849937a0, C4<0>, C4<0>, C4<0>;
L_0x563684994170 .functor NOT 1, L_0x5636849937a0, C4<0>, C4<0>, C4<0>;
v0x56368432e8a0_0 .net "CLK", 0 0, L_0x563684993730;  1 drivers
o0x7f0afd44aa38 .functor BUFZ 1, C4<z>; HiZ drive
v0x56368432e980_0 .net "CLK_N", 0 0, o0x7f0afd44aa38;  0 drivers
v0x563684332a30_0 .net "CLK_N_delayed", 0 0, o0x7f0afd44aa68;  0 drivers
o0x7f0afd44aa98 .functor BUFZ 1, C4<z>; HiZ drive
v0x563684332ad0_0 .net "D", 0 0, o0x7f0afd44aa98;  0 drivers
v0x563684332b70_0 .net "D_delayed", 0 0, o0x7f0afd44aac8;  0 drivers
v0x563684332c30_0 .net "Q", 0 0, L_0x563684994040;  1 drivers
v0x563684332cf0_0 .net "Q_N", 0 0, L_0x563684994170;  1 drivers
v0x563684332db0_0 .net "RESET", 0 0, L_0x563684993650;  1 drivers
o0x7f0afd44ab88 .functor BUFZ 1, C4<z>; HiZ drive
v0x563684336ec0_0 .net "RESET_B", 0 0, o0x7f0afd44ab88;  0 drivers
v0x563684336f80_0 .net "RESET_B_delayed", 0 0, o0x7f0afd44abb8;  0 drivers
v0x563684337040_0 .net "SET", 0 0, L_0x5636849936c0;  1 drivers
o0x7f0afd44ac18 .functor BUFZ 1, C4<z>; HiZ drive
v0x563684337100_0 .net "SET_B", 0 0, o0x7f0afd44ac18;  0 drivers
v0x5636843371c0_0 .net "SET_B_delayed", 0 0, o0x7f0afd44ac48;  0 drivers
v0x563684337280_0 .net8 "VGND", 0 0, L_0x56368410ee30;  1 drivers, strength-aware
L_0x56368410fa20 .functor BUFT 1, C8<770>, C4<0>, C4<0>, C4<0>;
v0x56368433b350_0 .net8 "VNB", 0 0, L_0x56368410fa20;  1 drivers, strength-aware
L_0x56368410d8d0 .functor BUFT 1, C8<771>, C4<0>, C4<0>, C4<0>;
v0x56368433b410_0 .net8 "VPB", 0 0, L_0x56368410d8d0;  1 drivers, strength-aware
v0x56368433b4d0_0 .net8 "VPWR", 0 0, L_0x56368410dc70;  1 drivers, strength-aware
v0x56368433b6a0_0 .net *"_ivl_10", 0 0, L_0x563684993b30;  1 drivers
L_0x7f0afcfa4180 .functor BUFT 1, C4<1>, C4<0>, C4<0>, C4<0>;
v0x56368433b760_0 .net/2u *"_ivl_14", 0 0, L_0x7f0afcfa4180;  1 drivers
v0x56368433f7e0_0 .net *"_ivl_16", 0 0, L_0x563684993d80;  1 drivers
L_0x7f0afcfa40f0 .functor BUFT 1, C4<1>, C4<0>, C4<0>, C4<0>;
v0x56368433f8a0_0 .net/2u *"_ivl_4", 0 0, L_0x7f0afcfa40f0;  1 drivers
L_0x7f0afcfa4138 .functor BUFT 1, C4<1>, C4<0>, C4<0>, C4<0>;
v0x56368433f980_0 .net/2u *"_ivl_8", 0 0, L_0x7f0afcfa4138;  1 drivers
v0x56368433fa60_0 .net "awake", 0 0, L_0x5636849939f0;  1 drivers
v0x56368433fb20_0 .net "buf_Q", 0 0, L_0x5636849937a0;  1 drivers
v0x56368433fbe0_0 .net "cond0", 0 0, L_0x563684993c70;  1 drivers
v0x563684343c70_0 .net "cond1", 0 0, L_0x563684993ec0;  1 drivers
v0x563684343d30_0 .net "condb", 0 0, L_0x563684993f80;  1 drivers
v0x563684343df0_0 .var "notifier", 0 0;
L_0x5636849939f0 .cmp/eeq 1, L_0x56368410dc70, L_0x7f0afcfa40f0;
L_0x563684993b30 .cmp/eeq 1, o0x7f0afd44abb8, L_0x7f0afcfa4138;
L_0x563684993d80 .cmp/eeq 1, o0x7f0afd44ac48, L_0x7f0afcfa4180;
S_0x563683db1fd0 .scope module, "sky130_fd_sc_hd__dfbbp_1" "sky130_fd_sc_hd__dfbbp_1" 2 45762;
 .timescale -9 -12;
    .port_info 0 /OUTPUT 1 "Q";
    .port_info 1 /OUTPUT 1 "Q_N";
    .port_info 2 /INPUT 1 "D";
    .port_info 3 /INPUT 1 "CLK";
    .port_info 4 /INPUT 1 "SET_B";
    .port_info 5 /INPUT 1 "RESET_B";
o0x7f0afd44b1e8 .functor BUFZ 1, C4<z>; HiZ drive
L_0x5636849941e0 .functor NOT 1, o0x7f0afd44b1e8, C4<0>, C4<0>, C4<0>;
o0x7f0afd44b278 .functor BUFZ 1, C4<z>; HiZ drive
L_0x563684994250 .functor NOT 1, o0x7f0afd44b278, C4<0>, C4<0>, C4<0>;
o0x7f0afd44b098 .functor BUFZ 1, C4<z>; HiZ drive
o0x7f0afd44b0f8 .functor BUFZ 1, C4<z>; HiZ drive
L_0x56368410c090 .functor BUFT 1, C8<771>, C4<0>, C4<0>, C4<0>;
L_0x56368410d700 .functor BUFT 1, C8<770>, C4<0>, C4<0>, C4<0>;
L_0x5636849942c0 .udp UDP_sky130_fd_sc_hd__udp_dff$NSR_pp$PG$N, L_0x563684994250, L_0x5636849941e0, o0x7f0afd44b098, o0x7f0afd44b0f8, v0x56368425aa70_0, L_0x56368410c090, L_0x56368410d700;
L_0x563684994750 .functor AND 1, L_0x563684994520, L_0x563684994610, C4<1>, C4<1>;
L_0x563684994a60 .functor AND 1, L_0x563684994520, L_0x563684994970, C4<1>, C4<1>;
L_0x563684994b20 .functor AND 1, L_0x563684994750, L_0x563684994a60, C4<1>, C4<1>;
L_0x563684994c30 .functor BUF 1, L_0x5636849942c0, C4<0>, C4<0>, C4<0>;
L_0x563684994ca0 .functor NOT 1, L_0x5636849942c0, C4<0>, C4<0>, C4<0>;
o0x7f0afd44b068 .functor BUFZ 1, C4<z>; HiZ drive
v0x563684343f70_0 .net "CLK", 0 0, o0x7f0afd44b068;  0 drivers
v0x563684344050_0 .net "CLK_delayed", 0 0, o0x7f0afd44b098;  0 drivers
o0x7f0afd44b0c8 .functor BUFZ 1, C4<z>; HiZ drive
v0x56368424e3b0_0 .net "D", 0 0, o0x7f0afd44b0c8;  0 drivers
v0x56368424e450_0 .net "D_delayed", 0 0, o0x7f0afd44b0f8;  0 drivers
v0x56368424e4f0_0 .net "Q", 0 0, L_0x563684994c30;  1 drivers
v0x56368424e5b0_0 .net "Q_N", 0 0, L_0x563684994ca0;  1 drivers
v0x56368424e670_0 .net "RESET", 0 0, L_0x5636849941e0;  1 drivers
o0x7f0afd44b1b8 .functor BUFZ 1, C4<z>; HiZ drive
v0x56368424e730_0 .net "RESET_B", 0 0, o0x7f0afd44b1b8;  0 drivers
v0x5636842514f0_0 .net "RESET_B_delayed", 0 0, o0x7f0afd44b1e8;  0 drivers
v0x5636842515b0_0 .net "SET", 0 0, L_0x563684994250;  1 drivers
o0x7f0afd44b248 .functor BUFZ 1, C4<z>; HiZ drive
v0x563684251670_0 .net "SET_B", 0 0, o0x7f0afd44b248;  0 drivers
v0x563684251730_0 .net "SET_B_delayed", 0 0, o0x7f0afd44b278;  0 drivers
v0x5636842517f0_0 .net8 "VGND", 0 0, L_0x56368410d700;  1 drivers, strength-aware
L_0x56368410de40 .functor BUFT 1, C8<770>, C4<0>, C4<0>, C4<0>;
v0x5636842518b0_0 .net8 "VNB", 0 0, L_0x56368410de40;  1 drivers, strength-aware
L_0x56368410b7d0 .functor BUFT 1, C8<771>, C4<0>, C4<0>, C4<0>;
v0x563684254640_0 .net8 "VPB", 0 0, L_0x56368410b7d0;  1 drivers, strength-aware
v0x563684254700_0 .net8 "VPWR", 0 0, L_0x56368410c090;  1 drivers, strength-aware
v0x5636842547c0_0 .net *"_ivl_10", 0 0, L_0x563684994610;  1 drivers
L_0x7f0afcfa4258 .functor BUFT 1, C4<1>, C4<0>, C4<0>, C4<0>;
v0x563684254990_0 .net/2u *"_ivl_14", 0 0, L_0x7f0afcfa4258;  1 drivers
v0x563684257790_0 .net *"_ivl_16", 0 0, L_0x563684994970;  1 drivers
L_0x7f0afcfa41c8 .functor BUFT 1, C4<1>, C4<0>, C4<0>, C4<0>;
v0x563684257850_0 .net/2u *"_ivl_4", 0 0, L_0x7f0afcfa41c8;  1 drivers
L_0x7f0afcfa4210 .functor BUFT 1, C4<1>, C4<0>, C4<0>, C4<0>;
v0x563684257930_0 .net/2u *"_ivl_8", 0 0, L_0x7f0afcfa4210;  1 drivers
v0x563684257a10_0 .net "awake", 0 0, L_0x563684994520;  1 drivers
v0x563684257ad0_0 .net "buf_Q", 0 0, L_0x5636849942c0;  1 drivers
v0x563684257b90_0 .net "cond0", 0 0, L_0x563684994750;  1 drivers
v0x56368425a8f0_0 .net "cond1", 0 0, L_0x563684994a60;  1 drivers
v0x56368425a9b0_0 .net "condb", 0 0, L_0x563684994b20;  1 drivers
v0x56368425aa70_0 .var "notifier", 0 0;
L_0x563684994520 .cmp/eeq 1, L_0x56368410c090, L_0x7f0afcfa41c8;
L_0x563684994610 .cmp/eeq 1, o0x7f0afd44b1e8, L_0x7f0afcfa4210;
L_0x563684994970 .cmp/eeq 1, o0x7f0afd44b278, L_0x7f0afcfa4258;
S_0x563683db2160 .scope module, "sky130_fd_sc_hd__dfrbp_1" "sky130_fd_sc_hd__dfrbp_1" 2 46148;
 .timescale -9 -12;
    .port_info 0 /OUTPUT 1 "Q";
    .port_info 1 /OUTPUT 1 "Q_N";
    .port_info 2 /INPUT 1 "CLK";
    .port_info 3 /INPUT 1 "D";
    .port_info 4 /INPUT 1 "RESET_B";
o0x7f0afd44b818 .functor BUFZ 1, C4<z>; HiZ drive
L_0x563684994d80 .functor NOT 1, o0x7f0afd44b818, C4<0>, C4<0>, C4<0>;
UDP_sky130_fd_sc_hd__udp_dff$PR_pp$PG$N .udp/sequ "sky130_fd_sc_hd__udp_dff$PR_pp$PG$N", 6, 2
 ,"?*b0?10-"
 ,"??_0?10-"
 ,"??b_?10-"
 ,"???1?100"
 ,"?0r??100"
 ,"?1r0?101"
 ,"00R??100"
 ,"11R0?101"
 ,"00x??100"
 ,"11x0?101"
 ,"0?b%?100"
 ,"0?_x?100"
 ,"??????*x";
o0x7f0afd44b728 .functor BUFZ 1, C4<z>; HiZ drive
o0x7f0afd44b6c8 .functor BUFZ 1, C4<z>; HiZ drive
L_0x563684111090 .functor BUFT 1, C8<771>, C4<0>, C4<0>, C4<0>;
L_0x56368410bb20 .functor BUFT 1, C8<770>, C4<0>, C4<0>, C4<0>;
L_0x563684994e20 .udp UDP_sky130_fd_sc_hd__udp_dff$PR_pp$PG$N, o0x7f0afd44b728, o0x7f0afd44b6c8, L_0x563684994d80, v0x563684266f90_0, L_0x563684111090, L_0x56368410bb20;
o0x7f0afd44b9c8 .functor BUFZ 1, C4<z>; HiZ drive
L_0x563684995240 .functor AND 1, o0x7f0afd44b9c8, L_0x563684995100, C4<1>, C4<1>;
L_0x563684995420 .functor AND 1, o0x7f0afd44b9c8, L_0x563684995300, C4<1>, C4<1>;
L_0x563684995560 .functor BUF 1, L_0x563684994e20, C4<0>, C4<0>, C4<0>;
L_0x563684995620 .functor NOT 1, L_0x563684994e20, C4<0>, C4<0>, C4<0>;
o0x7f0afd44b698 .functor BUFZ 1, C4<z>; HiZ drive
v0x56368425abf0_0 .net "CLK", 0 0, o0x7f0afd44b698;  0 drivers
v0x56368425acd0_0 .net "CLK_delayed", 0 0, o0x7f0afd44b6c8;  0 drivers
o0x7f0afd44b6f8 .functor BUFZ 1, C4<z>; HiZ drive
v0x56368425da40_0 .net "D", 0 0, o0x7f0afd44b6f8;  0 drivers
v0x56368425dae0_0 .net "D_delayed", 0 0, o0x7f0afd44b728;  0 drivers
v0x56368425db80_0 .net "Q", 0 0, L_0x563684995560;  1 drivers
v0x56368425dc40_0 .net "Q_N", 0 0, L_0x563684995620;  1 drivers
v0x56368425dd00_0 .net "RESET", 0 0, L_0x563684994d80;  1 drivers
o0x7f0afd44b7e8 .functor BUFZ 1, C4<z>; HiZ drive
v0x56368425ddc0_0 .net "RESET_B", 0 0, o0x7f0afd44b7e8;  0 drivers
v0x563684260b90_0 .net "RESET_B_delayed", 0 0, o0x7f0afd44b818;  0 drivers
v0x563684260c50_0 .net8 "VGND", 0 0, L_0x56368410bb20;  1 drivers, strength-aware
L_0x56368410b670 .functor BUFT 1, C8<770>, C4<0>, C4<0>, C4<0>;
v0x563684260d10_0 .net8 "VNB", 0 0, L_0x56368410b670;  1 drivers, strength-aware
L_0x563684110b70 .functor BUFT 1, C8<771>, C4<0>, C4<0>, C4<0>;
v0x563684260dd0_0 .net8 "VPB", 0 0, L_0x563684110b70;  1 drivers, strength-aware
v0x563684260e90_0 .net8 "VPWR", 0 0, L_0x563684111090;  1 drivers, strength-aware
L_0x7f0afcfa42e8 .functor BUFT 1, C4<1>, C4<0>, C4<0>, C4<0>;
v0x563684260f50_0 .net/2u *"_ivl_10", 0 0, L_0x7f0afcfa42e8;  1 drivers
v0x563684263ce0_0 .net *"_ivl_12", 0 0, L_0x563684995300;  1 drivers
L_0x7f0afcfa42a0 .functor BUFT 1, C4<1>, C4<0>, C4<0>, C4<0>;
v0x563684263d80_0 .net/2u *"_ivl_4", 0 0, L_0x7f0afcfa42a0;  1 drivers
v0x563684263e60_0 .net *"_ivl_6", 0 0, L_0x563684995100;  1 drivers
v0x563684264030_0 .net "awake", 0 0, o0x7f0afd44b9c8;  0 drivers
v0x5636842640f0_0 .net "buf_Q", 0 0, L_0x563684994e20;  1 drivers
v0x563684266e30_0 .net "cond0", 0 0, L_0x563684995240;  1 drivers
v0x563684266ed0_0 .net "cond1", 0 0, L_0x563684995420;  1 drivers
v0x563684266f90_0 .var "notifier", 0 0;
L_0x563684995100 .cmp/eeq 1, o0x7f0afd44b818, L_0x7f0afcfa42a0;
L_0x563684995300 .cmp/eeq 1, o0x7f0afd44b7e8, L_0x7f0afcfa42e8;
S_0x563683db2ac0 .scope module, "sky130_fd_sc_hd__dfrbp_2" "sky130_fd_sc_hd__dfrbp_2" 2 46520;
 .timescale -9 -12;
    .port_info 0 /OUTPUT 1 "Q";
    .port_info 1 /OUTPUT 1 "Q_N";
    .port_info 2 /INPUT 1 "CLK";
    .port_info 3 /INPUT 1 "D";
    .port_info 4 /INPUT 1 "RESET_B";
o0x7f0afd44bd28 .functor BUFZ 1, C4<z>; HiZ drive
L_0x563684995690 .functor NOT 1, o0x7f0afd44bd28, C4<0>, C4<0>, C4<0>;
o0x7f0afd44bc38 .functor BUFZ 1, C4<z>; HiZ drive
o0x7f0afd44bbd8 .functor BUFZ 1, C4<z>; HiZ drive
L_0x56368410a110 .functor BUFT 1, C8<771>, C4<0>, C4<0>, C4<0>;
L_0x563684111260 .functor BUFT 1, C8<770>, C4<0>, C4<0>, C4<0>;
L_0x563684995730 .udp UDP_sky130_fd_sc_hd__udp_dff$PR_pp$PG$N, o0x7f0afd44bc38, o0x7f0afd44bbd8, L_0x563684995690, v0x563684273d70_0, L_0x56368410a110, L_0x563684111260;
o0x7f0afd44bed8 .functor BUFZ 1, C4<z>; HiZ drive
L_0x563684995a10 .functor AND 1, o0x7f0afd44bed8, L_0x5636849958d0, C4<1>, C4<1>;
L_0x563684995bc0 .functor AND 1, o0x7f0afd44bed8, L_0x563684995ad0, C4<1>, C4<1>;
L_0x563684995d50 .functor BUF 1, L_0x563684995730, C4<0>, C4<0>, C4<0>;
L_0x563684995e10 .functor NOT 1, L_0x563684995730, C4<0>, C4<0>, C4<0>;
o0x7f0afd44bba8 .functor BUFZ 1, C4<z>; HiZ drive
v0x5636842670f0_0 .net "CLK", 0 0, o0x7f0afd44bba8;  0 drivers
v0x5636842671d0_0 .net "CLK_delayed", 0 0, o0x7f0afd44bbd8;  0 drivers
o0x7f0afd44bc08 .functor BUFZ 1, C4<z>; HiZ drive
v0x563684269f80_0 .net "D", 0 0, o0x7f0afd44bc08;  0 drivers
v0x56368426a020_0 .net "D_delayed", 0 0, o0x7f0afd44bc38;  0 drivers
v0x56368426a0e0_0 .net "Q", 0 0, L_0x563684995d50;  1 drivers
v0x56368426a1a0_0 .net "Q_N", 0 0, L_0x563684995e10;  1 drivers
v0x56368426a260_0 .net "RESET", 0 0, L_0x563684995690;  1 drivers
o0x7f0afd44bcf8 .functor BUFZ 1, C4<z>; HiZ drive
v0x56368426a320_0 .net "RESET_B", 0 0, o0x7f0afd44bcf8;  0 drivers
v0x56368426d0d0_0 .net "RESET_B_delayed", 0 0, o0x7f0afd44bd28;  0 drivers
v0x56368426d190_0 .net8 "VGND", 0 0, L_0x563684111260;  1 drivers, strength-aware
L_0x563684110a10 .functor BUFT 1, C8<770>, C4<0>, C4<0>, C4<0>;
v0x56368426d250_0 .net8 "VNB", 0 0, L_0x563684110a10;  1 drivers, strength-aware
L_0x563684111600 .functor BUFT 1, C8<771>, C4<0>, C4<0>, C4<0>;
v0x56368426d310_0 .net8 "VPB", 0 0, L_0x563684111600;  1 drivers, strength-aware
v0x56368426d3d0_0 .net8 "VPWR", 0 0, L_0x56368410a110;  1 drivers, strength-aware
L_0x7f0afcfa4378 .functor BUFT 1, C4<1>, C4<0>, C4<0>, C4<0>;
v0x56368426d490_0 .net/2u *"_ivl_10", 0 0, L_0x7f0afcfa4378;  1 drivers
v0x563684270670_0 .net *"_ivl_12", 0 0, L_0x563684995ad0;  1 drivers
L_0x7f0afcfa4330 .functor BUFT 1, C4<1>, C4<0>, C4<0>, C4<0>;
v0x563684270710_0 .net/2u *"_ivl_4", 0 0, L_0x7f0afcfa4330;  1 drivers
v0x5636842707f0_0 .net *"_ivl_6", 0 0, L_0x5636849958d0;  1 drivers
v0x5636842709c0_0 .net "awake", 0 0, o0x7f0afd44bed8;  0 drivers
v0x563684270a80_0 .net "buf_Q", 0 0, L_0x563684995730;  1 drivers
v0x563684273c10_0 .net "cond0", 0 0, L_0x563684995a10;  1 drivers
v0x563684273cb0_0 .net "cond1", 0 0, L_0x563684995bc0;  1 drivers
v0x563684273d70_0 .var "notifier", 0 0;
L_0x5636849958d0 .cmp/eeq 1, o0x7f0afd44bd28, L_0x7f0afcfa4330;
L_0x563684995ad0 .cmp/eeq 1, o0x7f0afd44bcf8, L_0x7f0afcfa4378;
S_0x563683db2c50 .scope module, "sky130_fd_sc_hd__dfrtn_1" "sky130_fd_sc_hd__dfrtn_1" 2 46893;
 .timescale -9 -12;
    .port_info 0 /OUTPUT 1 "Q";
    .port_info 1 /INPUT 1 "CLK_N";
    .port_info 2 /INPUT 1 "D";
    .port_info 3 /INPUT 1 "RESET_B";
o0x7f0afd44c208 .functor BUFZ 1, C4<z>; HiZ drive
L_0x563684995ee0 .functor NOT 1, o0x7f0afd44c208, C4<0>, C4<0>, C4<0>;
o0x7f0afd44c0e8 .functor BUFZ 1, C4<z>; HiZ drive
L_0x563684995f80 .functor NOT 1, o0x7f0afd44c0e8, C4<0>, C4<0>, C4<0>;
o0x7f0afd44c148 .functor BUFZ 1, C4<z>; HiZ drive
L_0x563684109290 .functor BUFT 1, C8<771>, C4<0>, C4<0>, C4<0>;
L_0x56368410a2e0 .functor BUFT 1, C8<770>, C4<0>, C4<0>, C4<0>;
L_0x563684996050 .udp UDP_sky130_fd_sc_hd__udp_dff$PR_pp$PG$N, o0x7f0afd44c148, L_0x563684995f80, L_0x563684995ee0, v0x563684366ca0_0, L_0x563684109290, L_0x56368410a2e0;
L_0x563684996440 .functor AND 1, L_0x563684996210, L_0x563684996300, C4<1>, C4<1>;
L_0x563684996640 .functor AND 1, L_0x563684996210, L_0x563684996550, C4<1>, C4<1>;
L_0x563684996700 .functor BUF 1, L_0x563684996050, C4<0>, C4<0>, C4<0>;
o0x7f0afd44c0b8 .functor BUFZ 1, C4<z>; HiZ drive
v0x563684273ed0_0 .net "CLK_N", 0 0, o0x7f0afd44c0b8;  0 drivers
v0x563684273fb0_0 .net "CLK_N_delayed", 0 0, o0x7f0afd44c0e8;  0 drivers
o0x7f0afd44c118 .functor BUFZ 1, C4<z>; HiZ drive
v0x563684348100_0 .net "D", 0 0, o0x7f0afd44c118;  0 drivers
v0x5636843481a0_0 .net "D_delayed", 0 0, o0x7f0afd44c148;  0 drivers
v0x563684348260_0 .net "Q", 0 0, L_0x563684996700;  1 drivers
v0x563684348320_0 .net "RESET", 0 0, L_0x563684995ee0;  1 drivers
o0x7f0afd44c1d8 .functor BUFZ 1, C4<z>; HiZ drive
v0x5636843483e0_0 .net "RESET_B", 0 0, o0x7f0afd44c1d8;  0 drivers
v0x5636843484a0_0 .net "RESET_B_delayed", 0 0, o0x7f0afd44c208;  0 drivers
v0x5636843523e0_0 .net8 "VGND", 0 0, L_0x56368410a2e0;  1 drivers, strength-aware
L_0x563684109f40 .functor BUFT 1, C8<770>, C4<0>, C4<0>, C4<0>;
v0x5636843524a0_0 .net8 "VNB", 0 0, L_0x563684109f40;  1 drivers, strength-aware
L_0x56368410a680 .functor BUFT 1, C8<771>, C4<0>, C4<0>, C4<0>;
v0x563684352560_0 .net8 "VPB", 0 0, L_0x56368410a680;  1 drivers, strength-aware
v0x563684352620_0 .net8 "VPWR", 0 0, L_0x563684109290;  1 drivers, strength-aware
v0x5636843526e0_0 .net *"_ivl_10", 0 0, L_0x563684996300;  1 drivers
L_0x7f0afcfa4450 .functor BUFT 1, C4<1>, C4<0>, C4<0>, C4<0>;
v0x5636843527a0_0 .net/2u *"_ivl_14", 0 0, L_0x7f0afcfa4450;  1 drivers
v0x56368435c6c0_0 .net *"_ivl_16", 0 0, L_0x563684996550;  1 drivers
L_0x7f0afcfa43c0 .functor BUFT 1, C4<1>, C4<0>, C4<0>, C4<0>;
v0x56368435c760_0 .net/2u *"_ivl_4", 0 0, L_0x7f0afcfa43c0;  1 drivers
L_0x7f0afcfa4408 .functor BUFT 1, C4<1>, C4<0>, C4<0>, C4<0>;
v0x56368435c840_0 .net/2u *"_ivl_8", 0 0, L_0x7f0afcfa4408;  1 drivers
v0x56368435ca30_0 .net "awake", 0 0, L_0x563684996210;  1 drivers
v0x5636843669a0_0 .net "buf_Q", 0 0, L_0x563684996050;  1 drivers
v0x563684366a60_0 .net "cond0", 0 0, L_0x563684996440;  1 drivers
v0x563684366b20_0 .net "cond1", 0 0, L_0x563684996640;  1 drivers
v0x563684366be0_0 .net "intclk", 0 0, L_0x563684995f80;  1 drivers
v0x563684366ca0_0 .var "notifier", 0 0;
L_0x563684996210 .cmp/eeq 1, L_0x563684109290, L_0x7f0afcfa43c0;
L_0x563684996300 .cmp/eeq 1, o0x7f0afd44c208, L_0x7f0afcfa4408;
L_0x563684996550 .cmp/eeq 1, o0x7f0afd44c1d8, L_0x7f0afcfa4450;
S_0x563683db5cc0 .scope module, "sky130_fd_sc_hd__dfrtp_1" "sky130_fd_sc_hd__dfrtp_1" 2 47253;
 .timescale -9 -12;
    .port_info 0 /OUTPUT 1 "Q";
    .port_info 1 /INPUT 1 "CLK";
    .port_info 2 /INPUT 1 "D";
    .port_info 3 /INPUT 1 "RESET_B";
o0x7f0afd44c718 .functor BUFZ 1, C4<z>; HiZ drive
L_0x563684996820 .functor NOT 1, o0x7f0afd44c718, C4<0>, C4<0>, C4<0>;
o0x7f0afd44c658 .functor BUFZ 1, C4<z>; HiZ drive
o0x7f0afd44c5f8 .functor BUFZ 1, C4<z>; HiZ drive
L_0x563684104ec0 .functor BUFT 1, C8<771>, C4<0>, C4<0>, C4<0>;
L_0x563684104950 .functor BUFT 1, C8<770>, C4<0>, C4<0>, C4<0>;
L_0x5636849968c0 .udp UDP_sky130_fd_sc_hd__udp_dff$PR_pp$PG$N, o0x7f0afd44c658, o0x7f0afd44c5f8, L_0x563684996820, v0x563684277590_0, L_0x563684104ec0, L_0x563684104950;
L_0x563684996da0 .functor AND 1, L_0x563684996b70, L_0x563684996c60, C4<1>, C4<1>;
L_0x563684996fa0 .functor AND 1, L_0x563684996b70, L_0x563684996eb0, C4<1>, C4<1>;
L_0x5636849970b0 .functor BUF 1, L_0x5636849968c0, C4<0>, C4<0>, C4<0>;
o0x7f0afd44c5c8 .functor BUFZ 1, C4<z>; HiZ drive
v0x563684370c80_0 .net "CLK", 0 0, o0x7f0afd44c5c8;  0 drivers
v0x563684370d60_0 .net "CLK_delayed", 0 0, o0x7f0afd44c5f8;  0 drivers
o0x7f0afd44c628 .functor BUFZ 1, C4<z>; HiZ drive
v0x563684370e20_0 .net "D", 0 0, o0x7f0afd44c628;  0 drivers
v0x563684370ec0_0 .net "D_delayed", 0 0, o0x7f0afd44c658;  0 drivers
v0x563684370f80_0 .net "Q", 0 0, L_0x5636849970b0;  1 drivers
v0x563684371040_0 .net "RESET", 0 0, L_0x563684996820;  1 drivers
o0x7f0afd44c6e8 .functor BUFZ 1, C4<z>; HiZ drive
v0x56368437af60_0 .net "RESET_B", 0 0, o0x7f0afd44c6e8;  0 drivers
v0x56368437b020_0 .net "RESET_B_delayed", 0 0, o0x7f0afd44c718;  0 drivers
v0x56368437b0e0_0 .net8 "VGND", 0 0, L_0x563684104950;  1 drivers, strength-aware
L_0x563684104b20 .functor BUFT 1, C8<770>, C4<0>, C4<0>, C4<0>;
v0x56368437b1a0_0 .net8 "VNB", 0 0, L_0x563684104b20;  1 drivers, strength-aware
L_0x563684104760 .functor BUFT 1, C8<771>, C4<0>, C4<0>, C4<0>;
v0x56368437b260_0 .net8 "VPB", 0 0, L_0x563684104760;  1 drivers, strength-aware
v0x56368437b320_0 .net8 "VPWR", 0 0, L_0x563684104ec0;  1 drivers, strength-aware
v0x5636842771b0_0 .net *"_ivl_10", 0 0, L_0x563684996c60;  1 drivers
L_0x7f0afcfa4528 .functor BUFT 1, C4<1>, C4<0>, C4<0>, C4<0>;
v0x563684277270_0 .net/2u *"_ivl_14", 0 0, L_0x7f0afcfa4528;  1 drivers
v0x563684277350_0 .net *"_ivl_16", 0 0, L_0x563684996eb0;  1 drivers
L_0x7f0afcfa4498 .functor BUFT 1, C4<1>, C4<0>, C4<0>, C4<0>;
v0x563684277410_0 .net/2u *"_ivl_4", 0 0, L_0x7f0afcfa4498;  1 drivers
L_0x7f0afcfa44e0 .functor BUFT 1, C4<1>, C4<0>, C4<0>, C4<0>;
v0x5636842774f0_0 .net/2u *"_ivl_8", 0 0, L_0x7f0afcfa44e0;  1 drivers
v0x56368427d600_0 .net "awake", 0 0, L_0x563684996b70;  1 drivers
v0x56368427d6c0_0 .net "buf_Q", 0 0, L_0x5636849968c0;  1 drivers
v0x56368427d780_0 .net "cond0", 0 0, L_0x563684996da0;  1 drivers
v0x56368427d840_0 .net "cond1", 0 0, L_0x563684996fa0;  1 drivers
v0x563684277590_0 .var "notifier", 0 0;
L_0x563684996b70 .cmp/eeq 1, L_0x563684104ec0, L_0x7f0afcfa4498;
L_0x563684996c60 .cmp/eeq 1, o0x7f0afd44c718, L_0x7f0afcfa44e0;
L_0x563684996eb0 .cmp/eeq 1, o0x7f0afd44c6e8, L_0x7f0afcfa4528;
S_0x563683db5ec0 .scope module, "sky130_fd_sc_hd__dfrtp_2" "sky130_fd_sc_hd__dfrtp_2" 2 47611;
 .timescale -9 -12;
    .port_info 0 /OUTPUT 1 "Q";
    .port_info 1 /INPUT 1 "CLK";
    .port_info 2 /INPUT 1 "D";
    .port_info 3 /INPUT 1 "RESET_B";
o0x7f0afd44cbf8 .functor BUFZ 1, C4<z>; HiZ drive
L_0x563684997170 .functor NOT 1, o0x7f0afd44cbf8, C4<0>, C4<0>, C4<0>;
o0x7f0afd44cb38 .functor BUFZ 1, C4<z>; HiZ drive
o0x7f0afd44cad8 .functor BUFZ 1, C4<z>; HiZ drive
L_0x563684102a90 .functor BUFT 1, C8<771>, C4<0>, C4<0>, C4<0>;
L_0x563684102f40 .functor BUFT 1, C8<770>, C4<0>, C4<0>, C4<0>;
L_0x563684997210 .udp UDP_sky130_fd_sc_hd__udp_dff$PR_pp$PG$N, o0x7f0afd44cb38, o0x7f0afd44cad8, L_0x563684997170, v0x5636842901d0_0, L_0x563684102a90, L_0x563684102f40;
L_0x563684997630 .functor AND 1, L_0x563684997400, L_0x5636849974f0, C4<1>, C4<1>;
L_0x563684997830 .functor AND 1, L_0x563684997400, L_0x563684997740, C4<1>, C4<1>;
L_0x563684997920 .functor BUF 1, L_0x563684997210, C4<0>, C4<0>, C4<0>;
o0x7f0afd44caa8 .functor BUFZ 1, C4<z>; HiZ drive
v0x5636842837c0_0 .net "CLK", 0 0, o0x7f0afd44caa8;  0 drivers
v0x563684283880_0 .net "CLK_delayed", 0 0, o0x7f0afd44cad8;  0 drivers
o0x7f0afd44cb08 .functor BUFZ 1, C4<z>; HiZ drive
v0x563684283940_0 .net "D", 0 0, o0x7f0afd44cb08;  0 drivers
v0x5636842839e0_0 .net "D_delayed", 0 0, o0x7f0afd44cb38;  0 drivers
v0x563684283aa0_0 .net "Q", 0 0, L_0x563684997920;  1 drivers
v0x563684283b60_0 .net "RESET", 0 0, L_0x563684997170;  1 drivers
o0x7f0afd44cbc8 .functor BUFZ 1, C4<z>; HiZ drive
v0x563684289ad0_0 .net "RESET_B", 0 0, o0x7f0afd44cbc8;  0 drivers
v0x563684289b90_0 .net "RESET_B_delayed", 0 0, o0x7f0afd44cbf8;  0 drivers
v0x563684289c50_0 .net8 "VGND", 0 0, L_0x563684102f40;  1 drivers, strength-aware
L_0x5636841032e0 .functor BUFT 1, C8<770>, C4<0>, C4<0>, C4<0>;
v0x563684289d10_0 .net8 "VNB", 0 0, L_0x5636841032e0;  1 drivers, strength-aware
L_0x563684102d50 .functor BUFT 1, C8<771>, C4<0>, C4<0>, C4<0>;
v0x563684289dd0_0 .net8 "VPB", 0 0, L_0x563684102d50;  1 drivers, strength-aware
v0x563684289e90_0 .net8 "VPWR", 0 0, L_0x563684102a90;  1 drivers, strength-aware
v0x56368428fdf0_0 .net *"_ivl_10", 0 0, L_0x5636849974f0;  1 drivers
L_0x7f0afcfa4600 .functor BUFT 1, C4<1>, C4<0>, C4<0>, C4<0>;
v0x56368428feb0_0 .net/2u *"_ivl_14", 0 0, L_0x7f0afcfa4600;  1 drivers
v0x56368428ff90_0 .net *"_ivl_16", 0 0, L_0x563684997740;  1 drivers
L_0x7f0afcfa4570 .functor BUFT 1, C4<1>, C4<0>, C4<0>, C4<0>;
v0x563684290050_0 .net/2u *"_ivl_4", 0 0, L_0x7f0afcfa4570;  1 drivers
L_0x7f0afcfa45b8 .functor BUFT 1, C4<1>, C4<0>, C4<0>, C4<0>;
v0x563684290130_0 .net/2u *"_ivl_8", 0 0, L_0x7f0afcfa45b8;  1 drivers
v0x563684296250_0 .net "awake", 0 0, L_0x563684997400;  1 drivers
v0x563684296310_0 .net "buf_Q", 0 0, L_0x563684997210;  1 drivers
v0x5636842963d0_0 .net "cond0", 0 0, L_0x563684997630;  1 drivers
v0x563684296490_0 .net "cond1", 0 0, L_0x563684997830;  1 drivers
v0x5636842901d0_0 .var "notifier", 0 0;
L_0x563684997400 .cmp/eeq 1, L_0x563684102a90, L_0x7f0afcfa4570;
L_0x5636849974f0 .cmp/eeq 1, o0x7f0afd44cbf8, L_0x7f0afcfa45b8;
L_0x563684997740 .cmp/eeq 1, o0x7f0afd44cbc8, L_0x7f0afcfa4600;
S_0x563683db3740 .scope module, "sky130_fd_sc_hd__dfrtp_4" "sky130_fd_sc_hd__dfrtp_4" 2 47969;
 .timescale -9 -12;
    .port_info 0 /OUTPUT 1 "Q";
    .port_info 1 /INPUT 1 "CLK";
    .port_info 2 /INPUT 1 "D";
    .port_info 3 /INPUT 1 "RESET_B";
o0x7f0afd44d0d8 .functor BUFZ 1, C4<z>; HiZ drive
L_0x5636849979e0 .functor NOT 1, o0x7f0afd44d0d8, C4<0>, C4<0>, C4<0>;
o0x7f0afd44d018 .functor BUFZ 1, C4<z>; HiZ drive
o0x7f0afd44cfb8 .functor BUFZ 1, C4<z>; HiZ drive
L_0x563684101080 .functor BUFT 1, C8<771>, C4<0>, C4<0>, C4<0>;
L_0x5636841011e0 .functor BUFT 1, C8<770>, C4<0>, C4<0>, C4<0>;
L_0x563684997a80 .udp UDP_sky130_fd_sc_hd__udp_dff$PR_pp$PG$N, o0x7f0afd44d018, o0x7f0afd44cfb8, L_0x5636849979e0, v0x563684235d50_0, L_0x563684101080, L_0x5636841011e0;
L_0x563684997ea0 .functor AND 1, L_0x563684997c70, L_0x563684997d60, C4<1>, C4<1>;
L_0x5636849980a0 .functor AND 1, L_0x563684997c70, L_0x563684997fb0, C4<1>, C4<1>;
L_0x5636849981b0 .functor BUF 1, L_0x563684997a80, C4<0>, C4<0>, C4<0>;
o0x7f0afd44cf88 .functor BUFZ 1, C4<z>; HiZ drive
v0x5636842294e0_0 .net "CLK", 0 0, o0x7f0afd44cf88;  0 drivers
v0x5636842295a0_0 .net "CLK_delayed", 0 0, o0x7f0afd44cfb8;  0 drivers
o0x7f0afd44cfe8 .functor BUFZ 1, C4<z>; HiZ drive
v0x563684229660_0 .net "D", 0 0, o0x7f0afd44cfe8;  0 drivers
v0x563684229700_0 .net "D_delayed", 0 0, o0x7f0afd44d018;  0 drivers
v0x5636842297c0_0 .net "Q", 0 0, L_0x5636849981b0;  1 drivers
v0x563684229880_0 .net "RESET", 0 0, L_0x5636849979e0;  1 drivers
o0x7f0afd44d0a8 .functor BUFZ 1, C4<z>; HiZ drive
v0x56368422f6e0_0 .net "RESET_B", 0 0, o0x7f0afd44d0a8;  0 drivers
v0x56368422f7a0_0 .net "RESET_B_delayed", 0 0, o0x7f0afd44d0d8;  0 drivers
v0x56368422f860_0 .net8 "VGND", 0 0, L_0x5636841011e0;  1 drivers, strength-aware
L_0x5636841018d0 .functor BUFT 1, C8<770>, C4<0>, C4<0>, C4<0>;
v0x56368422f920_0 .net8 "VNB", 0 0, L_0x5636841018d0;  1 drivers, strength-aware
L_0x563684101700 .functor BUFT 1, C8<771>, C4<0>, C4<0>, C4<0>;
v0x56368422f9e0_0 .net8 "VPB", 0 0, L_0x563684101700;  1 drivers, strength-aware
v0x56368422faa0_0 .net8 "VPWR", 0 0, L_0x563684101080;  1 drivers, strength-aware
v0x563684235970_0 .net *"_ivl_10", 0 0, L_0x563684997d60;  1 drivers
L_0x7f0afcfa46d8 .functor BUFT 1, C4<1>, C4<0>, C4<0>, C4<0>;
v0x563684235a30_0 .net/2u *"_ivl_14", 0 0, L_0x7f0afcfa46d8;  1 drivers
v0x563684235b10_0 .net *"_ivl_16", 0 0, L_0x563684997fb0;  1 drivers
L_0x7f0afcfa4648 .functor BUFT 1, C4<1>, C4<0>, C4<0>, C4<0>;
v0x563684235bd0_0 .net/2u *"_ivl_4", 0 0, L_0x7f0afcfa4648;  1 drivers
L_0x7f0afcfa4690 .functor BUFT 1, C4<1>, C4<0>, C4<0>, C4<0>;
v0x563684235cb0_0 .net/2u *"_ivl_8", 0 0, L_0x7f0afcfa4690;  1 drivers
v0x56368423bd50_0 .net "awake", 0 0, L_0x563684997c70;  1 drivers
v0x56368423be10_0 .net "buf_Q", 0 0, L_0x563684997a80;  1 drivers
v0x56368423bed0_0 .net "cond0", 0 0, L_0x563684997ea0;  1 drivers
v0x56368423bf90_0 .net "cond1", 0 0, L_0x5636849980a0;  1 drivers
v0x563684235d50_0 .var "notifier", 0 0;
L_0x563684997c70 .cmp/eeq 1, L_0x563684101080, L_0x7f0afcfa4648;
L_0x563684997d60 .cmp/eeq 1, o0x7f0afd44d0d8, L_0x7f0afcfa4690;
L_0x563684997fb0 .cmp/eeq 1, o0x7f0afd44d0a8, L_0x7f0afcfa46d8;
S_0x563683db3940 .scope module, "sky130_fd_sc_hd__dfsbp_1" "sky130_fd_sc_hd__dfsbp_1" 2 48338;
 .timescale -9 -12;
    .port_info 0 /OUTPUT 1 "Q";
    .port_info 1 /OUTPUT 1 "Q_N";
    .port_info 2 /INPUT 1 "CLK";
    .port_info 3 /INPUT 1 "D";
    .port_info 4 /INPUT 1 "SET_B";
o0x7f0afd44d5e8 .functor BUFZ 1, C4<z>; HiZ drive
L_0x563684998270 .functor NOT 1, o0x7f0afd44d5e8, C4<0>, C4<0>, C4<0>;
UDP_sky130_fd_sc_hd__udp_dff$PS_pp$PG$N .udp/sequ "sky130_fd_sc_hd__udp_dff$PS_pp$PG$N", 6, 2
 ,"?*b0?10-"
 ,"??_0?10-"
 ,"??b_?10-"
 ,"???1?101"
 ,"?0r0?100"
 ,"?1r??101"
 ,"00R0?100"
 ,"11R??101"
 ,"00x0?100"
 ,"11x??101"
 ,"1?b%?101"
 ,"1?_x?101"
 ,"??????*x";
o0x7f0afd44d4f8 .functor BUFZ 1, C4<z>; HiZ drive
o0x7f0afd44d498 .functor BUFZ 1, C4<z>; HiZ drive
L_0x5636840ff930 .functor BUFT 1, C8<771>, C4<0>, C4<0>, C4<0>;
L_0x5636840ff7d0 .functor BUFT 1, C8<770>, C4<0>, C4<0>, C4<0>;
L_0x563684998310 .udp UDP_sky130_fd_sc_hd__udp_dff$PS_pp$PG$N, o0x7f0afd44d4f8, o0x7f0afd44d498, L_0x563684998270, v0x56368438d210_0, L_0x5636840ff930, L_0x5636840ff7d0;
L_0x563684998940 .functor BUF 1, L_0x563684998310, C4<0>, C4<0>, C4<0>;
L_0x563684998a30 .functor NOT 1, L_0x563684998310, C4<0>, C4<0>, C4<0>;
o0x7f0afd44d468 .functor BUFZ 1, C4<z>; HiZ drive
v0x563684241e90_0 .net "CLK", 0 0, o0x7f0afd44d468;  0 drivers
v0x563684241f50_0 .net "CLK_delayed", 0 0, o0x7f0afd44d498;  0 drivers
o0x7f0afd44d4c8 .functor BUFZ 1, C4<z>; HiZ drive
v0x563684242010_0 .net "D", 0 0, o0x7f0afd44d4c8;  0 drivers
v0x5636842420b0_0 .net "D_delayed", 0 0, o0x7f0afd44d4f8;  0 drivers
v0x563684242170_0 .net "Q", 0 0, L_0x563684998940;  1 drivers
v0x563684242230_0 .net "Q_N", 0 0, L_0x563684998a30;  1 drivers
v0x563684248120_0 .net "SET", 0 0, L_0x563684998270;  1 drivers
o0x7f0afd44d5b8 .functor BUFZ 1, C4<z>; HiZ drive
v0x5636842481e0_0 .net "SET_B", 0 0, o0x7f0afd44d5b8;  0 drivers
v0x5636842482a0_0 .net "SET_B_delayed", 0 0, o0x7f0afd44d5e8;  0 drivers
v0x563684248360_0 .net8 "VGND", 0 0, L_0x5636840ff7d0;  1 drivers, strength-aware
L_0x5636840ffb20 .functor BUFT 1, C8<770>, C4<0>, C4<0>, C4<0>;
v0x563684248420_0 .net8 "VNB", 0 0, L_0x5636840ffb20;  1 drivers, strength-aware
L_0x5636840ffcf0 .functor BUFT 1, C8<771>, C4<0>, C4<0>, C4<0>;
v0x5636842484e0_0 .net8 "VPB", 0 0, L_0x5636840ffcf0;  1 drivers, strength-aware
v0x563684385240_0 .net8 "VPWR", 0 0, L_0x5636840ff930;  1 drivers, strength-aware
L_0x7f0afcfa47b0 .functor BUFT 1, C4<1>, C4<0>, C4<0>, C4<0>;
v0x563684385300_0 .net/2u *"_ivl_12", 0 0, L_0x7f0afcfa47b0;  1 drivers
L_0x7f0afcfa4720 .functor BUFT 1, C4<1>, C4<0>, C4<0>, C4<0>;
v0x5636843853e0_0 .net/2u *"_ivl_4", 0 0, L_0x7f0afcfa4720;  1 drivers
L_0x7f0afcfa4768 .functor BUFT 1, C4<1>, C4<0>, C4<0>, C4<0>;
v0x5636843854c0_0 .net/2u *"_ivl_8", 0 0, L_0x7f0afcfa4768;  1 drivers
v0x5636843855a0_0 .net "awake", 0 0, L_0x5636849985f0;  1 drivers
v0x56368438cfd0_0 .net "buf_Q", 0 0, L_0x563684998310;  1 drivers
v0x56368438d090_0 .net "cond0", 0 0, L_0x5636849986e0;  1 drivers
v0x56368438d150_0 .net "cond1", 0 0, L_0x563684998820;  1 drivers
v0x56368438d210_0 .var "notifier", 0 0;
L_0x5636849985f0 .cmp/eeq 1, L_0x5636840ff930, L_0x7f0afcfa4720;
L_0x5636849986e0 .cmp/eeq 1, o0x7f0afd44d5e8, L_0x7f0afcfa4768;
L_0x563684998820 .cmp/eeq 1, o0x7f0afd44d5b8, L_0x7f0afcfa47b0;
S_0x563683db43c0 .scope module, "sky130_fd_sc_hd__dfsbp_2" "sky130_fd_sc_hd__dfsbp_2" 2 48712;
 .timescale -9 -12;
    .port_info 0 /OUTPUT 1 "Q";
    .port_info 1 /OUTPUT 1 "Q_N";
    .port_info 2 /INPUT 1 "CLK";
    .port_info 3 /INPUT 1 "D";
    .port_info 4 /INPUT 1 "SET_B";
o0x7f0afd44dac8 .functor BUFZ 1, C4<z>; HiZ drive
L_0x563684998aa0 .functor NOT 1, o0x7f0afd44dac8, C4<0>, C4<0>, C4<0>;
o0x7f0afd44d9d8 .functor BUFZ 1, C4<z>; HiZ drive
o0x7f0afd44d978 .functor BUFZ 1, C4<z>; HiZ drive
L_0x563684107b80 .functor BUFT 1, C8<771>, C4<0>, C4<0>, C4<0>;
L_0x563684100090 .functor BUFT 1, C8<770>, C4<0>, C4<0>, C4<0>;
L_0x563684998b70 .udp UDP_sky130_fd_sc_hd__udp_dff$PS_pp$PG$N, o0x7f0afd44d9d8, o0x7f0afd44d978, L_0x563684998aa0, v0x5636843ac260_0, L_0x563684107b80, L_0x563684100090;
L_0x563684999080 .functor BUF 1, L_0x563684998b70, C4<0>, C4<0>, C4<0>;
L_0x563684999170 .functor NOT 1, L_0x563684998b70, C4<0>, C4<0>, C4<0>;
o0x7f0afd44d948 .functor BUFZ 1, C4<z>; HiZ drive
v0x563684385640_0 .net "CLK", 0 0, o0x7f0afd44d948;  0 drivers
v0x563684394b00_0 .net "CLK_delayed", 0 0, o0x7f0afd44d978;  0 drivers
o0x7f0afd44d9a8 .functor BUFZ 1, C4<z>; HiZ drive
v0x563684394bc0_0 .net "D", 0 0, o0x7f0afd44d9a8;  0 drivers
v0x563684394c60_0 .net "D_delayed", 0 0, o0x7f0afd44d9d8;  0 drivers
v0x563684394d20_0 .net "Q", 0 0, L_0x563684999080;  1 drivers
v0x563684394de0_0 .net "Q_N", 0 0, L_0x563684999170;  1 drivers
v0x563684394ea0_0 .net "SET", 0 0, L_0x563684998aa0;  1 drivers
o0x7f0afd44da98 .functor BUFZ 1, C4<z>; HiZ drive
v0x56368439c760_0 .net "SET_B", 0 0, o0x7f0afd44da98;  0 drivers
v0x56368439c820_0 .net "SET_B_delayed", 0 0, o0x7f0afd44dac8;  0 drivers
v0x56368439c8e0_0 .net8 "VGND", 0 0, L_0x563684100090;  1 drivers, strength-aware
L_0x563684107d70 .functor BUFT 1, C8<770>, C4<0>, C4<0>, C4<0>;
v0x56368439c9a0_0 .net8 "VNB", 0 0, L_0x563684107d70;  1 drivers, strength-aware
L_0x563684108110 .functor BUFT 1, C8<771>, C4<0>, C4<0>, C4<0>;
v0x56368439ca60_0 .net8 "VPB", 0 0, L_0x563684108110;  1 drivers, strength-aware
v0x56368439cb20_0 .net8 "VPWR", 0 0, L_0x563684107b80;  1 drivers, strength-aware
L_0x7f0afcfa4888 .functor BUFT 1, C4<1>, C4<0>, C4<0>, C4<0>;
v0x5636843a43c0_0 .net/2u *"_ivl_12", 0 0, L_0x7f0afcfa4888;  1 drivers
L_0x7f0afcfa47f8 .functor BUFT 1, C4<1>, C4<0>, C4<0>, C4<0>;
v0x5636843a44a0_0 .net/2u *"_ivl_4", 0 0, L_0x7f0afcfa47f8;  1 drivers
L_0x7f0afcfa4840 .functor BUFT 1, C4<1>, C4<0>, C4<0>, C4<0>;
v0x5636843a4580_0 .net/2u *"_ivl_8", 0 0, L_0x7f0afcfa4840;  1 drivers
v0x5636843a4660_0 .net "awake", 0 0, L_0x563684998d60;  1 drivers
v0x5636843ac020_0 .net "buf_Q", 0 0, L_0x563684998b70;  1 drivers
v0x5636843ac0e0_0 .net "cond0", 0 0, L_0x563684998e50;  1 drivers
v0x5636843ac1a0_0 .net "cond1", 0 0, L_0x563684998f90;  1 drivers
v0x5636843ac260_0 .var "notifier", 0 0;
L_0x563684998d60 .cmp/eeq 1, L_0x563684107b80, L_0x7f0afcfa47f8;
L_0x563684998e50 .cmp/eeq 1, o0x7f0afd44dac8, L_0x7f0afcfa4840;
L_0x563684998f90 .cmp/eeq 1, o0x7f0afd44da98, L_0x7f0afcfa4888;
S_0x563683db4550 .scope module, "sky130_fd_sc_hd__dfstp_1" "sky130_fd_sc_hd__dfstp_1" 2 49075;
 .timescale -9 -12;
    .port_info 0 /OUTPUT 1 "Q";
    .port_info 1 /INPUT 1 "CLK";
    .port_info 2 /INPUT 1 "D";
    .port_info 3 /INPUT 1 "SET_B";
o0x7f0afd44df78 .functor BUFZ 1, C4<z>; HiZ drive
L_0x563684999230 .functor NOT 1, o0x7f0afd44df78, C4<0>, C4<0>, C4<0>;
o0x7f0afd44deb8 .functor BUFZ 1, C4<z>; HiZ drive
o0x7f0afd44de58 .functor BUFZ 1, C4<z>; HiZ drive
L_0x563684106530 .functor BUFT 1, C8<771>, C4<0>, C4<0>, C4<0>;
L_0x5636841082e0 .functor BUFT 1, C8<770>, C4<0>, C4<0>, C4<0>;
L_0x563684999300 .udp UDP_sky130_fd_sc_hd__udp_dff$PS_pp$PG$N, o0x7f0afd44deb8, o0x7f0afd44de58, L_0x563684999230, v0x5636842a5db0_0, L_0x563684106530, L_0x5636841082e0;
L_0x563684999a50 .functor BUF 1, L_0x563684999300, C4<0>, C4<0>, C4<0>;
o0x7f0afd44de28 .functor BUFZ 1, C4<z>; HiZ drive
v0x5636843ac3c0_0 .net "CLK", 0 0, o0x7f0afd44de28;  0 drivers
v0x5636843b3c80_0 .net "CLK_delayed", 0 0, o0x7f0afd44de58;  0 drivers
o0x7f0afd44de88 .functor BUFZ 1, C4<z>; HiZ drive
v0x5636843b3d40_0 .net "D", 0 0, o0x7f0afd44de88;  0 drivers
v0x5636843b3de0_0 .net "D_delayed", 0 0, o0x7f0afd44deb8;  0 drivers
v0x5636843b3ea0_0 .net "Q", 0 0, L_0x563684999a50;  1 drivers
v0x5636843b3f60_0 .net "SET", 0 0, L_0x563684999230;  1 drivers
o0x7f0afd44df48 .functor BUFZ 1, C4<z>; HiZ drive
v0x5636843b4020_0 .net "SET_B", 0 0, o0x7f0afd44df48;  0 drivers
v0x56368429c410_0 .net "SET_B_delayed", 0 0, o0x7f0afd44df78;  0 drivers
v0x56368429c4d0_0 .net8 "VGND", 0 0, L_0x5636841082e0;  1 drivers, strength-aware
L_0x563684106010 .functor BUFT 1, C8<770>, C4<0>, C4<0>, C4<0>;
v0x56368429c590_0 .net8 "VNB", 0 0, L_0x563684106010;  1 drivers, strength-aware
L_0x563684106700 .functor BUFT 1, C8<771>, C4<0>, C4<0>, C4<0>;
v0x56368429c650_0 .net8 "VPB", 0 0, L_0x563684106700;  1 drivers, strength-aware
v0x56368429c710_0 .net8 "VPWR", 0 0, L_0x563684106530;  1 drivers, strength-aware
L_0x7f0afcfa4960 .functor BUFT 1, C4<1>, C4<0>, C4<0>, C4<0>;
v0x56368429c7d0_0 .net/2u *"_ivl_12", 0 0, L_0x7f0afcfa4960;  1 drivers
L_0x7f0afcfa48d0 .functor BUFT 1, C4<1>, C4<0>, C4<0>, C4<0>;
v0x5636842a1000_0 .net/2u *"_ivl_4", 0 0, L_0x7f0afcfa48d0;  1 drivers
L_0x7f0afcfa4918 .functor BUFT 1, C4<1>, C4<0>, C4<0>, C4<0>;
v0x5636842a10c0_0 .net/2u *"_ivl_8", 0 0, L_0x7f0afcfa4918;  1 drivers
v0x5636842a11a0_0 .net "awake", 0 0, L_0x5636849994f0;  1 drivers
v0x5636842a1260_0 .net "buf_Q", 0 0, L_0x563684999300;  1 drivers
v0x5636842a5c30_0 .net "cond0", 0 0, L_0x5636849997f0;  1 drivers
v0x5636842a5cf0_0 .net "cond1", 0 0, L_0x563684999930;  1 drivers
v0x5636842a5db0_0 .var "notifier", 0 0;
L_0x5636849994f0 .cmp/eeq 1, L_0x563684106530, L_0x7f0afcfa48d0;
L_0x5636849997f0 .cmp/eeq 1, o0x7f0afd44df78, L_0x7f0afcfa4918;
L_0x563684999930 .cmp/eeq 1, o0x7f0afd44df48, L_0x7f0afcfa4960;
S_0x563683db5040 .scope module, "sky130_fd_sc_hd__dfstp_2" "sky130_fd_sc_hd__dfstp_2" 2 49433;
 .timescale -9 -12;
    .port_info 0 /OUTPUT 1 "Q";
    .port_info 1 /INPUT 1 "CLK";
    .port_info 2 /INPUT 1 "D";
    .port_info 3 /INPUT 1 "SET_B";
o0x7f0afd44e3f8 .functor BUFZ 1, C4<z>; HiZ drive
L_0x563684999b40 .functor NOT 1, o0x7f0afd44e3f8, C4<0>, C4<0>, C4<0>;
o0x7f0afd44e338 .functor BUFZ 1, C4<z>; HiZ drive
o0x7f0afd44e2d8 .functor BUFZ 1, C4<z>; HiZ drive
L_0x5636840fe2e0 .functor BUFT 1, C8<771>, C4<0>, C4<0>, C4<0>;
L_0x563684105eb0 .functor BUFT 1, C8<770>, C4<0>, C4<0>, C4<0>;
L_0x563684999be0 .udp UDP_sky130_fd_sc_hd__udp_dff$PS_pp$PG$N, o0x7f0afd44e338, o0x7f0afd44e2d8, L_0x563684999b40, v0x5636842b8dc0_0, L_0x5636840fe2e0, L_0x563684105eb0;
L_0x56368499a130 .functor BUF 1, L_0x563684999be0, C4<0>, C4<0>, C4<0>;
o0x7f0afd44e2a8 .functor BUFZ 1, C4<z>; HiZ drive
v0x5636842a5ef0_0 .net "CLK", 0 0, o0x7f0afd44e2a8;  0 drivers
v0x5636842a5fd0_0 .net "CLK_delayed", 0 0, o0x7f0afd44e2d8;  0 drivers
o0x7f0afd44e308 .functor BUFZ 1, C4<z>; HiZ drive
v0x5636842aa890_0 .net "D", 0 0, o0x7f0afd44e308;  0 drivers
v0x5636842aa930_0 .net "D_delayed", 0 0, o0x7f0afd44e338;  0 drivers
v0x5636842aa9f0_0 .net "Q", 0 0, L_0x56368499a130;  1 drivers
v0x5636842aaab0_0 .net "SET", 0 0, L_0x563684999b40;  1 drivers
o0x7f0afd44e3c8 .functor BUFZ 1, C4<z>; HiZ drive
v0x5636842aab70_0 .net "SET_B", 0 0, o0x7f0afd44e3c8;  0 drivers
v0x5636842aac30_0 .net "SET_B_delayed", 0 0, o0x7f0afd44e3f8;  0 drivers
v0x5636842af4a0_0 .net8 "VGND", 0 0, L_0x563684105eb0;  1 drivers, strength-aware
L_0x5636840fddc0 .functor BUFT 1, C8<770>, C4<0>, C4<0>, C4<0>;
v0x5636842af560_0 .net8 "VNB", 0 0, L_0x5636840fddc0;  1 drivers, strength-aware
L_0x5636840fe110 .functor BUFT 1, C8<771>, C4<0>, C4<0>, C4<0>;
v0x5636842af620_0 .net8 "VPB", 0 0, L_0x5636840fe110;  1 drivers, strength-aware
v0x5636842af6e0_0 .net8 "VPWR", 0 0, L_0x5636840fe2e0;  1 drivers, strength-aware
L_0x7f0afcfa4a38 .functor BUFT 1, C4<1>, C4<0>, C4<0>, C4<0>;
v0x5636842af7a0_0 .net/2u *"_ivl_12", 0 0, L_0x7f0afcfa4a38;  1 drivers
L_0x7f0afcfa49a8 .functor BUFT 1, C4<1>, C4<0>, C4<0>, C4<0>;
v0x5636842af880_0 .net/2u *"_ivl_4", 0 0, L_0x7f0afcfa49a8;  1 drivers
L_0x7f0afcfa49f0 .functor BUFT 1, C4<1>, C4<0>, C4<0>, C4<0>;
v0x5636842b40d0_0 .net/2u *"_ivl_8", 0 0, L_0x7f0afcfa49f0;  1 drivers
v0x5636842b41b0_0 .net "awake", 0 0, L_0x563684999e10;  1 drivers
v0x5636842b4270_0 .net "buf_Q", 0 0, L_0x563684999be0;  1 drivers
v0x5636842b4440_0 .net "cond0", 0 0, L_0x563684999f00;  1 drivers
v0x5636842b8d00_0 .net "cond1", 0 0, L_0x56368499a040;  1 drivers
v0x5636842b8dc0_0 .var "notifier", 0 0;
L_0x563684999e10 .cmp/eeq 1, L_0x5636840fe2e0, L_0x7f0afcfa49a8;
L_0x563684999f00 .cmp/eeq 1, o0x7f0afd44e3f8, L_0x7f0afcfa49f0;
L_0x56368499a040 .cmp/eeq 1, o0x7f0afd44e3c8, L_0x7f0afcfa4a38;
S_0x563683db5240 .scope module, "sky130_fd_sc_hd__dfstp_4" "sky130_fd_sc_hd__dfstp_4" 2 49791;
 .timescale -9 -12;
    .port_info 0 /OUTPUT 1 "Q";
    .port_info 1 /INPUT 1 "CLK";
    .port_info 2 /INPUT 1 "D";
    .port_info 3 /INPUT 1 "SET_B";
o0x7f0afd44e878 .functor BUFZ 1, C4<z>; HiZ drive
L_0x56368499a220 .functor NOT 1, o0x7f0afd44e878, C4<0>, C4<0>, C4<0>;
o0x7f0afd44e7b8 .functor BUFZ 1, C4<z>; HiZ drive
o0x7f0afd44e758 .functor BUFZ 1, C4<z>; HiZ drive
L_0x5636840faa80 .functor BUFT 1, C8<771>, C4<0>, C4<0>, C4<0>;
L_0x5636840fdc60 .functor BUFT 1, C8<770>, C4<0>, C4<0>, C4<0>;
L_0x56368499a2c0 .udp UDP_sky130_fd_sc_hd__udp_dff$PS_pp$PG$N, o0x7f0afd44e7b8, o0x7f0afd44e758, L_0x56368499a220, v0x5636842dab30_0, L_0x5636840faa80, L_0x5636840fdc60;
L_0x56368499a7d0 .functor BUF 1, L_0x56368499a2c0, C4<0>, C4<0>, C4<0>;
o0x7f0afd44e728 .functor BUFZ 1, C4<z>; HiZ drive
v0x5636842b8f00_0 .net "CLK", 0 0, o0x7f0afd44e728;  0 drivers
v0x5636842b8fe0_0 .net "CLK_delayed", 0 0, o0x7f0afd44e758;  0 drivers
o0x7f0afd44e788 .functor BUFZ 1, C4<z>; HiZ drive
v0x5636842b90a0_0 .net "D", 0 0, o0x7f0afd44e788;  0 drivers
v0x5636842c4050_0 .net "D_delayed", 0 0, o0x7f0afd44e7b8;  0 drivers
v0x5636842c4110_0 .net "Q", 0 0, L_0x56368499a7d0;  1 drivers
v0x5636842c41d0_0 .net "SET", 0 0, L_0x56368499a220;  1 drivers
o0x7f0afd44e848 .functor BUFZ 1, C4<z>; HiZ drive
v0x5636842c4290_0 .net "SET_B", 0 0, o0x7f0afd44e848;  0 drivers
v0x5636842c4350_0 .net "SET_B_delayed", 0 0, o0x7f0afd44e878;  0 drivers
v0x5636842c4410_0 .net8 "VGND", 0 0, L_0x5636840fdc60;  1 drivers, strength-aware
L_0x5636840fe680 .functor BUFT 1, C8<770>, C4<0>, C4<0>, C4<0>;
v0x5636842cf3b0_0 .net8 "VNB", 0 0, L_0x5636840fe680;  1 drivers, strength-aware
L_0x5636840faea0 .functor BUFT 1, C8<771>, C4<0>, C4<0>, C4<0>;
v0x5636842cf470_0 .net8 "VPB", 0 0, L_0x5636840faea0;  1 drivers, strength-aware
v0x5636842cf530_0 .net8 "VPWR", 0 0, L_0x5636840faa80;  1 drivers, strength-aware
L_0x7f0afcfa4b10 .functor BUFT 1, C4<1>, C4<0>, C4<0>, C4<0>;
v0x5636842cf5f0_0 .net/2u *"_ivl_12", 0 0, L_0x7f0afcfa4b10;  1 drivers
L_0x7f0afcfa4a80 .functor BUFT 1, C4<1>, C4<0>, C4<0>, C4<0>;
v0x5636842cf6d0_0 .net/2u *"_ivl_4", 0 0, L_0x7f0afcfa4a80;  1 drivers
L_0x7f0afcfa4ac8 .functor BUFT 1, C4<1>, C4<0>, C4<0>, C4<0>;
v0x5636842cf7b0_0 .net/2u *"_ivl_8", 0 0, L_0x7f0afcfa4ac8;  1 drivers
v0x5636842da740_0 .net "awake", 0 0, L_0x56368499a4b0;  1 drivers
v0x5636842da7e0_0 .net "buf_Q", 0 0, L_0x56368499a2c0;  1 drivers
v0x5636842da9b0_0 .net "cond0", 0 0, L_0x56368499a5a0;  1 drivers
v0x5636842daa70_0 .net "cond1", 0 0, L_0x56368499a6e0;  1 drivers
v0x5636842dab30_0 .var "notifier", 0 0;
L_0x56368499a4b0 .cmp/eeq 1, L_0x5636840faa80, L_0x7f0afcfa4a80;
L_0x56368499a5a0 .cmp/eeq 1, o0x7f0afd44e878, L_0x7f0afcfa4ac8;
L_0x56368499a6e0 .cmp/eeq 1, o0x7f0afd44e848, L_0x7f0afcfa4b10;
S_0x563683f5eec0 .scope module, "sky130_fd_sc_hd__dfxbp_1" "sky130_fd_sc_hd__dfxbp_1" 2 50139;
 .timescale -9 -12;
    .port_info 0 /OUTPUT 1 "Q";
    .port_info 1 /OUTPUT 1 "Q_N";
    .port_info 2 /INPUT 1 "CLK";
    .port_info 3 /INPUT 1 "D";
UDP_sky130_fd_sc_hd__udp_dff$P_pp$PG$N .udp/sequ "sky130_fd_sc_hd__udp_dff$P_pp$PG$N", 5, 2
 ,"?1r?101"
 ,"?0r?100"
 ,"11R?101"
 ,"00R?100"
 ,"11Q?101"
 ,"00Q?100"
 ,"00x?100"
 ,"11x?101"
 ,"??_?10-"
 ,"?*b?10-"
 ,"?????*x";
o0x7f0afd44ec38 .functor BUFZ 1, C4<z>; HiZ drive
o0x7f0afd44ebd8 .functor BUFZ 1, C4<z>; HiZ drive
L_0x5636840f7970 .functor BUFT 1, C8<771>, C4<0>, C4<0>, C4<0>;
L_0x5636840fb1f0 .functor BUFT 1, C8<770>, C4<0>, C4<0>, C4<0>;
L_0x56368499a8c0 .udp UDP_sky130_fd_sc_hd__udp_dff$P_pp$PG$N, o0x7f0afd44ec38, o0x7f0afd44ebd8, v0x5636842fc1e0_0, L_0x5636840f7970, L_0x5636840fb1f0;
L_0x56368499ad10 .functor BUF 1, L_0x56368499a8c0, C4<0>, C4<0>, C4<0>;
L_0x56368499ae10 .functor NOT 1, L_0x56368499a8c0, C4<0>, C4<0>, C4<0>;
o0x7f0afd44eba8 .functor BUFZ 1, C4<z>; HiZ drive
v0x5636842e5a80_0 .net "CLK", 0 0, o0x7f0afd44eba8;  0 drivers
v0x5636842e5b60_0 .net "CLK_delayed", 0 0, o0x7f0afd44ebd8;  0 drivers
o0x7f0afd44ec08 .functor BUFZ 1, C4<z>; HiZ drive
v0x5636842e5c20_0 .net "D", 0 0, o0x7f0afd44ec08;  0 drivers
v0x5636842e5cc0_0 .net "D_delayed", 0 0, o0x7f0afd44ec38;  0 drivers
v0x5636842e5d80_0 .net "Q", 0 0, L_0x56368499ad10;  1 drivers
v0x5636842e5e40_0 .net "Q_N", 0 0, L_0x56368499ae10;  1 drivers
v0x5636842f0de0_0 .net8 "VGND", 0 0, L_0x5636840fb1f0;  1 drivers, strength-aware
L_0x5636840fb3c0 .functor BUFT 1, C8<770>, C4<0>, C4<0>, C4<0>;
v0x5636842f0ea0_0 .net8 "VNB", 0 0, L_0x5636840fb3c0;  1 drivers, strength-aware
L_0x5636840fb760 .functor BUFT 1, C8<771>, C4<0>, C4<0>, C4<0>;
v0x5636842f0f60_0 .net8 "VPB", 0 0, L_0x5636840fb760;  1 drivers, strength-aware
v0x5636842f1020_0 .net8 "VPWR", 0 0, L_0x5636840f7970;  1 drivers, strength-aware
L_0x7f0afcfa4b58 .functor BUFT 1, C4<1>, C4<0>, C4<0>, C4<0>;
v0x5636842f10e0_0 .net/2u *"_ivl_4", 0 0, L_0x7f0afcfa4b58;  1 drivers
v0x5636842f11c0_0 .net "awake", 0 0, L_0x56368499ac20;  1 drivers
v0x5636842fc140_0 .net "buf_Q", 0 0, L_0x56368499a8c0;  1 drivers
v0x5636842fc1e0_0 .var "notifier", 0 0;
L_0x56368499ac20 .cmp/eeq 1, L_0x5636840f7970, L_0x7f0afcfa4b58;
S_0x563683f5f0c0 .scope module, "sky130_fd_sc_hd__dfxbp_2" "sky130_fd_sc_hd__dfxbp_2" 2 50479;
 .timescale -9 -12;
    .port_info 0 /OUTPUT 1 "Q";
    .port_info 1 /OUTPUT 1 "Q_N";
    .port_info 2 /INPUT 1 "CLK";
    .port_info 3 /INPUT 1 "D";
o0x7f0afd44ef98 .functor BUFZ 1, C4<z>; HiZ drive
o0x7f0afd44ef38 .functor BUFZ 1, C4<z>; HiZ drive
L_0x5636840f7ff0 .functor BUFT 1, C8<771>, C4<0>, C4<0>, C4<0>;
L_0x5636840f76b0 .functor BUFT 1, C8<770>, C4<0>, C4<0>, C4<0>;
L_0x56368499ae80 .udp UDP_sky130_fd_sc_hd__udp_dff$P_pp$PG$N, o0x7f0afd44ef98, o0x7f0afd44ef38, v0x56368430cfb0_0, L_0x5636840f7ff0, L_0x5636840f76b0;
L_0x56368499b150 .functor BUF 1, L_0x56368499ae80, C4<0>, C4<0>, C4<0>;
L_0x56368499b210 .functor NOT 1, L_0x56368499ae80, C4<0>, C4<0>, C4<0>;
o0x7f0afd44ef08 .functor BUFZ 1, C4<z>; HiZ drive
v0x5636842fc320_0 .net "CLK", 0 0, o0x7f0afd44ef08;  0 drivers
v0x5636842fc400_0 .net "CLK_delayed", 0 0, o0x7f0afd44ef38;  0 drivers
o0x7f0afd44ef68 .functor BUFZ 1, C4<z>; HiZ drive
v0x5636842fc4c0_0 .net "D", 0 0, o0x7f0afd44ef68;  0 drivers
v0x5636842fc560_0 .net "D_delayed", 0 0, o0x7f0afd44ef98;  0 drivers
v0x563684304740_0 .net "Q", 0 0, L_0x56368499b150;  1 drivers
v0x5636843047e0_0 .net "Q_N", 0 0, L_0x56368499b210;  1 drivers
v0x5636843048a0_0 .net8 "VGND", 0 0, L_0x5636840f76b0;  1 drivers, strength-aware
L_0x5636840f7810 .functor BUFT 1, C8<770>, C4<0>, C4<0>, C4<0>;
v0x563684304960_0 .net8 "VNB", 0 0, L_0x5636840f7810;  1 drivers, strength-aware
L_0x5636840f81c0 .functor BUFT 1, C8<771>, C4<0>, C4<0>, C4<0>;
v0x563684304a20_0 .net8 "VPB", 0 0, L_0x5636840f81c0;  1 drivers, strength-aware
v0x563684304ae0_0 .net8 "VPWR", 0 0, L_0x5636840f7ff0;  1 drivers, strength-aware
L_0x7f0afcfa4ba0 .functor BUFT 1, C4<1>, C4<0>, C4<0>, C4<0>;
v0x56368430cd50_0 .net/2u *"_ivl_4", 0 0, L_0x7f0afcfa4ba0;  1 drivers
v0x56368430ce30_0 .net "awake", 0 0, L_0x56368499b060;  1 drivers
v0x56368430cef0_0 .net "buf_Q", 0 0, L_0x56368499ae80;  1 drivers
v0x56368430cfb0_0 .var "notifier", 0 0;
L_0x56368499b060 .cmp/eeq 1, L_0x5636840f7ff0, L_0x7f0afcfa4ba0;
S_0x563683f651d0 .scope module, "sky130_fd_sc_hd__dfxtp_1" "sky130_fd_sc_hd__dfxtp_1" 2 50809;
 .timescale -9 -12;
    .port_info 0 /OUTPUT 1 "Q";
    .port_info 1 /INPUT 1 "CLK";
    .port_info 2 /INPUT 1 "D";
o0x7f0afd44f2f8 .functor BUFZ 1, C4<z>; HiZ drive
o0x7f0afd44f298 .functor BUFZ 1, C4<z>; HiZ drive
L_0x5636840f4a50 .functor BUFT 1, C8<771>, C4<0>, C4<0>, C4<0>;
L_0x5636840f8560 .functor BUFT 1, C8<770>, C4<0>, C4<0>, C4<0>;
L_0x56368499b280 .udp UDP_sky130_fd_sc_hd__udp_dff$P_pp$PG$N, o0x7f0afd44f2f8, o0x7f0afd44f298, v0x56368431dd60_0, L_0x5636840f4a50, L_0x5636840f8560;
L_0x56368499b580 .functor BUF 1, L_0x56368499b280, C4<0>, C4<0>, C4<0>;
o0x7f0afd44f268 .functor BUFZ 1, C4<z>; HiZ drive
v0x56368430d0f0_0 .net "CLK", 0 0, o0x7f0afd44f268;  0 drivers
v0x563684315390_0 .net "CLK_delayed", 0 0, o0x7f0afd44f298;  0 drivers
o0x7f0afd44f2c8 .functor BUFZ 1, C4<z>; HiZ drive
v0x563684315450_0 .net "D", 0 0, o0x7f0afd44f2c8;  0 drivers
v0x5636843154f0_0 .net "D_delayed", 0 0, o0x7f0afd44f2f8;  0 drivers
v0x5636843155b0_0 .net "Q", 0 0, L_0x56368499b580;  1 drivers
v0x563684315670_0 .net8 "VGND", 0 0, L_0x5636840f8560;  1 drivers, strength-aware
L_0x5636840f4700 .functor BUFT 1, C8<770>, C4<0>, C4<0>, C4<0>;
v0x563684315730_0 .net8 "VNB", 0 0, L_0x5636840f4700;  1 drivers, strength-aware
L_0x5636840f42e0 .functor BUFT 1, C8<771>, C4<0>, C4<0>, C4<0>;
v0x56368431d980_0 .net8 "VPB", 0 0, L_0x5636840f42e0;  1 drivers, strength-aware
v0x56368431da40_0 .net8 "VPWR", 0 0, L_0x5636840f4a50;  1 drivers, strength-aware
L_0x7f0afcfa4be8 .functor BUFT 1, C4<1>, C4<0>, C4<0>, C4<0>;
v0x56368431db00_0 .net/2u *"_ivl_4", 0 0, L_0x7f0afcfa4be8;  1 drivers
v0x56368431dbe0_0 .net "awake", 0 0, L_0x56368499b490;  1 drivers
v0x56368431dca0_0 .net "buf_Q", 0 0, L_0x56368499b280;  1 drivers
v0x56368431dd60_0 .var "notifier", 0 0;
L_0x56368499b490 .cmp/eeq 1, L_0x5636840f4a50, L_0x7f0afcfa4be8;
S_0x563683f653b0 .scope module, "sky130_fd_sc_hd__dfxtp_2" "sky130_fd_sc_hd__dfxtp_2" 2 51135;
 .timescale -9 -12;
    .port_info 0 /OUTPUT 1 "Q";
    .port_info 1 /INPUT 1 "CLK";
    .port_info 2 /INPUT 1 "D";
o0x7f0afd44f5f8 .functor BUFZ 1, C4<z>; HiZ drive
o0x7f0afd44f598 .functor BUFZ 1, C4<z>; HiZ drive
L_0x5636840f3820 .functor BUFT 1, C8<771>, C4<0>, C4<0>, C4<0>;
L_0x5636840f4c20 .functor BUFT 1, C8<770>, C4<0>, C4<0>, C4<0>;
L_0x56368499b680 .udp UDP_sky130_fd_sc_hd__udp_dff$P_pp$PG$N, o0x7f0afd44f5f8, o0x7f0afd44f598, v0x5636843e0720_0, L_0x5636840f3820, L_0x5636840f4c20;
L_0x56368499b920 .functor BUF 1, L_0x56368499b680, C4<0>, C4<0>, C4<0>;
o0x7f0afd44f568 .functor BUFZ 1, C4<z>; HiZ drive
v0x563684325f90_0 .net "CLK", 0 0, o0x7f0afd44f568;  0 drivers
v0x563684326030_0 .net "CLK_delayed", 0 0, o0x7f0afd44f598;  0 drivers
o0x7f0afd44f5c8 .functor BUFZ 1, C4<z>; HiZ drive
v0x5636843260f0_0 .net "D", 0 0, o0x7f0afd44f5c8;  0 drivers
v0x563684326190_0 .net "D_delayed", 0 0, o0x7f0afd44f5f8;  0 drivers
v0x563684326250_0 .net "Q", 0 0, L_0x56368499b920;  1 drivers
v0x563684326310_0 .net8 "VGND", 0 0, L_0x5636840f4c20;  1 drivers, strength-aware
L_0x5636840f4fc0 .functor BUFT 1, C8<770>, C4<0>, C4<0>, C4<0>;
v0x5636843de740_0 .net8 "VNB", 0 0, L_0x5636840f4fc0;  1 drivers, strength-aware
L_0x5636840f3480 .functor BUFT 1, C8<771>, C4<0>, C4<0>, C4<0>;
v0x5636843de800_0 .net8 "VPB", 0 0, L_0x5636840f3480;  1 drivers, strength-aware
v0x5636843de8c0_0 .net8 "VPWR", 0 0, L_0x5636840f3820;  1 drivers, strength-aware
L_0x7f0afcfa4c30 .functor BUFT 1, C4<1>, C4<0>, C4<0>, C4<0>;
v0x5636843de980_0 .net/2u *"_ivl_4", 0 0, L_0x7f0afcfa4c30;  1 drivers
v0x5636843dea60_0 .net "awake", 0 0, L_0x56368499b830;  1 drivers
v0x5636843deb20_0 .net "buf_Q", 0 0, L_0x56368499b680;  1 drivers
v0x5636843e0720_0 .var "notifier", 0 0;
L_0x56368499b830 .cmp/eeq 1, L_0x5636840f3820, L_0x7f0afcfa4c30;
S_0x563683f6b4e0 .scope module, "sky130_fd_sc_hd__dfxtp_4" "sky130_fd_sc_hd__dfxtp_4" 2 51461;
 .timescale -9 -12;
    .port_info 0 /OUTPUT 1 "Q";
    .port_info 1 /INPUT 1 "CLK";
    .port_info 2 /INPUT 1 "D";
o0x7f0afd44f8f8 .functor BUFZ 1, C4<z>; HiZ drive
o0x7f0afd44f898 .functor BUFZ 1, C4<z>; HiZ drive
L_0x5636840f29d0 .functor BUFT 1, C8<771>, C4<0>, C4<0>, C4<0>;
L_0x5636843263e0 .functor BUFT 1, C8<770>, C4<0>, C4<0>, C4<0>;
L_0x56368499ba20 .udp UDP_sky130_fd_sc_hd__udp_dff$P_pp$PG$N, o0x7f0afd44f8f8, o0x7f0afd44f898, v0x5636843e45c0_0, L_0x5636840f29d0, L_0x5636843263e0;
L_0x56368499bcc0 .functor BUF 1, L_0x56368499ba20, C4<0>, C4<0>, C4<0>;
o0x7f0afd44f868 .functor BUFZ 1, C4<z>; HiZ drive
v0x5636843e0840_0 .net "CLK", 0 0, o0x7f0afd44f868;  0 drivers
v0x5636843e0900_0 .net "CLK_delayed", 0 0, o0x7f0afd44f898;  0 drivers
o0x7f0afd44f8c8 .functor BUFZ 1, C4<z>; HiZ drive
v0x5636843e09c0_0 .net "D", 0 0, o0x7f0afd44f8c8;  0 drivers
v0x5636843e0a60_0 .net "D_delayed", 0 0, o0x7f0afd44f8f8;  0 drivers
v0x5636843e0b20_0 .net "Q", 0 0, L_0x56368499bcc0;  1 drivers
v0x5636843e2620_0 .net8 "VGND", 0 0, L_0x5636843263e0;  1 drivers, strength-aware
L_0x5636840f32b0 .functor BUFT 1, C8<770>, C4<0>, C4<0>, C4<0>;
v0x5636843e26e0_0 .net8 "VNB", 0 0, L_0x5636840f32b0;  1 drivers, strength-aware
L_0x5636840f2ba0 .functor BUFT 1, C8<771>, C4<0>, C4<0>, C4<0>;
v0x5636843e27a0_0 .net8 "VPB", 0 0, L_0x5636840f2ba0;  1 drivers, strength-aware
v0x5636843e2860_0 .net8 "VPWR", 0 0, L_0x5636840f29d0;  1 drivers, strength-aware
L_0x7f0afcfa4c78 .functor BUFT 1, C4<1>, C4<0>, C4<0>, C4<0>;
v0x5636843e2920_0 .net/2u *"_ivl_4", 0 0, L_0x7f0afcfa4c78;  1 drivers
v0x5636843e2a00_0 .net "awake", 0 0, L_0x56368499bbd0;  1 drivers
v0x5636843e4520_0 .net "buf_Q", 0 0, L_0x56368499ba20;  1 drivers
v0x5636843e45c0_0 .var "notifier", 0 0;
L_0x56368499bbd0 .cmp/eeq 1, L_0x5636840f29d0, L_0x7f0afcfa4c78;
S_0x563683f6b6c0 .scope module, "sky130_fd_sc_hd__diode_2" "sky130_fd_sc_hd__diode_2" 2 51734;
 .timescale -9 -12;
    .port_info 0 /INPUT 1 "DIODE";
o0x7f0afd44fb68 .functor BUFZ 1, C4<z>; HiZ drive
v0x5636843e4700_0 .net "DIODE", 0 0, o0x7f0afd44fb68;  0 drivers
L_0x5636840f1b80 .functor BUFT 1, C8<770>, C4<0>, C4<0>, C4<0>;
v0x5636843e47c0_0 .net8 "VGND", 0 0, L_0x5636840f1b80;  1 drivers, strength-aware
L_0x5636840f1d50 .functor BUFT 1, C8<770>, C4<0>, C4<0>, C4<0>;
v0x5636843e4880_0 .net8 "VNB", 0 0, L_0x5636840f1d50;  1 drivers, strength-aware
L_0x5636840f19b0 .functor BUFT 1, C8<771>, C4<0>, C4<0>, C4<0>;
v0x5636843e4920_0 .net8 "VPB", 0 0, L_0x5636840f19b0;  1 drivers, strength-aware
L_0x5636840f12a0 .functor BUFT 1, C8<771>, C4<0>, C4<0>, C4<0>;
v0x5636843e6420_0 .net8 "VPWR", 0 0, L_0x5636840f12a0;  1 drivers, strength-aware
S_0x563683f717f0 .scope module, "sky130_fd_sc_hd__dlclkp_1" "sky130_fd_sc_hd__dlclkp_1" 2 52042;
 .timescale -9 -12;
    .port_info 0 /OUTPUT 1 "GCLK";
    .port_info 1 /INPUT 1 "GATE";
    .port_info 2 /INPUT 1 "CLK";
o0x7f0afd44fcb8 .functor BUFZ 1, C4<z>; HiZ drive
L_0x56368499bd80 .functor NOT 1, o0x7f0afd44fcb8, C4<0>, C4<0>, C4<0>;
UDP_sky130_fd_sc_hd__udp_dlatch$P_pp$PG$N .udp/sequ "sky130_fd_sc_hd__udp_dlatch$P_pp$PG$N", 5, 2
 ,"?*0?10-"
 ,"??_?10-"
 ,"??M?10-"
 ,"00Q?100"
 ,"11Q?101"
 ,"?0R?100"
 ,"?1R?101"
 ,"?_1?100"
 ,"?+1?101"
 ,"?0r?100"
 ,"?1r?101"
 ,"1+x?101"
 ,"0_x?100"
 ,"?11?+01"
 ,"?01?1_0"
 ,"?11?1_1";
o0x7f0afd44fd18 .functor BUFZ 1, C4<z>; HiZ drive
L_0x5636840e9710 .functor BUFT 1, C8<771>, C4<0>, C4<0>, C4<0>;
L_0x5636840f0d30 .functor BUFT 1, C8<770>, C4<0>, C4<0>, C4<0>;
L_0x56368499be20 .udp UDP_sky130_fd_sc_hd__udp_dlatch$P_pp$PG$N, o0x7f0afd44fd18, L_0x56368499bd80, v0x5636843eac40_0, L_0x5636840e9710, L_0x5636840f0d30;
L_0x56368499c170 .functor AND 1, L_0x56368499be20, o0x7f0afd44fcb8, C4<1>, C4<1>;
o0x7f0afd44fc88 .functor BUFZ 1, C4<z>; HiZ drive
v0x5636843e6520_0 .net "CLK", 0 0, o0x7f0afd44fc88;  0 drivers
v0x5636843e65e0_0 .net "CLK_delayed", 0 0, o0x7f0afd44fcb8;  0 drivers
o0x7f0afd44fce8 .functor BUFZ 1, C4<z>; HiZ drive
v0x5636843e66a0_0 .net "GATE", 0 0, o0x7f0afd44fce8;  0 drivers
v0x5636843e6740_0 .net "GATE_delayed", 0 0, o0x7f0afd44fd18;  0 drivers
v0x5636843e6800_0 .net "GCLK", 0 0, L_0x56368499c170;  1 drivers
v0x5636843e8770_0 .net8 "VGND", 0 0, L_0x5636840f0d30;  1 drivers, strength-aware
L_0x5636840e99d0 .functor BUFT 1, C8<770>, C4<0>, C4<0>, C4<0>;
v0x5636843e8810_0 .net8 "VNB", 0 0, L_0x5636840e99d0;  1 drivers, strength-aware
L_0x5636840e9c90 .functor BUFT 1, C8<771>, C4<0>, C4<0>, C4<0>;
v0x5636843e88d0_0 .net8 "VPB", 0 0, L_0x5636840e9c90;  1 drivers, strength-aware
v0x5636843e8990_0 .net8 "VPWR", 0 0, L_0x5636840e9710;  1 drivers, strength-aware
L_0x7f0afcfa4cc0 .functor BUFT 1, C4<1>, C4<0>, C4<0>, C4<0>;
v0x5636843e8a50_0 .net/2u *"_ivl_4", 0 0, L_0x7f0afcfa4cc0;  1 drivers
v0x5636843e8b30_0 .net "awake", 0 0, L_0x56368499c280;  1 drivers
v0x5636843eaac0_0 .net "clkn", 0 0, L_0x56368499bd80;  1 drivers
v0x5636843eab80_0 .net "m0", 0 0, L_0x56368499be20;  1 drivers
v0x5636843eac40_0 .var "notifier", 0 0;
L_0x56368499c280 .cmp/eeq 1, L_0x5636840e9710, L_0x7f0afcfa4cc0;
S_0x563683f719d0 .scope module, "sky130_fd_sc_hd__dlclkp_2" "sky130_fd_sc_hd__dlclkp_2" 2 52374;
 .timescale -9 -12;
    .port_info 0 /OUTPUT 1 "GCLK";
    .port_info 1 /INPUT 1 "GATE";
    .port_info 2 /INPUT 1 "CLK";
o0x7f0afd44ffe8 .functor BUFZ 1, C4<z>; HiZ drive
L_0x56368499c370 .functor NOT 1, o0x7f0afd44ffe8, C4<0>, C4<0>, C4<0>;
o0x7f0afd450048 .functor BUFZ 1, C4<z>; HiZ drive
L_0x5636840eaac0 .functor BUFT 1, C8<771>, C4<0>, C4<0>, C4<0>;
L_0x5636840e9fe0 .functor BUFT 1, C8<770>, C4<0>, C4<0>, C4<0>;
L_0x56368499c3e0 .udp UDP_sky130_fd_sc_hd__udp_dlatch$P_pp$PG$N, o0x7f0afd450048, L_0x56368499c370, v0x5636843f1600_0, L_0x5636840eaac0, L_0x5636840e9fe0;
L_0x56368499c620 .functor AND 1, L_0x56368499c3e0, o0x7f0afd44ffe8, C4<1>, C4<1>;
o0x7f0afd44ffb8 .functor BUFZ 1, C4<z>; HiZ drive
v0x5636843ead80_0 .net "CLK", 0 0, o0x7f0afd44ffb8;  0 drivers
v0x5636843eae40_0 .net "CLK_delayed", 0 0, o0x7f0afd44ffe8;  0 drivers
o0x7f0afd450018 .functor BUFZ 1, C4<z>; HiZ drive
v0x5636843ece10_0 .net "GATE", 0 0, o0x7f0afd450018;  0 drivers
v0x5636843eceb0_0 .net "GATE_delayed", 0 0, o0x7f0afd450048;  0 drivers
v0x5636843ecf70_0 .net "GCLK", 0 0, L_0x56368499c620;  1 drivers
v0x5636843ed030_0 .net8 "VGND", 0 0, L_0x5636840e9fe0;  1 drivers, strength-aware
L_0x5636840ea1b0 .functor BUFT 1, C8<770>, C4<0>, C4<0>, C4<0>;
v0x5636843ed0f0_0 .net8 "VNB", 0 0, L_0x5636840ea1b0;  1 drivers, strength-aware
L_0x5636840ea720 .functor BUFT 1, C8<771>, C4<0>, C4<0>, C4<0>;
v0x5636843ed1b0_0 .net8 "VPB", 0 0, L_0x5636840ea720;  1 drivers, strength-aware
v0x5636843ef1f0_0 .net8 "VPWR", 0 0, L_0x5636840eaac0;  1 drivers, strength-aware
L_0x7f0afcfa4d08 .functor BUFT 1, C4<1>, C4<0>, C4<0>, C4<0>;
v0x5636843ef340_0 .net/2u *"_ivl_4", 0 0, L_0x7f0afcfa4d08;  1 drivers
v0x5636843ef420_0 .net "awake", 0 0, L_0x56368499c730;  1 drivers
v0x5636843ef4e0_0 .net "clkn", 0 0, L_0x56368499c370;  1 drivers
v0x5636843ef5a0_0 .net "m0", 0 0, L_0x56368499c3e0;  1 drivers
v0x5636843f1600_0 .var "notifier", 0 0;
L_0x56368499c730 .cmp/eeq 1, L_0x5636840eaac0, L_0x7f0afcfa4d08;
S_0x563683f77b00 .scope module, "sky130_fd_sc_hd__dlclkp_4" "sky130_fd_sc_hd__dlclkp_4" 2 52706;
 .timescale -9 -12;
    .port_info 0 /OUTPUT 1 "GCLK";
    .port_info 1 /INPUT 1 "GATE";
    .port_info 2 /INPUT 1 "CLK";
o0x7f0afd450318 .functor BUFZ 1, C4<z>; HiZ drive
L_0x56368499c820 .functor NOT 1, o0x7f0afd450318, C4<0>, C4<0>, C4<0>;
o0x7f0afd450378 .functor BUFZ 1, C4<z>; HiZ drive
L_0x5636840e17f0 .functor BUFT 1, C8<771>, C4<0>, C4<0>, C4<0>;
L_0x5636840ea550 .functor BUFT 1, C8<770>, C4<0>, C4<0>, C4<0>;
L_0x56368499c890 .udp UDP_sky130_fd_sc_hd__udp_dlatch$P_pp$PG$N, o0x7f0afd450378, L_0x56368499c820, v0x5636843f64b0_0, L_0x5636840e17f0, L_0x5636840ea550;
L_0x56368499ca60 .functor AND 1, L_0x56368499c890, o0x7f0afd450318, C4<1>, C4<1>;
o0x7f0afd4502e8 .functor BUFZ 1, C4<z>; HiZ drive
v0x5636843f1740_0 .net "CLK", 0 0, o0x7f0afd4502e8;  0 drivers
v0x5636843f1800_0 .net "CLK_delayed", 0 0, o0x7f0afd450318;  0 drivers
o0x7f0afd450348 .functor BUFZ 1, C4<z>; HiZ drive
v0x5636843f18c0_0 .net "GATE", 0 0, o0x7f0afd450348;  0 drivers
v0x5636843f1960_0 .net "GATE_delayed", 0 0, o0x7f0afd450378;  0 drivers
v0x5636843f1a20_0 .net "GCLK", 0 0, L_0x56368499ca60;  1 drivers
v0x5636843f3a10_0 .net8 "VGND", 0 0, L_0x5636840ea550;  1 drivers, strength-aware
L_0x5636840e1ab0 .functor BUFT 1, C8<770>, C4<0>, C4<0>, C4<0>;
v0x5636843f3ab0_0 .net8 "VNB", 0 0, L_0x5636840e1ab0;  1 drivers, strength-aware
L_0x5636840e1d70 .functor BUFT 1, C8<771>, C4<0>, C4<0>, C4<0>;
v0x5636843f3b70_0 .net8 "VPB", 0 0, L_0x5636840e1d70;  1 drivers, strength-aware
v0x5636843f3c30_0 .net8 "VPWR", 0 0, L_0x5636840e17f0;  1 drivers, strength-aware
L_0x7f0afcfa4d50 .functor BUFT 1, C4<1>, C4<0>, C4<0>, C4<0>;
v0x5636843f3d80_0 .net/2u *"_ivl_4", 0 0, L_0x7f0afcfa4d50;  1 drivers
v0x5636843f6270_0 .net "awake", 0 0, L_0x56368499cb70;  1 drivers
v0x5636843f6330_0 .net "clkn", 0 0, L_0x56368499c820;  1 drivers
v0x5636843f63f0_0 .net "m0", 0 0, L_0x56368499c890;  1 drivers
v0x5636843f64b0_0 .var "notifier", 0 0;
L_0x56368499cb70 .cmp/eeq 1, L_0x5636840e17f0, L_0x7f0afcfa4d50;
S_0x563683f77ce0 .scope module, "sky130_fd_sc_hd__dlrbn_1" "sky130_fd_sc_hd__dlrbn_1" 2 53078;
 .timescale -9 -12;
    .port_info 0 /OUTPUT 1 "Q";
    .port_info 1 /OUTPUT 1 "Q_N";
    .port_info 2 /INPUT 1 "RESET_B";
    .port_info 3 /INPUT 1 "D";
    .port_info 4 /INPUT 1 "GATE_N";
o0x7f0afd450798 .functor BUFZ 1, C4<z>; HiZ drive
L_0x56368499cc60 .functor NOT 1, o0x7f0afd450798, C4<0>, C4<0>, C4<0>;
o0x7f0afd4506a8 .functor BUFZ 1, C4<z>; HiZ drive
L_0x56368499ccd0 .functor NOT 1, o0x7f0afd4506a8, C4<0>, C4<0>, C4<0>;
UDP_sky130_fd_sc_hd__udp_dlatch$PR_pp$PG$N .udp/sequ "sky130_fd_sc_hd__udp_dlatch$PR_pp$PG$N", 6, 2
 ,"?*00?10-"
 ,"???1?100"
 ,"??_0?10-"
 ,"??M0?10-"
 ,"00Q0?100"
 ,"11Q0?101"
 ,"?0R0?100"
 ,"?1R0?101"
 ,"?_10?100"
 ,"?+10?101"
 ,"?0r0?100"
 ,"?1r0?101"
 ,"0?0%?100"
 ,"0*0x?100"
 ,"?0+x?100"
 ,"?_1x?100"
 ,"?01%?100"
 ,"??0_?10-"
 ,"?01_?100"
 ,"?11_?101"
 ,"1+x0?101"
 ,"0_x0?100"
 ,"?110?+01"
 ,"?010?1_0"
 ,"?110?1_1";
o0x7f0afd450648 .functor BUFZ 1, C4<z>; HiZ drive
L_0x5636840e2d70 .functor BUFT 1, C8<771>, C4<0>, C4<0>, C4<0>;
L_0x5636840e20c0 .functor BUFT 1, C8<770>, C4<0>, C4<0>, C4<0>;
L_0x56368499cde0 .udp UDP_sky130_fd_sc_hd__udp_dlatch$PR_pp$PG$N, o0x7f0afd450648, L_0x56368499ccd0, L_0x56368499cc60, v0x563684402ef0_0, L_0x5636840e2d70, L_0x5636840e20c0;
L_0x56368499d480 .functor AND 1, L_0x56368499d250, L_0x56368499d340, C4<1>, C4<1>;
L_0x56368499d6d0 .functor AND 1, L_0x56368499d250, L_0x56368499d5e0, C4<1>, C4<1>;
L_0x56368499d790 .functor BUF 1, L_0x56368499cde0, C4<0>, C4<0>, C4<0>;
L_0x56368499d8b0 .functor NOT 1, L_0x56368499cde0, C4<0>, C4<0>, C4<0>;
o0x7f0afd450618 .functor BUFZ 1, C4<z>; HiZ drive
v0x5636843f65f0_0 .net "D", 0 0, o0x7f0afd450618;  0 drivers
v0x5636843f8ad0_0 .net "D_delayed", 0 0, o0x7f0afd450648;  0 drivers
o0x7f0afd450678 .functor BUFZ 1, C4<z>; HiZ drive
v0x5636843f8b90_0 .net "GATE_N", 0 0, o0x7f0afd450678;  0 drivers
v0x5636843f8c30_0 .net "GATE_N_delayed", 0 0, o0x7f0afd4506a8;  0 drivers
v0x5636843f8cf0_0 .net "Q", 0 0, L_0x56368499d790;  1 drivers
v0x5636843f8db0_0 .net "Q_N", 0 0, L_0x56368499d8b0;  1 drivers
v0x5636843f8e70_0 .net "RESET", 0 0, L_0x56368499cc60;  1 drivers
o0x7f0afd450768 .functor BUFZ 1, C4<z>; HiZ drive
v0x5636843fb330_0 .net "RESET_B", 0 0, o0x7f0afd450768;  0 drivers
v0x5636843fb3f0_0 .net "RESET_B_delayed", 0 0, o0x7f0afd450798;  0 drivers
v0x5636843fb540_0 .net8 "VGND", 0 0, L_0x5636840e20c0;  1 drivers, strength-aware
L_0x5636840e2290 .functor BUFT 1, C8<770>, C4<0>, C4<0>, C4<0>;
v0x5636843fb600_0 .net8 "VNB", 0 0, L_0x5636840e2290;  1 drivers, strength-aware
L_0x5636840e29d0 .functor BUFT 1, C8<771>, C4<0>, C4<0>, C4<0>;
v0x5636843fb6c0_0 .net8 "VPB", 0 0, L_0x5636840e29d0;  1 drivers, strength-aware
v0x5636843fdc30_0 .net8 "VPWR", 0 0, L_0x5636840e2d70;  1 drivers, strength-aware
v0x5636843fdcf0_0 .net *"_ivl_10", 0 0, L_0x56368499d340;  1 drivers
L_0x7f0afcfa4e28 .functor BUFT 1, C4<1>, C4<0>, C4<0>, C4<0>;
v0x5636843fddb0_0 .net/2u *"_ivl_14", 0 0, L_0x7f0afcfa4e28;  1 drivers
v0x5636843fde90_0 .net *"_ivl_16", 0 0, L_0x56368499d5e0;  1 drivers
L_0x7f0afcfa4d98 .functor BUFT 1, C4<1>, C4<0>, C4<0>, C4<0>;
v0x5636843fdf50_0 .net/2u *"_ivl_4", 0 0, L_0x7f0afcfa4d98;  1 drivers
L_0x7f0afcfa4de0 .functor BUFT 1, C4<1>, C4<0>, C4<0>, C4<0>;
v0x563684400680_0 .net/2u *"_ivl_8", 0 0, L_0x7f0afcfa4de0;  1 drivers
v0x563684400760_0 .net "awake", 0 0, L_0x56368499d250;  1 drivers
v0x563684400820_0 .net "buf_Q", 0 0, L_0x56368499cde0;  1 drivers
v0x5636844008e0_0 .net "cond0", 0 0, L_0x56368499d480;  1 drivers
v0x5636843fdff0_0 .net "cond1", 0 0, L_0x56368499d6d0;  1 drivers
v0x563684402e30_0 .net "intgate", 0 0, L_0x56368499ccd0;  1 drivers
v0x563684402ef0_0 .var "notifier", 0 0;
L_0x56368499d250 .cmp/eeq 1, L_0x5636840e2d70, L_0x7f0afcfa4d98;
L_0x56368499d340 .cmp/eeq 1, o0x7f0afd450798, L_0x7f0afcfa4de0;
L_0x56368499d5e0 .cmp/eeq 1, o0x7f0afd450768, L_0x7f0afcfa4e28;
S_0x563683f7de10 .scope module, "sky130_fd_sc_hd__dlrbn_2" "sky130_fd_sc_hd__dlrbn_2" 2 53471;
 .timescale -9 -12;
    .port_info 0 /OUTPUT 1 "Q";
    .port_info 1 /OUTPUT 1 "Q_N";
    .port_info 2 /INPUT 1 "RESET_B";
    .port_info 3 /INPUT 1 "D";
    .port_info 4 /INPUT 1 "GATE_N";
o0x7f0afd450d08 .functor BUFZ 1, C4<z>; HiZ drive
L_0x56368499d920 .functor NOT 1, o0x7f0afd450d08, C4<0>, C4<0>, C4<0>;
o0x7f0afd450c18 .functor BUFZ 1, C4<z>; HiZ drive
L_0x56368499d9f0 .functor NOT 1, o0x7f0afd450c18, C4<0>, C4<0>, C4<0>;
o0x7f0afd450bb8 .functor BUFZ 1, C4<z>; HiZ drive
L_0x5636840da290 .functor BUFT 1, C8<771>, C4<0>, C4<0>, C4<0>;
L_0x5636840e2f40 .functor BUFT 1, C8<770>, C4<0>, C4<0>, C4<0>;
L_0x56368499dac0 .udp UDP_sky130_fd_sc_hd__udp_dlatch$PR_pp$PG$N, o0x7f0afd450bb8, L_0x56368499d9f0, L_0x56368499d920, v0x56368440e680_0, L_0x5636840da290, L_0x5636840e2f40;
L_0x56368499deb0 .functor AND 1, L_0x56368499dc80, L_0x56368499dd70, C4<1>, C4<1>;
L_0x56368499e0b0 .functor AND 1, L_0x56368499dc80, L_0x56368499dfc0, C4<1>, C4<1>;
L_0x56368499e170 .functor BUF 1, L_0x56368499dac0, C4<0>, C4<0>, C4<0>;
L_0x56368499e290 .functor NOT 1, L_0x56368499dac0, C4<0>, C4<0>, C4<0>;
o0x7f0afd450b88 .functor BUFZ 1, C4<z>; HiZ drive
v0x563684403050_0 .net "D", 0 0, o0x7f0afd450b88;  0 drivers
v0x563684403130_0 .net "D_delayed", 0 0, o0x7f0afd450bb8;  0 drivers
o0x7f0afd450be8 .functor BUFZ 1, C4<z>; HiZ drive
v0x5636844031f0_0 .net "GATE_N", 0 0, o0x7f0afd450be8;  0 drivers
v0x563684405b80_0 .net "GATE_N_delayed", 0 0, o0x7f0afd450c18;  0 drivers
v0x563684405c40_0 .net "Q", 0 0, L_0x56368499e170;  1 drivers
v0x563684405d00_0 .net "Q_N", 0 0, L_0x56368499e290;  1 drivers
v0x563684405dc0_0 .net "RESET", 0 0, L_0x56368499d920;  1 drivers
o0x7f0afd450cd8 .functor BUFZ 1, C4<z>; HiZ drive
v0x563684405e80_0 .net "RESET_B", 0 0, o0x7f0afd450cd8;  0 drivers
v0x563684405f40_0 .net "RESET_B_delayed", 0 0, o0x7f0afd450d08;  0 drivers
v0x5636844088d0_0 .net8 "VGND", 0 0, L_0x5636840e2f40;  1 drivers, strength-aware
L_0x5636840e2800 .functor BUFT 1, C8<770>, C4<0>, C4<0>, C4<0>;
v0x563684408990_0 .net8 "VNB", 0 0, L_0x5636840e2800;  1 drivers, strength-aware
L_0x5636840da130 .functor BUFT 1, C8<771>, C4<0>, C4<0>, C4<0>;
v0x563684408a50_0 .net8 "VPB", 0 0, L_0x5636840da130;  1 drivers, strength-aware
v0x563684408b10_0 .net8 "VPWR", 0 0, L_0x5636840da290;  1 drivers, strength-aware
v0x563684408bd0_0 .net *"_ivl_10", 0 0, L_0x56368499dd70;  1 drivers
L_0x7f0afcfa4f00 .functor BUFT 1, C4<1>, C4<0>, C4<0>, C4<0>;
v0x563684408c90_0 .net/2u *"_ivl_14", 0 0, L_0x7f0afcfa4f00;  1 drivers
v0x56368440b650_0 .net *"_ivl_16", 0 0, L_0x56368499dfc0;  1 drivers
L_0x7f0afcfa4e70 .functor BUFT 1, C4<1>, C4<0>, C4<0>, C4<0>;
v0x56368440b6f0_0 .net/2u *"_ivl_4", 0 0, L_0x7f0afcfa4e70;  1 drivers
L_0x7f0afcfa4eb8 .functor BUFT 1, C4<1>, C4<0>, C4<0>, C4<0>;
v0x56368440b8e0_0 .net/2u *"_ivl_8", 0 0, L_0x7f0afcfa4eb8;  1 drivers
v0x56368440b9c0_0 .net "awake", 0 0, L_0x56368499dc80;  1 drivers
v0x56368440e380_0 .net "buf_Q", 0 0, L_0x56368499dac0;  1 drivers
v0x56368440e440_0 .net "cond0", 0 0, L_0x56368499deb0;  1 drivers
v0x56368440e500_0 .net "cond1", 0 0, L_0x56368499e0b0;  1 drivers
v0x56368440e5c0_0 .net "intgate", 0 0, L_0x56368499d9f0;  1 drivers
v0x56368440e680_0 .var "notifier", 0 0;
L_0x56368499dc80 .cmp/eeq 1, L_0x5636840da290, L_0x7f0afcfa4e70;
L_0x56368499dd70 .cmp/eeq 1, o0x7f0afd450d08, L_0x7f0afcfa4eb8;
L_0x56368499dfc0 .cmp/eeq 1, o0x7f0afd450cd8, L_0x7f0afcfa4f00;
S_0x563683f7dfa0 .scope module, "sky130_fd_sc_hd__dlrbp_1" "sky130_fd_sc_hd__dlrbp_1" 2 53858;
 .timescale -9 -12;
    .port_info 0 /OUTPUT 1 "Q";
    .port_info 1 /OUTPUT 1 "Q_N";
    .port_info 2 /INPUT 1 "RESET_B";
    .port_info 3 /INPUT 1 "D";
    .port_info 4 /INPUT 1 "GATE";
o0x7f0afd451278 .functor BUFZ 1, C4<z>; HiZ drive
L_0x56368499e300 .functor NOT 1, o0x7f0afd451278, C4<0>, C4<0>, C4<0>;
o0x7f0afd451128 .functor BUFZ 1, C4<z>; HiZ drive
o0x7f0afd451188 .functor BUFZ 1, C4<z>; HiZ drive
L_0x5636840daef0 .functor BUFT 1, C8<771>, C4<0>, C4<0>, C4<0>;
L_0x5636840d9e70 .functor BUFT 1, C8<770>, C4<0>, C4<0>, C4<0>;
L_0x56368499e370 .udp UDP_sky130_fd_sc_hd__udp_dlatch$PR_pp$PG$N, o0x7f0afd451128, o0x7f0afd451188, L_0x56368499e300, v0x56368441f520_0, L_0x5636840daef0, L_0x5636840d9e70;
L_0x56368499e7b0 .functor AND 1, L_0x56368499e580, L_0x56368499e670, C4<1>, C4<1>;
L_0x56368499e9b0 .functor AND 1, L_0x56368499e580, L_0x56368499e8c0, C4<1>, C4<1>;
L_0x56368499eaf0 .functor BUF 1, L_0x56368499e370, C4<0>, C4<0>, C4<0>;
L_0x56368499ebb0 .functor NOT 1, L_0x56368499e370, C4<0>, C4<0>, C4<0>;
o0x7f0afd4510f8 .functor BUFZ 1, C4<z>; HiZ drive
v0x5636844110d0_0 .net "D", 0 0, o0x7f0afd4510f8;  0 drivers
v0x5636844111b0_0 .net "D_delayed", 0 0, o0x7f0afd451128;  0 drivers
o0x7f0afd451158 .functor BUFZ 1, C4<z>; HiZ drive
v0x563684411270_0 .net "GATE", 0 0, o0x7f0afd451158;  0 drivers
v0x563684411310_0 .net "GATE_delayed", 0 0, o0x7f0afd451188;  0 drivers
v0x5636844113d0_0 .net "Q", 0 0, L_0x56368499eaf0;  1 drivers
v0x563684411490_0 .net "Q_N", 0 0, L_0x56368499ebb0;  1 drivers
v0x563684413e20_0 .net "RESET", 0 0, L_0x56368499e300;  1 drivers
o0x7f0afd451248 .functor BUFZ 1, C4<z>; HiZ drive
v0x563684413ee0_0 .net "RESET_B", 0 0, o0x7f0afd451248;  0 drivers
v0x563684413fa0_0 .net "RESET_B_delayed", 0 0, o0x7f0afd451278;  0 drivers
v0x563684414060_0 .net8 "VGND", 0 0, L_0x5636840d9e70;  1 drivers, strength-aware
L_0x5636840da980 .functor BUFT 1, C8<770>, C4<0>, C4<0>, C4<0>;
v0x563684414120_0 .net8 "VNB", 0 0, L_0x5636840da980;  1 drivers, strength-aware
L_0x5636840da7b0 .functor BUFT 1, C8<771>, C4<0>, C4<0>, C4<0>;
v0x5636844141e0_0 .net8 "VPB", 0 0, L_0x5636840da7b0;  1 drivers, strength-aware
v0x563684415860_0 .net8 "VPWR", 0 0, L_0x5636840daef0;  1 drivers, strength-aware
v0x563684415920_0 .net *"_ivl_10", 0 0, L_0x56368499e670;  1 drivers
L_0x7f0afcfa4fd8 .functor BUFT 1, C4<1>, C4<0>, C4<0>, C4<0>;
v0x5636844159e0_0 .net/2u *"_ivl_14", 0 0, L_0x7f0afcfa4fd8;  1 drivers
v0x563684415ac0_0 .net *"_ivl_16", 0 0, L_0x56368499e8c0;  1 drivers
L_0x7f0afcfa4f48 .functor BUFT 1, C4<1>, C4<0>, C4<0>, C4<0>;
v0x563684415b80_0 .net/2u *"_ivl_4", 0 0, L_0x7f0afcfa4f48;  1 drivers
L_0x7f0afcfa4f90 .functor BUFT 1, C4<1>, C4<0>, C4<0>, C4<0>;
v0x5636844173c0_0 .net/2u *"_ivl_8", 0 0, L_0x7f0afcfa4f90;  1 drivers
v0x5636844174a0_0 .net "awake", 0 0, L_0x56368499e580;  1 drivers
v0x563684417560_0 .net "buf_Q", 0 0, L_0x56368499e370;  1 drivers
v0x563684417620_0 .net "cond0", 0 0, L_0x56368499e7b0;  1 drivers
v0x563684415c20_0 .net "cond1", 0 0, L_0x56368499e9b0;  1 drivers
v0x56368441f520_0 .var "notifier", 0 0;
L_0x56368499e580 .cmp/eeq 1, L_0x5636840daef0, L_0x7f0afcfa4f48;
L_0x56368499e670 .cmp/eeq 1, o0x7f0afd451278, L_0x7f0afcfa4f90;
L_0x56368499e8c0 .cmp/eeq 1, o0x7f0afd451248, L_0x7f0afcfa4fd8;
S_0x563683f7e130 .scope module, "sky130_fd_sc_hd__dlrbp_2" "sky130_fd_sc_hd__dlrbp_2" 2 54243;
 .timescale -9 -12;
    .port_info 0 /OUTPUT 1 "Q";
    .port_info 1 /OUTPUT 1 "Q_N";
    .port_info 2 /INPUT 1 "RESET_B";
    .port_info 3 /INPUT 1 "D";
    .port_info 4 /INPUT 1 "GATE";
o0x7f0afd4517b8 .functor BUFZ 1, C4<z>; HiZ drive
L_0x56368499ec80 .functor NOT 1, o0x7f0afd4517b8, C4<0>, C4<0>, C4<0>;
o0x7f0afd451668 .functor BUFZ 1, C4<z>; HiZ drive
o0x7f0afd4516c8 .functor BUFZ 1, C4<z>; HiZ drive
L_0x5636840d19a0 .functor BUFT 1, C8<771>, C4<0>, C4<0>, C4<0>;
L_0x5636840db290 .functor BUFT 1, C8<770>, C4<0>, C4<0>, C4<0>;
L_0x56368499ed50 .udp UDP_sky130_fd_sc_hd__udp_dlatch$PR_pp$PG$N, o0x7f0afd451668, o0x7f0afd4516c8, L_0x56368499ec80, v0x56368443cb20_0, L_0x5636840d19a0, L_0x5636840db290;
L_0x56368499f120 .functor AND 1, L_0x56368499eef0, L_0x56368499efe0, C4<1>, C4<1>;
L_0x56368499f320 .functor AND 1, L_0x56368499eef0, L_0x56368499f230, C4<1>, C4<1>;
L_0x56368499f410 .functor BUF 1, L_0x56368499ed50, C4<0>, C4<0>, C4<0>;
L_0x56368499f4d0 .functor NOT 1, L_0x56368499ed50, C4<0>, C4<0>, C4<0>;
o0x7f0afd451638 .functor BUFZ 1, C4<z>; HiZ drive
v0x56368441f680_0 .net "D", 0 0, o0x7f0afd451638;  0 drivers
v0x56368441f760_0 .net "D_delayed", 0 0, o0x7f0afd451668;  0 drivers
o0x7f0afd451698 .functor BUFZ 1, C4<z>; HiZ drive
v0x56368441f820_0 .net "GATE", 0 0, o0x7f0afd451698;  0 drivers
v0x56368441f8c0_0 .net "GATE_delayed", 0 0, o0x7f0afd4516c8;  0 drivers
v0x563684427730_0 .net "Q", 0 0, L_0x56368499f410;  1 drivers
v0x5636844277f0_0 .net "Q_N", 0 0, L_0x56368499f4d0;  1 drivers
v0x5636844278b0_0 .net "RESET", 0 0, L_0x56368499ec80;  1 drivers
o0x7f0afd451788 .functor BUFZ 1, C4<z>; HiZ drive
v0x563684427970_0 .net "RESET_B", 0 0, o0x7f0afd451788;  0 drivers
v0x563684427a30_0 .net "RESET_B_delayed", 0 0, o0x7f0afd4517b8;  0 drivers
v0x563684427af0_0 .net8 "VGND", 0 0, L_0x5636840db290;  1 drivers, strength-aware
L_0x5636840dab50 .functor BUFT 1, C8<770>, C4<0>, C4<0>, C4<0>;
v0x56368442f4f0_0 .net8 "VNB", 0 0, L_0x5636840dab50;  1 drivers, strength-aware
L_0x5636840d1840 .functor BUFT 1, C8<771>, C4<0>, C4<0>, C4<0>;
v0x56368442f5b0_0 .net8 "VPB", 0 0, L_0x5636840d1840;  1 drivers, strength-aware
v0x56368442f670_0 .net8 "VPWR", 0 0, L_0x5636840d19a0;  1 drivers, strength-aware
v0x56368442f730_0 .net *"_ivl_10", 0 0, L_0x56368499efe0;  1 drivers
L_0x7f0afcfa50b0 .functor BUFT 1, C4<1>, C4<0>, C4<0>, C4<0>;
v0x56368442f7f0_0 .net/2u *"_ivl_14", 0 0, L_0x7f0afcfa50b0;  1 drivers
v0x56368442f8d0_0 .net *"_ivl_16", 0 0, L_0x56368499f230;  1 drivers
L_0x7f0afcfa5020 .functor BUFT 1, C4<1>, C4<0>, C4<0>, C4<0>;
v0x563684435f50_0 .net/2u *"_ivl_4", 0 0, L_0x7f0afcfa5020;  1 drivers
L_0x7f0afcfa5068 .functor BUFT 1, C4<1>, C4<0>, C4<0>, C4<0>;
v0x563684436120_0 .net/2u *"_ivl_8", 0 0, L_0x7f0afcfa5068;  1 drivers
v0x563684436200_0 .net "awake", 0 0, L_0x56368499eef0;  1 drivers
v0x5636844362c0_0 .net "buf_Q", 0 0, L_0x56368499ed50;  1 drivers
v0x56368443c9a0_0 .net "cond0", 0 0, L_0x56368499f120;  1 drivers
v0x56368443ca60_0 .net "cond1", 0 0, L_0x56368499f320;  1 drivers
v0x56368443cb20_0 .var "notifier", 0 0;
L_0x56368499eef0 .cmp/eeq 1, L_0x5636840d19a0, L_0x7f0afcfa5020;
L_0x56368499efe0 .cmp/eeq 1, o0x7f0afd4517b8, L_0x7f0afcfa5068;
L_0x56368499f230 .cmp/eeq 1, o0x7f0afd451788, L_0x7f0afcfa50b0;
S_0x563683f84120 .scope module, "sky130_fd_sc_hd__dlrtn_1" "sky130_fd_sc_hd__dlrtn_1" 2 54617;
 .timescale -9 -12;
    .port_info 0 /OUTPUT 1 "Q";
    .port_info 1 /INPUT 1 "RESET_B";
    .port_info 2 /INPUT 1 "D";
    .port_info 3 /INPUT 1 "GATE_N";
o0x7f0afd451cc8 .functor BUFZ 1, C4<z>; HiZ drive
L_0x56368499f5a0 .functor NOT 1, o0x7f0afd451cc8, C4<0>, C4<0>, C4<0>;
o0x7f0afd451c08 .functor BUFZ 1, C4<z>; HiZ drive
L_0x56368499f670 .functor NOT 1, o0x7f0afd451c08, C4<0>, C4<0>, C4<0>;
o0x7f0afd451ba8 .functor BUFZ 1, C4<z>; HiZ drive
L_0x5636840d2600 .functor BUFT 1, C8<771>, C4<0>, C4<0>, C4<0>;
L_0x5636840d1580 .functor BUFT 1, C8<770>, C4<0>, C4<0>, C4<0>;
L_0x56368499f780 .udp UDP_sky130_fd_sc_hd__udp_dlatch$PR_pp$PG$N, o0x7f0afd451ba8, L_0x56368499f670, L_0x56368499f5a0, v0x5636844553f0_0, L_0x5636840d2600, L_0x5636840d1580;
L_0x56368499fb40 .functor AND 1, L_0x56368499f910, L_0x56368499fa00, C4<1>, C4<1>;
L_0x56368499fd90 .functor AND 1, L_0x56368499f910, L_0x56368499fca0, C4<1>, C4<1>;
L_0x56368499fe50 .functor BUF 1, L_0x56368499f780, C4<0>, C4<0>, C4<0>;
o0x7f0afd451b78 .functor BUFZ 1, C4<z>; HiZ drive
v0x56368443cc80_0 .net "D", 0 0, o0x7f0afd451b78;  0 drivers
v0x56368443cd60_0 .net "D_delayed", 0 0, o0x7f0afd451ba8;  0 drivers
o0x7f0afd451bd8 .functor BUFZ 1, C4<z>; HiZ drive
v0x563684442eb0_0 .net "GATE_N", 0 0, o0x7f0afd451bd8;  0 drivers
v0x563684442f50_0 .net "GATE_N_delayed", 0 0, o0x7f0afd451c08;  0 drivers
v0x563684443010_0 .net "Q", 0 0, L_0x56368499fe50;  1 drivers
v0x5636844430d0_0 .net "RESET", 0 0, L_0x56368499f5a0;  1 drivers
o0x7f0afd451c98 .functor BUFZ 1, C4<z>; HiZ drive
v0x563684443190_0 .net "RESET_B", 0 0, o0x7f0afd451c98;  0 drivers
v0x563684443250_0 .net "RESET_B_delayed", 0 0, o0x7f0afd451cc8;  0 drivers
v0x563684448f70_0 .net8 "VGND", 0 0, L_0x5636840d1580;  1 drivers, strength-aware
L_0x5636840d2090 .functor BUFT 1, C8<770>, C4<0>, C4<0>, C4<0>;
v0x563684449030_0 .net8 "VNB", 0 0, L_0x5636840d2090;  1 drivers, strength-aware
L_0x5636840d1ec0 .functor BUFT 1, C8<771>, C4<0>, C4<0>, C4<0>;
v0x5636844490f0_0 .net8 "VPB", 0 0, L_0x5636840d1ec0;  1 drivers, strength-aware
v0x5636844491b0_0 .net8 "VPWR", 0 0, L_0x5636840d2600;  1 drivers, strength-aware
v0x563684449270_0 .net *"_ivl_10", 0 0, L_0x56368499fa00;  1 drivers
L_0x7f0afcfa5188 .functor BUFT 1, C4<1>, C4<0>, C4<0>, C4<0>;
v0x563684449330_0 .net/2u *"_ivl_14", 0 0, L_0x7f0afcfa5188;  1 drivers
v0x56368444f030_0 .net *"_ivl_16", 0 0, L_0x56368499fca0;  1 drivers
L_0x7f0afcfa50f8 .functor BUFT 1, C4<1>, C4<0>, C4<0>, C4<0>;
v0x56368444f0d0_0 .net/2u *"_ivl_4", 0 0, L_0x7f0afcfa50f8;  1 drivers
L_0x7f0afcfa5140 .functor BUFT 1, C4<1>, C4<0>, C4<0>, C4<0>;
v0x56368444f1b0_0 .net/2u *"_ivl_8", 0 0, L_0x7f0afcfa5140;  1 drivers
v0x56368444f3a0_0 .net "awake", 0 0, L_0x56368499f910;  1 drivers
v0x5636844550f0_0 .net "buf_Q", 0 0, L_0x56368499f780;  1 drivers
v0x5636844551b0_0 .net "cond0", 0 0, L_0x56368499fb40;  1 drivers
v0x563684455270_0 .net "cond1", 0 0, L_0x56368499fd90;  1 drivers
v0x563684455330_0 .net "intgate", 0 0, L_0x56368499f670;  1 drivers
v0x5636844553f0_0 .var "notifier", 0 0;
L_0x56368499f910 .cmp/eeq 1, L_0x5636840d2600, L_0x7f0afcfa50f8;
L_0x56368499fa00 .cmp/eeq 1, o0x7f0afd451cc8, L_0x7f0afcfa5140;
L_0x56368499fca0 .cmp/eeq 1, o0x7f0afd451c98, L_0x7f0afcfa5188;
S_0x563683f84320 .scope module, "sky130_fd_sc_hd__dlrtn_2" "sky130_fd_sc_hd__dlrtn_2" 2 54987;
 .timescale -9 -12;
    .port_info 0 /OUTPUT 1 "Q";
    .port_info 1 /INPUT 1 "RESET_B";
    .port_info 2 /INPUT 1 "D";
    .port_info 3 /INPUT 1 "GATE_N";
o0x7f0afd4521d8 .functor BUFZ 1, C4<z>; HiZ drive
L_0x56368499ff70 .functor NOT 1, o0x7f0afd4521d8, C4<0>, C4<0>, C4<0>;
o0x7f0afd452118 .functor BUFZ 1, C4<z>; HiZ drive
L_0x5636849a0010 .functor NOT 1, o0x7f0afd452118, C4<0>, C4<0>, C4<0>;
o0x7f0afd4520b8 .functor BUFZ 1, C4<z>; HiZ drive
L_0x5636840d2f10 .functor BUFT 1, C8<771>, C4<0>, C4<0>, C4<0>;
L_0x5636840d29a0 .functor BUFT 1, C8<770>, C4<0>, C4<0>, C4<0>;
L_0x5636849a00e0 .udp UDP_sky130_fd_sc_hd__udp_dlatch$PR_pp$PG$N, o0x7f0afd4520b8, L_0x5636849a0010, L_0x56368499ff70, v0x5636844747d0_0, L_0x5636840d2f10, L_0x5636840d29a0;
L_0x5636849a04d0 .functor AND 1, L_0x5636849a02a0, L_0x5636849a0390, C4<1>, C4<1>;
L_0x5636849a06d0 .functor AND 1, L_0x5636849a02a0, L_0x5636849a05e0, C4<1>, C4<1>;
L_0x5636849a0790 .functor BUF 1, L_0x5636849a00e0, C4<0>, C4<0>, C4<0>;
o0x7f0afd452088 .functor BUFZ 1, C4<z>; HiZ drive
v0x56368445bb40_0 .net "D", 0 0, o0x7f0afd452088;  0 drivers
v0x56368445bc20_0 .net "D_delayed", 0 0, o0x7f0afd4520b8;  0 drivers
o0x7f0afd4520e8 .functor BUFZ 1, C4<z>; HiZ drive
v0x56368445bce0_0 .net "GATE_N", 0 0, o0x7f0afd4520e8;  0 drivers
v0x56368445bd80_0 .net "GATE_N_delayed", 0 0, o0x7f0afd452118;  0 drivers
v0x56368445be40_0 .net "Q", 0 0, L_0x5636849a0790;  1 drivers
v0x56368445bf00_0 .net "RESET", 0 0, L_0x56368499ff70;  1 drivers
o0x7f0afd4521a8 .functor BUFZ 1, C4<z>; HiZ drive
v0x563684462590_0 .net "RESET_B", 0 0, o0x7f0afd4521a8;  0 drivers
v0x563684462650_0 .net "RESET_B_delayed", 0 0, o0x7f0afd4521d8;  0 drivers
v0x563684462710_0 .net8 "VGND", 0 0, L_0x5636840d29a0;  1 drivers, strength-aware
L_0x5636840d2b70 .functor BUFT 1, C8<770>, C4<0>, C4<0>, C4<0>;
v0x5636844627d0_0 .net8 "VNB", 0 0, L_0x5636840d2b70;  1 drivers, strength-aware
L_0x5636840d2d40 .functor BUFT 1, C8<771>, C4<0>, C4<0>, C4<0>;
v0x563684462890_0 .net8 "VPB", 0 0, L_0x5636840d2d40;  1 drivers, strength-aware
v0x563684462950_0 .net8 "VPWR", 0 0, L_0x5636840d2f10;  1 drivers, strength-aware
v0x563684468650_0 .net *"_ivl_10", 0 0, L_0x5636849a0390;  1 drivers
L_0x7f0afcfa5260 .functor BUFT 1, C4<1>, C4<0>, C4<0>, C4<0>;
v0x563684468710_0 .net/2u *"_ivl_14", 0 0, L_0x7f0afcfa5260;  1 drivers
v0x5636844687f0_0 .net *"_ivl_16", 0 0, L_0x5636849a05e0;  1 drivers
L_0x7f0afcfa51d0 .functor BUFT 1, C4<1>, C4<0>, C4<0>, C4<0>;
v0x5636844688b0_0 .net/2u *"_ivl_4", 0 0, L_0x7f0afcfa51d0;  1 drivers
L_0x7f0afcfa5218 .functor BUFT 1, C4<1>, C4<0>, C4<0>, C4<0>;
v0x563684468990_0 .net/2u *"_ivl_8", 0 0, L_0x7f0afcfa5218;  1 drivers
v0x56368446e860_0 .net "awake", 0 0, L_0x5636849a02a0;  1 drivers
v0x56368446e920_0 .net "buf_Q", 0 0, L_0x5636849a00e0;  1 drivers
v0x56368446e9e0_0 .net "cond0", 0 0, L_0x5636849a04d0;  1 drivers
v0x56368446eaa0_0 .net "cond1", 0 0, L_0x5636849a06d0;  1 drivers
v0x563684468a30_0 .net "intgate", 0 0, L_0x5636849a0010;  1 drivers
v0x5636844747d0_0 .var "notifier", 0 0;
L_0x5636849a02a0 .cmp/eeq 1, L_0x5636840d2f10, L_0x7f0afcfa51d0;
L_0x5636849a0390 .cmp/eeq 1, o0x7f0afd4521d8, L_0x7f0afcfa5218;
L_0x5636849a05e0 .cmp/eeq 1, o0x7f0afd4521a8, L_0x7f0afcfa5260;
S_0x563683ebaa40 .scope module, "sky130_fd_sc_hd__dlrtn_4" "sky130_fd_sc_hd__dlrtn_4" 2 55357;
 .timescale -9 -12;
    .port_info 0 /OUTPUT 1 "Q";
    .port_info 1 /INPUT 1 "RESET_B";
    .port_info 2 /INPUT 1 "D";
    .port_info 3 /INPUT 1 "GATE_N";
o0x7f0afd4526e8 .functor BUFZ 1, C4<z>; HiZ drive
L_0x5636849a08b0 .functor NOT 1, o0x7f0afd4526e8, C4<0>, C4<0>, C4<0>;
o0x7f0afd452628 .functor BUFZ 1, C4<z>; HiZ drive
L_0x5636849a0950 .functor NOT 1, o0x7f0afd452628, C4<0>, C4<0>, C4<0>;
o0x7f0afd4525c8 .functor BUFZ 1, C4<z>; HiZ drive
L_0x5636840c97a0 .functor BUFT 1, C8<771>, C4<0>, C4<0>, C4<0>;
L_0x5636840c8f50 .functor BUFT 1, C8<770>, C4<0>, C4<0>, C4<0>;
L_0x5636849a0a60 .udp UDP_sky130_fd_sc_hd__udp_dlatch$PR_pp$PG$N, o0x7f0afd4525c8, L_0x5636849a0950, L_0x5636849a08b0, v0x563684487f90_0, L_0x5636840c97a0, L_0x5636840c8f50;
L_0x5636849a0e20 .functor AND 1, L_0x5636849a0bf0, L_0x5636849a0ce0, C4<1>, C4<1>;
L_0x5636849a1070 .functor AND 1, L_0x5636849a0bf0, L_0x5636849a0f80, C4<1>, C4<1>;
L_0x5636849a1130 .functor BUF 1, L_0x5636849a0a60, C4<0>, C4<0>, C4<0>;
o0x7f0afd452598 .functor BUFZ 1, C4<z>; HiZ drive
v0x5636844748f0_0 .net "D", 0 0, o0x7f0afd452598;  0 drivers
v0x5636844749d0_0 .net "D_delayed", 0 0, o0x7f0afd4525c8;  0 drivers
o0x7f0afd4525f8 .functor BUFZ 1, C4<z>; HiZ drive
v0x563684474a90_0 .net "GATE_N", 0 0, o0x7f0afd4525f8;  0 drivers
v0x563684474b30_0 .net "GATE_N_delayed", 0 0, o0x7f0afd452628;  0 drivers
v0x563684474bf0_0 .net "Q", 0 0, L_0x5636849a1130;  1 drivers
v0x563684479950_0 .net "RESET", 0 0, L_0x5636849a08b0;  1 drivers
o0x7f0afd4526b8 .functor BUFZ 1, C4<z>; HiZ drive
v0x5636844799f0_0 .net "RESET_B", 0 0, o0x7f0afd4526b8;  0 drivers
v0x563684479ab0_0 .net "RESET_B_delayed", 0 0, o0x7f0afd4526e8;  0 drivers
v0x563684479b70_0 .net8 "VGND", 0 0, L_0x5636840c8f50;  1 drivers, strength-aware
L_0x5636840c8b30 .functor BUFT 1, C8<770>, C4<0>, C4<0>, C4<0>;
v0x563684479c30_0 .net8 "VNB", 0 0, L_0x5636840c8b30;  1 drivers, strength-aware
L_0x5636840c8c90 .functor BUFT 1, C8<771>, C4<0>, C4<0>, C4<0>;
v0x563684479cf0_0 .net8 "VPB", 0 0, L_0x5636840c8c90;  1 drivers, strength-aware
v0x56368447ead0_0 .net8 "VPWR", 0 0, L_0x5636840c97a0;  1 drivers, strength-aware
v0x56368447eb90_0 .net *"_ivl_10", 0 0, L_0x5636849a0ce0;  1 drivers
L_0x7f0afcfa5338 .functor BUFT 1, C4<1>, C4<0>, C4<0>, C4<0>;
v0x56368447ec50_0 .net/2u *"_ivl_14", 0 0, L_0x7f0afcfa5338;  1 drivers
v0x56368447ed30_0 .net *"_ivl_16", 0 0, L_0x5636849a0f80;  1 drivers
L_0x7f0afcfa52a8 .functor BUFT 1, C4<1>, C4<0>, C4<0>, C4<0>;
v0x56368447edf0_0 .net/2u *"_ivl_4", 0 0, L_0x7f0afcfa52a8;  1 drivers
L_0x7f0afcfa52f0 .functor BUFT 1, C4<1>, C4<0>, C4<0>, C4<0>;
v0x56368447eed0_0 .net/2u *"_ivl_8", 0 0, L_0x7f0afcfa52f0;  1 drivers
v0x563684483600_0 .net "awake", 0 0, L_0x5636849a0bf0;  1 drivers
v0x5636844836c0_0 .net "buf_Q", 0 0, L_0x5636849a0a60;  1 drivers
v0x563684483780_0 .net "cond0", 0 0, L_0x5636849a0e20;  1 drivers
v0x563684483840_0 .net "cond1", 0 0, L_0x5636849a1070;  1 drivers
v0x563684487ed0_0 .net "intgate", 0 0, L_0x5636849a0950;  1 drivers
v0x563684487f90_0 .var "notifier", 0 0;
L_0x5636849a0bf0 .cmp/eeq 1, L_0x5636840c97a0, L_0x7f0afcfa52a8;
L_0x5636849a0ce0 .cmp/eeq 1, o0x7f0afd4526e8, L_0x7f0afcfa52f0;
L_0x5636849a0f80 .cmp/eeq 1, o0x7f0afd4526b8, L_0x7f0afcfa5338;
S_0x563683ebac40 .scope module, "sky130_fd_sc_hd__dlrtp_1" "sky130_fd_sc_hd__dlrtp_1" 2 55726;
 .timescale -9 -12;
    .port_info 0 /OUTPUT 1 "Q";
    .port_info 1 /INPUT 1 "RESET_B";
    .port_info 2 /INPUT 1 "D";
    .port_info 3 /INPUT 1 "GATE";
o0x7f0afd452bf8 .functor BUFZ 1, C4<z>; HiZ drive
L_0x5636849a1250 .functor NOT 1, o0x7f0afd452bf8, C4<0>, C4<0>, C4<0>;
o0x7f0afd452ad8 .functor BUFZ 1, C4<z>; HiZ drive
o0x7f0afd452b38 .functor BUFZ 1, C4<z>; HiZ drive
L_0x5636840ca280 .functor BUFT 1, C8<771>, C4<0>, C4<0>, C4<0>;
L_0x5636840c9b40 .functor BUFT 1, C8<770>, C4<0>, C4<0>, C4<0>;
L_0x5636849a12f0 .udp UDP_sky130_fd_sc_hd__udp_dlatch$PR_pp$PG$N, o0x7f0afd452ad8, o0x7f0afd452b38, L_0x5636849a1250, v0x56368449a100_0, L_0x5636840ca280, L_0x5636840c9b40;
L_0x5636849a16c0 .functor AND 1, L_0x5636849a1490, L_0x5636849a1580, C4<1>, C4<1>;
L_0x5636849a18c0 .functor AND 1, L_0x5636849a1490, L_0x5636849a17d0, C4<1>, C4<1>;
L_0x5636849a19b0 .functor BUF 1, L_0x5636849a12f0, C4<0>, C4<0>, C4<0>;
o0x7f0afd452aa8 .functor BUFZ 1, C4<z>; HiZ drive
v0x5636844880d0_0 .net "D", 0 0, o0x7f0afd452aa8;  0 drivers
v0x5636844881b0_0 .net "D_delayed", 0 0, o0x7f0afd452ad8;  0 drivers
o0x7f0afd452b08 .functor BUFZ 1, C4<z>; HiZ drive
v0x563684488270_0 .net "GATE", 0 0, o0x7f0afd452b08;  0 drivers
v0x56368448c8d0_0 .net "GATE_delayed", 0 0, o0x7f0afd452b38;  0 drivers
v0x56368448c990_0 .net "Q", 0 0, L_0x5636849a19b0;  1 drivers
v0x56368448ca50_0 .net "RESET", 0 0, L_0x5636849a1250;  1 drivers
o0x7f0afd452bc8 .functor BUFZ 1, C4<z>; HiZ drive
v0x56368448cb10_0 .net "RESET_B", 0 0, o0x7f0afd452bc8;  0 drivers
v0x56368448cbd0_0 .net "RESET_B_delayed", 0 0, o0x7f0afd452bf8;  0 drivers
v0x56368448cc90_0 .net8 "VGND", 0 0, L_0x5636840c9b40;  1 drivers, strength-aware
L_0x5636840c9d10 .functor BUFT 1, C8<770>, C4<0>, C4<0>, C4<0>;
v0x563684491060_0 .net8 "VNB", 0 0, L_0x5636840c9d10;  1 drivers, strength-aware
L_0x5636840ca0b0 .functor BUFT 1, C8<771>, C4<0>, C4<0>, C4<0>;
v0x563684491120_0 .net8 "VPB", 0 0, L_0x5636840ca0b0;  1 drivers, strength-aware
v0x5636844911e0_0 .net8 "VPWR", 0 0, L_0x5636840ca280;  1 drivers, strength-aware
v0x5636844912a0_0 .net *"_ivl_10", 0 0, L_0x5636849a1580;  1 drivers
L_0x7f0afcfa5410 .functor BUFT 1, C4<1>, C4<0>, C4<0>, C4<0>;
v0x563684491360_0 .net/2u *"_ivl_14", 0 0, L_0x7f0afcfa5410;  1 drivers
v0x563684491440_0 .net *"_ivl_16", 0 0, L_0x5636849a17d0;  1 drivers
L_0x7f0afcfa5380 .functor BUFT 1, C4<1>, C4<0>, C4<0>, C4<0>;
v0x5636844957f0_0 .net/2u *"_ivl_4", 0 0, L_0x7f0afcfa5380;  1 drivers
L_0x7f0afcfa53c8 .functor BUFT 1, C4<1>, C4<0>, C4<0>, C4<0>;
v0x5636844958b0_0 .net/2u *"_ivl_8", 0 0, L_0x7f0afcfa53c8;  1 drivers
v0x563684495aa0_0 .net "awake", 0 0, L_0x5636849a1490;  1 drivers
v0x563684495b60_0 .net "buf_Q", 0 0, L_0x5636849a12f0;  1 drivers
v0x563684499f80_0 .net "cond0", 0 0, L_0x5636849a16c0;  1 drivers
v0x56368449a040_0 .net "cond1", 0 0, L_0x5636849a18c0;  1 drivers
v0x56368449a100_0 .var "notifier", 0 0;
L_0x5636849a1490 .cmp/eeq 1, L_0x5636840ca280, L_0x7f0afcfa5380;
L_0x5636849a1580 .cmp/eeq 1, o0x7f0afd452bf8, L_0x7f0afcfa53c8;
L_0x5636849a17d0 .cmp/eeq 1, o0x7f0afd452bc8, L_0x7f0afcfa5410;
S_0x563683ebf150 .scope module, "sky130_fd_sc_hd__dlrtp_2" "sky130_fd_sc_hd__dlrtp_2" 2 56093;
 .timescale -9 -12;
    .port_info 0 /OUTPUT 1 "Q";
    .port_info 1 /INPUT 1 "RESET_B";
    .port_info 2 /INPUT 1 "D";
    .port_info 3 /INPUT 1 "GATE";
o0x7f0afd4530d8 .functor BUFZ 1, C4<z>; HiZ drive
L_0x5636849a1a70 .functor NOT 1, o0x7f0afd4530d8, C4<0>, C4<0>, C4<0>;
o0x7f0afd452fb8 .functor BUFZ 1, C4<z>; HiZ drive
o0x7f0afd453018 .functor BUFZ 1, C4<z>; HiZ drive
L_0x5636840c0280 .functor BUFT 1, C8<771>, C4<0>, C4<0>, C4<0>;
L_0x5636840ca450 .functor BUFT 1, C8<770>, C4<0>, C4<0>, C4<0>;
L_0x5636849a1b10 .udp UDP_sky130_fd_sc_hd__udp_dlatch$PR_pp$PG$N, o0x7f0afd452fb8, o0x7f0afd453018, L_0x5636849a1a70, v0x5636844b0ee0_0, L_0x5636840c0280, L_0x5636840ca450;
L_0x5636849a1f70 .functor AND 1, L_0x5636849a1d40, L_0x5636849a1e30, C4<1>, C4<1>;
L_0x5636849a2170 .functor AND 1, L_0x5636849a1d40, L_0x5636849a2080, C4<1>, C4<1>;
L_0x5636849a2280 .functor BUF 1, L_0x5636849a1b10, C4<0>, C4<0>, C4<0>;
o0x7f0afd452f88 .functor BUFZ 1, C4<z>; HiZ drive
v0x56368449a240_0 .net "D", 0 0, o0x7f0afd452f88;  0 drivers
v0x56368449a320_0 .net "D_delayed", 0 0, o0x7f0afd452fb8;  0 drivers
o0x7f0afd452fe8 .functor BUFZ 1, C4<z>; HiZ drive
v0x56368449fe80_0 .net "GATE", 0 0, o0x7f0afd452fe8;  0 drivers
v0x56368449ff20_0 .net "GATE_delayed", 0 0, o0x7f0afd453018;  0 drivers
v0x56368449ffe0_0 .net "Q", 0 0, L_0x5636849a2280;  1 drivers
v0x5636844a00a0_0 .net "RESET", 0 0, L_0x5636849a1a70;  1 drivers
o0x7f0afd4530a8 .functor BUFZ 1, C4<z>; HiZ drive
v0x5636844a0160_0 .net "RESET_B", 0 0, o0x7f0afd4530a8;  0 drivers
v0x5636844a0220_0 .net "RESET_B_delayed", 0 0, o0x7f0afd4530d8;  0 drivers
v0x5636844a5d80_0 .net8 "VGND", 0 0, L_0x5636840ca450;  1 drivers, strength-aware
L_0x5636840c0540 .functor BUFT 1, C8<770>, C4<0>, C4<0>, C4<0>;
v0x5636844a5e40_0 .net8 "VNB", 0 0, L_0x5636840c0540;  1 drivers, strength-aware
L_0x5636840c06a0 .functor BUFT 1, C8<771>, C4<0>, C4<0>, C4<0>;
v0x5636844a5f00_0 .net8 "VPB", 0 0, L_0x5636840c06a0;  1 drivers, strength-aware
v0x5636844a5fc0_0 .net8 "VPWR", 0 0, L_0x5636840c0280;  1 drivers, strength-aware
v0x5636844a6080_0 .net *"_ivl_10", 0 0, L_0x5636849a1e30;  1 drivers
L_0x7f0afcfa54e8 .functor BUFT 1, C4<1>, C4<0>, C4<0>, C4<0>;
v0x5636844a6140_0 .net/2u *"_ivl_14", 0 0, L_0x7f0afcfa54e8;  1 drivers
v0x5636844ab510_0 .net *"_ivl_16", 0 0, L_0x5636849a2080;  1 drivers
L_0x7f0afcfa5458 .functor BUFT 1, C4<1>, C4<0>, C4<0>, C4<0>;
v0x5636844ab5b0_0 .net/2u *"_ivl_4", 0 0, L_0x7f0afcfa5458;  1 drivers
L_0x7f0afcfa54a0 .functor BUFT 1, C4<1>, C4<0>, C4<0>, C4<0>;
v0x5636844ab690_0 .net/2u *"_ivl_8", 0 0, L_0x7f0afcfa54a0;  1 drivers
v0x5636844ab880_0 .net "awake", 0 0, L_0x5636849a1d40;  1 drivers
v0x5636844b0ca0_0 .net "buf_Q", 0 0, L_0x5636849a1b10;  1 drivers
v0x5636844b0d60_0 .net "cond0", 0 0, L_0x5636849a1f70;  1 drivers
v0x5636844b0e20_0 .net "cond1", 0 0, L_0x5636849a2170;  1 drivers
v0x5636844b0ee0_0 .var "notifier", 0 0;
L_0x5636849a1d40 .cmp/eeq 1, L_0x5636840c0280, L_0x7f0afcfa5458;
L_0x5636849a1e30 .cmp/eeq 1, o0x7f0afd4530d8, L_0x7f0afcfa54a0;
L_0x5636849a2080 .cmp/eeq 1, o0x7f0afd4530a8, L_0x7f0afcfa54e8;
S_0x563683ebf350 .scope module, "sky130_fd_sc_hd__dlrtp_4" "sky130_fd_sc_hd__dlrtp_4" 2 56460;
 .timescale -9 -12;
    .port_info 0 /OUTPUT 1 "Q";
    .port_info 1 /INPUT 1 "RESET_B";
    .port_info 2 /INPUT 1 "D";
    .port_info 3 /INPUT 1 "GATE";
o0x7f0afd4535b8 .functor BUFZ 1, C4<z>; HiZ drive
L_0x5636849a2340 .functor NOT 1, o0x7f0afd4535b8, C4<0>, C4<0>, C4<0>;
o0x7f0afd453498 .functor BUFZ 1, C4<z>; HiZ drive
o0x7f0afd4534f8 .functor BUFZ 1, C4<z>; HiZ drive
L_0x5636840c1270 .functor BUFT 1, C8<771>, C4<0>, C4<0>, C4<0>;
L_0x5636840c0b30 .functor BUFT 1, C8<770>, C4<0>, C4<0>, C4<0>;
L_0x5636849a23e0 .udp UDP_sky130_fd_sc_hd__udp_dlatch$PR_pp$PG$N, o0x7f0afd453498, o0x7f0afd4534f8, L_0x5636849a2340, v0x5636844b8bf0_0, L_0x5636840c1270, L_0x5636840c0b30;
L_0x5636849a2800 .functor AND 1, L_0x5636849a25d0, L_0x5636849a26c0, C4<1>, C4<1>;
L_0x5636849a2a00 .functor AND 1, L_0x5636849a25d0, L_0x5636849a2910, C4<1>, C4<1>;
L_0x5636849a2af0 .functor BUF 1, L_0x5636849a23e0, C4<0>, C4<0>, C4<0>;
o0x7f0afd453468 .functor BUFZ 1, C4<z>; HiZ drive
v0x5636844b1020_0 .net "D", 0 0, o0x7f0afd453468;  0 drivers
v0x5636844b6430_0 .net "D_delayed", 0 0, o0x7f0afd453498;  0 drivers
o0x7f0afd4534c8 .functor BUFZ 1, C4<z>; HiZ drive
v0x5636844b64f0_0 .net "GATE", 0 0, o0x7f0afd4534c8;  0 drivers
v0x5636844b6590_0 .net "GATE_delayed", 0 0, o0x7f0afd4534f8;  0 drivers
v0x5636844b6650_0 .net "Q", 0 0, L_0x5636849a2af0;  1 drivers
v0x5636844b6710_0 .net "RESET", 0 0, L_0x5636849a2340;  1 drivers
o0x7f0afd453588 .functor BUFZ 1, C4<z>; HiZ drive
v0x5636844b67d0_0 .net "RESET_B", 0 0, o0x7f0afd453588;  0 drivers
v0x5636844b6ff0_0 .net "RESET_B_delayed", 0 0, o0x7f0afd4535b8;  0 drivers
v0x5636844b70b0_0 .net8 "VGND", 0 0, L_0x5636840c0b30;  1 drivers, strength-aware
L_0x5636840c0ed0 .functor BUFT 1, C8<770>, C4<0>, C4<0>, C4<0>;
v0x5636844b7170_0 .net8 "VNB", 0 0, L_0x5636840c0ed0;  1 drivers, strength-aware
L_0x5636840c0960 .functor BUFT 1, C8<771>, C4<0>, C4<0>, C4<0>;
v0x5636844b7230_0 .net8 "VPB", 0 0, L_0x5636840c0960;  1 drivers, strength-aware
v0x5636844b72f0_0 .net8 "VPWR", 0 0, L_0x5636840c1270;  1 drivers, strength-aware
v0x5636844b73b0_0 .net *"_ivl_10", 0 0, L_0x5636849a26c0;  1 drivers
L_0x7f0afcfa55c0 .functor BUFT 1, C4<1>, C4<0>, C4<0>, C4<0>;
v0x5636844b7c70_0 .net/2u *"_ivl_14", 0 0, L_0x7f0afcfa55c0;  1 drivers
v0x5636844b7d50_0 .net *"_ivl_16", 0 0, L_0x5636849a2910;  1 drivers
L_0x7f0afcfa5530 .functor BUFT 1, C4<1>, C4<0>, C4<0>, C4<0>;
v0x5636844b7e10_0 .net/2u *"_ivl_4", 0 0, L_0x7f0afcfa5530;  1 drivers
L_0x7f0afcfa5578 .functor BUFT 1, C4<1>, C4<0>, C4<0>, C4<0>;
v0x5636844b7ef0_0 .net/2u *"_ivl_8", 0 0, L_0x7f0afcfa5578;  1 drivers
v0x5636844b88f0_0 .net "awake", 0 0, L_0x5636849a25d0;  1 drivers
v0x5636844b89b0_0 .net "buf_Q", 0 0, L_0x5636849a23e0;  1 drivers
v0x5636844b8a70_0 .net "cond0", 0 0, L_0x5636849a2800;  1 drivers
v0x5636844b8b30_0 .net "cond1", 0 0, L_0x5636849a2a00;  1 drivers
v0x5636844b8bf0_0 .var "notifier", 0 0;
L_0x5636849a25d0 .cmp/eeq 1, L_0x5636840c1270, L_0x7f0afcfa5530;
L_0x5636849a26c0 .cmp/eeq 1, o0x7f0afd4535b8, L_0x7f0afcfa5578;
L_0x5636849a2910 .cmp/eeq 1, o0x7f0afd453588, L_0x7f0afcfa55c0;
S_0x563683ec3860 .scope module, "sky130_fd_sc_hd__dlxbn_1" "sky130_fd_sc_hd__dlxbn_1" 2 56817;
 .timescale -9 -12;
    .port_info 0 /OUTPUT 1 "Q";
    .port_info 1 /OUTPUT 1 "Q_N";
    .port_info 2 /INPUT 1 "D";
    .port_info 3 /INPUT 1 "GATE_N";
o0x7f0afd453a08 .functor BUFZ 1, C4<z>; HiZ drive
L_0x5636849a2bb0 .functor NOT 1, o0x7f0afd453a08, C4<0>, C4<0>, C4<0>;
o0x7f0afd453978 .functor BUFZ 1, C4<z>; HiZ drive
L_0x5636840c1d50 .functor BUFT 1, C8<771>, C4<0>, C4<0>, C4<0>;
L_0x5636840c1610 .functor BUFT 1, C8<770>, C4<0>, C4<0>, C4<0>;
L_0x5636849a2c50 .udp UDP_sky130_fd_sc_hd__udp_dlatch$P_pp$PG$N, o0x7f0afd453978, L_0x5636849a2bb0, v0x5636844bca10_0, L_0x5636840c1d50, L_0x5636840c1610;
L_0x5636849b30d0 .functor BUF 1, L_0x5636849a2c50, C4<0>, C4<0>, C4<0>;
L_0x5636849b3190 .functor NOT 1, L_0x5636849a2c50, C4<0>, C4<0>, C4<0>;
o0x7f0afd453948 .functor BUFZ 1, C4<z>; HiZ drive
v0x5636844b9570_0 .net "D", 0 0, o0x7f0afd453948;  0 drivers
v0x5636844b9650_0 .net "D_delayed", 0 0, o0x7f0afd453978;  0 drivers
v0x5636844b9710_0 .net "GATE", 0 0, L_0x5636849a2bb0;  1 drivers
o0x7f0afd4539d8 .functor BUFZ 1, C4<z>; HiZ drive
v0x5636844b97b0_0 .net "GATE_N", 0 0, o0x7f0afd4539d8;  0 drivers
v0x5636844b9870_0 .net "GATE_N_delayed", 0 0, o0x7f0afd453a08;  0 drivers
v0x5636844b9930_0 .net "Q", 0 0, L_0x5636849b30d0;  1 drivers
v0x5636844ba1f0_0 .net "Q_N", 0 0, L_0x5636849b3190;  1 drivers
v0x5636844ba2b0_0 .net8 "VGND", 0 0, L_0x5636840c1610;  1 drivers, strength-aware
L_0x5636840c19b0 .functor BUFT 1, C8<770>, C4<0>, C4<0>, C4<0>;
v0x5636844ba370_0 .net8 "VNB", 0 0, L_0x5636840c19b0;  1 drivers, strength-aware
L_0x5636840c10a0 .functor BUFT 1, C8<771>, C4<0>, C4<0>, C4<0>;
v0x5636844ba430_0 .net8 "VPB", 0 0, L_0x5636840c10a0;  1 drivers, strength-aware
v0x5636844ba4f0_0 .net8 "VPWR", 0 0, L_0x5636840c1d50;  1 drivers, strength-aware
v0x5636844ba5b0_0 .net *"_ivl_4", 31 0, L_0x5636849a2e90;  1 drivers
L_0x7f0afcfa5608 .functor BUFT 1, C4<0000000000000000000000000000000>, C4<0>, C4<0>, C4<0>;
v0x5636844bc6f0_0 .net *"_ivl_7", 30 0, L_0x7f0afcfa5608;  1 drivers
L_0x7f0afcfa5650 .functor BUFT 1, C4<00000000000000000000000000000001>, C4<0>, C4<0>, C4<0>;
v0x5636844bc7b0_0 .net/2u *"_ivl_8", 31 0, L_0x7f0afcfa5650;  1 drivers
v0x5636844bc890_0 .net "awake", 0 0, L_0x5636849b2f90;  1 drivers
v0x5636844bc950_0 .net "buf_Q", 0 0, L_0x5636849a2c50;  1 drivers
v0x5636844bca10_0 .var "notifier", 0 0;
L_0x5636849a2e90 .concat [ 1 31 0 0], L_0x5636840c1d50, L_0x7f0afcfa5608;
L_0x5636849b2f90 .cmp/eeq 32, L_0x5636849a2e90, L_0x7f0afcfa5650;
S_0x563683ec3a60 .scope module, "sky130_fd_sc_hd__dlxbn_2" "sky130_fd_sc_hd__dlxbn_2" 2 57167;
 .timescale -9 -12;
    .port_info 0 /OUTPUT 1 "Q";
    .port_info 1 /OUTPUT 1 "Q_N";
    .port_info 2 /INPUT 1 "D";
    .port_info 3 /INPUT 1 "GATE_N";
o0x7f0afd453df8 .functor BUFZ 1, C4<z>; HiZ drive
L_0x5636849b3250 .functor NOT 1, o0x7f0afd453df8, C4<0>, C4<0>, C4<0>;
o0x7f0afd453d68 .functor BUFZ 1, C4<z>; HiZ drive
L_0x5636840be740 .functor BUFT 1, C8<771>, C4<0>, C4<0>, C4<0>;
L_0x5636840be5e0 .functor BUFT 1, C8<770>, C4<0>, C4<0>, C4<0>;
L_0x5636849b32c0 .udp UDP_sky130_fd_sc_hd__udp_dlatch$P_pp$PG$N, o0x7f0afd453d68, L_0x5636849b3250, v0x5636844c61f0_0, L_0x5636840be740, L_0x5636840be5e0;
L_0x5636849b36b0 .functor BUF 1, L_0x5636849b32c0, C4<0>, C4<0>, C4<0>;
L_0x5636849b3770 .functor NOT 1, L_0x5636849b32c0, C4<0>, C4<0>, C4<0>;
o0x7f0afd453d38 .functor BUFZ 1, C4<z>; HiZ drive
v0x5636844beea0_0 .net "D", 0 0, o0x7f0afd453d38;  0 drivers
v0x5636844bef80_0 .net "D_delayed", 0 0, o0x7f0afd453d68;  0 drivers
v0x5636844bf040_0 .net "GATE", 0 0, L_0x5636849b3250;  1 drivers
o0x7f0afd453dc8 .functor BUFZ 1, C4<z>; HiZ drive
v0x5636844bf0e0_0 .net "GATE_N", 0 0, o0x7f0afd453dc8;  0 drivers
v0x5636844bcab0_0 .net "GATE_N_delayed", 0 0, o0x7f0afd453df8;  0 drivers
v0x5636844c12f0_0 .net "Q", 0 0, L_0x5636849b36b0;  1 drivers
v0x5636844c13b0_0 .net "Q_N", 0 0, L_0x5636849b3770;  1 drivers
v0x5636844c1470_0 .net8 "VGND", 0 0, L_0x5636840be5e0;  1 drivers, strength-aware
L_0x5636840be910 .functor BUFT 1, C8<770>, C4<0>, C4<0>, C4<0>;
v0x5636844c1530_0 .net8 "VNB", 0 0, L_0x5636840be910;  1 drivers, strength-aware
L_0x5636840beae0 .functor BUFT 1, C8<771>, C4<0>, C4<0>, C4<0>;
v0x5636844c15f0_0 .net8 "VPB", 0 0, L_0x5636840beae0;  1 drivers, strength-aware
v0x5636844c16b0_0 .net8 "VPWR", 0 0, L_0x5636840be740;  1 drivers, strength-aware
v0x5636844c5dd0_0 .net *"_ivl_4", 31 0, L_0x5636849b3480;  1 drivers
L_0x7f0afcfa5698 .functor BUFT 1, C4<0000000000000000000000000000000>, C4<0>, C4<0>, C4<0>;
v0x5636844c5eb0_0 .net *"_ivl_7", 30 0, L_0x7f0afcfa5698;  1 drivers
L_0x7f0afcfa56e0 .functor BUFT 1, C4<00000000000000000000000000000001>, C4<0>, C4<0>, C4<0>;
v0x5636844c5f90_0 .net/2u *"_ivl_8", 31 0, L_0x7f0afcfa56e0;  1 drivers
v0x5636844c6070_0 .net "awake", 0 0, L_0x5636849b3570;  1 drivers
v0x5636844c6130_0 .net "buf_Q", 0 0, L_0x5636849b32c0;  1 drivers
v0x5636844c61f0_0 .var "notifier", 0 0;
L_0x5636849b3480 .concat [ 1 31 0 0], L_0x5636840be740, L_0x7f0afcfa5698;
L_0x5636849b3570 .cmp/eeq 32, L_0x5636849b3480, L_0x7f0afcfa56e0;
S_0x563683ec7f70 .scope module, "sky130_fd_sc_hd__dlxbp_1" "sky130_fd_sc_hd__dlxbp_1" 2 57511;
 .timescale -9 -12;
    .port_info 0 /OUTPUT 1 "Q";
    .port_info 1 /OUTPUT 1 "Q_N";
    .port_info 2 /INPUT 1 "D";
    .port_info 3 /INPUT 1 "GATE";
o0x7f0afd454158 .functor BUFZ 1, C4<z>; HiZ drive
o0x7f0afd4541b8 .functor BUFZ 1, C4<z>; HiZ drive
L_0x5636840bc9d0 .functor BUFT 1, C8<771>, C4<0>, C4<0>, C4<0>;
L_0x5636840bc710 .functor BUFT 1, C8<770>, C4<0>, C4<0>, C4<0>;
L_0x5636849b3810 .udp UDP_sky130_fd_sc_hd__udp_dlatch$P_pp$PG$N, o0x7f0afd454158, o0x7f0afd4541b8, v0x5636844d1c70_0, L_0x5636840bc9d0, L_0x5636840bc710;
L_0x5636849b39b0 .functor BUF 1, L_0x5636849b3810, C4<0>, C4<0>, C4<0>;
L_0x5636849b3ab0 .functor NOT 1, L_0x5636849b3810, C4<0>, C4<0>, C4<0>;
o0x7f0afd454128 .functor BUFZ 1, C4<z>; HiZ drive
v0x5636844caa90_0 .net "D", 0 0, o0x7f0afd454128;  0 drivers
v0x5636844cab70_0 .net "D_delayed", 0 0, o0x7f0afd454158;  0 drivers
o0x7f0afd454188 .functor BUFZ 1, C4<z>; HiZ drive
v0x5636844cac30_0 .net "GATE", 0 0, o0x7f0afd454188;  0 drivers
v0x5636844cacd0_0 .net "GATE_delayed", 0 0, o0x7f0afd4541b8;  0 drivers
v0x5636844cf3f0_0 .net "Q", 0 0, L_0x5636849b39b0;  1 drivers
v0x5636844cf4b0_0 .net "Q_N", 0 0, L_0x5636849b3ab0;  1 drivers
v0x5636844cf570_0 .net8 "VGND", 0 0, L_0x5636840bc710;  1 drivers, strength-aware
L_0x5636840bcba0 .functor BUFT 1, C8<770>, C4<0>, C4<0>, C4<0>;
v0x5636844cf630_0 .net8 "VNB", 0 0, L_0x5636840bcba0;  1 drivers, strength-aware
L_0x5636840bcf40 .functor BUFT 1, C8<771>, C4<0>, C4<0>, C4<0>;
v0x5636844cf6f0_0 .net8 "VPB", 0 0, L_0x5636840bcf40;  1 drivers, strength-aware
v0x5636844cf7b0_0 .net8 "VPWR", 0 0, L_0x5636840bc9d0;  1 drivers, strength-aware
L_0x7f0afcfa5728 .functor BUFT 1, C4<1>, C4<0>, C4<0>, C4<0>;
v0x5636844d1a10_0 .net/2u *"_ivl_4", 0 0, L_0x7f0afcfa5728;  1 drivers
v0x5636844d1af0_0 .net "awake", 0 0, L_0x5636849b3b20;  1 drivers
v0x5636844d1bb0_0 .net "buf_Q", 0 0, L_0x5636849b3810;  1 drivers
v0x5636844d1c70_0 .var "notifier", 0 0;
L_0x5636849b3b20 .cmp/eeq 1, L_0x5636840bc9d0, L_0x7f0afcfa5728;
S_0x563683ec8170 .scope module, "sky130_fd_sc_hd__dlxtn_1" "sky130_fd_sc_hd__dlxtn_1" 2 57848;
 .timescale -9 -12;
    .port_info 0 /OUTPUT 1 "Q";
    .port_info 1 /INPUT 1 "D";
    .port_info 2 /INPUT 1 "GATE_N";
o0x7f0afd454548 .functor BUFZ 1, C4<z>; HiZ drive
L_0x5636849b3c10 .functor NOT 1, o0x7f0afd454548, C4<0>, C4<0>, C4<0>;
o0x7f0afd4544b8 .functor BUFZ 1, C4<z>; HiZ drive
L_0x5636840bb000 .functor BUFT 1, C8<771>, C4<0>, C4<0>, C4<0>;
L_0x5636840ba9a0 .functor BUFT 1, C8<770>, C4<0>, C4<0>, C4<0>;
L_0x5636849b3cb0 .udp UDP_sky130_fd_sc_hd__udp_dlatch$P_pp$PG$N, o0x7f0afd4544b8, L_0x5636849b3c10, v0x5636844db0f0_0, L_0x5636840bb000, L_0x5636840ba9a0;
L_0x5636849b3e70 .functor BUF 1, L_0x5636849b3cb0, C4<0>, C4<0>, C4<0>;
o0x7f0afd454488 .functor BUFZ 1, C4<z>; HiZ drive
v0x5636844d1db0_0 .net "D", 0 0, o0x7f0afd454488;  0 drivers
v0x5636844d4010_0 .net "D_delayed", 0 0, o0x7f0afd4544b8;  0 drivers
v0x5636844d40d0_0 .net "GATE", 0 0, L_0x5636849b3c10;  1 drivers
o0x7f0afd454518 .functor BUFZ 1, C4<z>; HiZ drive
v0x5636844d4170_0 .net "GATE_N", 0 0, o0x7f0afd454518;  0 drivers
v0x5636844d4230_0 .net "GATE_N_delayed", 0 0, o0x7f0afd454548;  0 drivers
v0x5636844d42f0_0 .net "Q", 0 0, L_0x5636849b3e70;  1 drivers
v0x5636844d43b0_0 .net8 "VGND", 0 0, L_0x5636840ba9a0;  1 drivers, strength-aware
L_0x5636840bab00 .functor BUFT 1, C8<770>, C4<0>, C4<0>, C4<0>;
v0x5636844d6610_0 .net8 "VNB", 0 0, L_0x5636840bab00;  1 drivers, strength-aware
L_0x5636840bb1d0 .functor BUFT 1, C8<771>, C4<0>, C4<0>, C4<0>;
v0x5636844d66d0_0 .net8 "VPB", 0 0, L_0x5636840bb1d0;  1 drivers, strength-aware
v0x5636844d6790_0 .net8 "VPWR", 0 0, L_0x5636840bb000;  1 drivers, strength-aware
L_0x7f0afcfa5770 .functor BUFT 1, C4<1>, C4<0>, C4<0>, C4<0>;
v0x5636844d6850_0 .net/2u *"_ivl_4", 0 0, L_0x7f0afcfa5770;  1 drivers
v0x5636844d6930_0 .net "awake", 0 0, L_0x5636849b3f30;  1 drivers
v0x5636844d69f0_0 .net "buf_Q", 0 0, L_0x5636849b3cb0;  1 drivers
v0x5636844db0f0_0 .var "notifier", 0 0;
L_0x5636849b3f30 .cmp/eeq 1, L_0x5636840bb000, L_0x7f0afcfa5770;
S_0x563683ecc680 .scope module, "sky130_fd_sc_hd__dlxtn_2" "sky130_fd_sc_hd__dlxtn_2" 2 58182;
 .timescale -9 -12;
    .port_info 0 /OUTPUT 1 "Q";
    .port_info 1 /INPUT 1 "D";
    .port_info 2 /INPUT 1 "GATE_N";
o0x7f0afd454878 .functor BUFZ 1, C4<z>; HiZ drive
L_0x5636849b4020 .functor NOT 1, o0x7f0afd454878, C4<0>, C4<0>, C4<0>;
o0x7f0afd4547e8 .functor BUFZ 1, C4<z>; HiZ drive
L_0x5636840b9290 .functor BUFT 1, C8<771>, C4<0>, C4<0>, C4<0>;
L_0x5636840ba840 .functor BUFT 1, C8<770>, C4<0>, C4<0>, C4<0>;
L_0x5636849b40c0 .udp UDP_sky130_fd_sc_hd__udp_dlatch$P_pp$PG$N, o0x7f0afd4547e8, L_0x5636849b4020, v0x563683daffc0_0, L_0x5636840b9290, L_0x5636840ba840;
L_0x5636849b4300 .functor BUF 1, L_0x5636849b40c0, C4<0>, C4<0>, C4<0>;
o0x7f0afd4547b8 .functor BUFZ 1, C4<z>; HiZ drive
v0x5636844db210_0 .net "D", 0 0, o0x7f0afd4547b8;  0 drivers
v0x5636844db2d0_0 .net "D_delayed", 0 0, o0x7f0afd4547e8;  0 drivers
v0x5636844db390_0 .net "GATE", 0 0, L_0x5636849b4020;  1 drivers
o0x7f0afd454848 .functor BUFZ 1, C4<z>; HiZ drive
v0x5636844db430_0 .net "GATE_N", 0 0, o0x7f0afd454848;  0 drivers
v0x5636844db4f0_0 .net "GATE_N_delayed", 0 0, o0x7f0afd454878;  0 drivers
v0x5636844dfc00_0 .net "Q", 0 0, L_0x5636849b4300;  1 drivers
v0x5636844dfcc0_0 .net8 "VGND", 0 0, L_0x5636840ba840;  1 drivers, strength-aware
L_0x5636840b8d90 .functor BUFT 1, C8<770>, C4<0>, C4<0>, C4<0>;
v0x5636844dfd80_0 .net8 "VNB", 0 0, L_0x5636840b8d90;  1 drivers, strength-aware
L_0x5636840b90c0 .functor BUFT 1, C8<771>, C4<0>, C4<0>, C4<0>;
v0x5636844dfe40_0 .net8 "VPB", 0 0, L_0x5636840b90c0;  1 drivers, strength-aware
v0x5636844dff00_0 .net8 "VPWR", 0 0, L_0x5636840b9290;  1 drivers, strength-aware
L_0x7f0afcfa57b8 .functor BUFT 1, C4<1>, C4<0>, C4<0>, C4<0>;
v0x5636844dffc0_0 .net/2u *"_ivl_4", 0 0, L_0x7f0afcfa57b8;  1 drivers
v0x563683dafe60_0 .net "awake", 0 0, L_0x5636849b43c0;  1 drivers
v0x563683daff00_0 .net "buf_Q", 0 0, L_0x5636849b40c0;  1 drivers
v0x563683daffc0_0 .var "notifier", 0 0;
L_0x5636849b43c0 .cmp/eeq 1, L_0x5636840b9290, L_0x7f0afcfa57b8;
S_0x563683ecc860 .scope module, "sky130_fd_sc_hd__dlxtn_4" "sky130_fd_sc_hd__dlxtn_4" 2 58516;
 .timescale -9 -12;
    .port_info 0 /OUTPUT 1 "Q";
    .port_info 1 /INPUT 1 "D";
    .port_info 2 /INPUT 1 "GATE_N";
o0x7f0afd454ba8 .functor BUFZ 1, C4<z>; HiZ drive
L_0x5636849b44b0 .functor NOT 1, o0x7f0afd454ba8, C4<0>, C4<0>, C4<0>;
o0x7f0afd454b18 .functor BUFZ 1, C4<z>; HiZ drive
L_0x5636840b76b0 .functor BUFT 1, C8<771>, C4<0>, C4<0>, C4<0>;
L_0x5636840b8ad0 .functor BUFT 1, C8<770>, C4<0>, C4<0>, C4<0>;
L_0x5636849b4520 .udp UDP_sky130_fd_sc_hd__udp_dlatch$P_pp$PG$N, o0x7f0afd454b18, L_0x5636849b44b0, v0x563683d982d0_0, L_0x5636840b76b0, L_0x5636840b8ad0;
L_0x5636849b4720 .functor BUF 1, L_0x5636849b4520, C4<0>, C4<0>, C4<0>;
o0x7f0afd454ae8 .functor BUFZ 1, C4<z>; HiZ drive
v0x563683db0100_0 .net "D", 0 0, o0x7f0afd454ae8;  0 drivers
v0x563683db01c0_0 .net "D_delayed", 0 0, o0x7f0afd454b18;  0 drivers
v0x563683db0280_0 .net "GATE", 0 0, L_0x5636849b44b0;  1 drivers
o0x7f0afd454b78 .functor BUFZ 1, C4<z>; HiZ drive
v0x563683d9bbd0_0 .net "GATE_N", 0 0, o0x7f0afd454b78;  0 drivers
v0x563683d9bc90_0 .net "GATE_N_delayed", 0 0, o0x7f0afd454ba8;  0 drivers
v0x563683d9bd50_0 .net "Q", 0 0, L_0x5636849b4720;  1 drivers
v0x563683d9be10_0 .net8 "VGND", 0 0, L_0x5636840b8ad0;  1 drivers, strength-aware
L_0x5636840b6e80 .functor BUFT 1, C8<770>, C4<0>, C4<0>, C4<0>;
v0x563683d9bed0_0 .net8 "VNB", 0 0, L_0x5636840b6e80;  1 drivers, strength-aware
L_0x5636840b7310 .functor BUFT 1, C8<771>, C4<0>, C4<0>, C4<0>;
v0x563683d9bf90_0 .net8 "VPB", 0 0, L_0x5636840b7310;  1 drivers, strength-aware
v0x563683d9c050_0 .net8 "VPWR", 0 0, L_0x5636840b76b0;  1 drivers, strength-aware
L_0x7f0afcfa5800 .functor BUFT 1, C4<1>, C4<0>, C4<0>, C4<0>;
v0x563683d9c110_0 .net/2u *"_ivl_4", 0 0, L_0x7f0afcfa5800;  1 drivers
v0x563683d9c1f0_0 .net "awake", 0 0, L_0x5636849b47e0;  1 drivers
v0x563683d9c2b0_0 .net "buf_Q", 0 0, L_0x5636849b4520;  1 drivers
v0x563683d982d0_0 .var "notifier", 0 0;
L_0x5636849b47e0 .cmp/eeq 1, L_0x5636840b76b0, L_0x7f0afcfa5800;
S_0x563683ed0d90 .scope module, "sky130_fd_sc_hd__dlxtp_1" "sky130_fd_sc_hd__dlxtp_1" 2 58844;
 .timescale -9 -12;
    .port_info 0 /OUTPUT 1 "Q";
    .port_info 1 /INPUT 1 "D";
    .port_info 2 /INPUT 1 "GATE";
o0x7f0afd454e48 .functor BUFZ 1, C4<z>; HiZ drive
o0x7f0afd454ea8 .functor BUFZ 1, C4<z>; HiZ drive
L_0x5636840b5900 .functor BUFT 1, C8<771>, C4<0>, C4<0>, C4<0>;
L_0x5636840b7140 .functor BUFT 1, C8<770>, C4<0>, C4<0>, C4<0>;
L_0x5636849b48d0 .udp UDP_sky130_fd_sc_hd__udp_dlatch$P_pp$PG$N, o0x7f0afd454e48, o0x7f0afd454ea8, v0x563683d98d10_0, L_0x5636840b5900, L_0x5636840b7140;
L_0x5636849b4ab0 .functor BUF 1, L_0x5636849b48d0, C4<0>, C4<0>, C4<0>;
o0x7f0afd454e18 .functor BUFZ 1, C4<z>; HiZ drive
v0x563683d98410_0 .net "D", 0 0, o0x7f0afd454e18;  0 drivers
v0x563683d984d0_0 .net "D_delayed", 0 0, o0x7f0afd454e48;  0 drivers
o0x7f0afd454e78 .functor BUFZ 1, C4<z>; HiZ drive
v0x563683d98590_0 .net "GATE", 0 0, o0x7f0afd454e78;  0 drivers
v0x563683d98630_0 .net "GATE_delayed", 0 0, o0x7f0afd454ea8;  0 drivers
v0x563683d986f0_0 .net "Q", 0 0, L_0x5636849b4ab0;  1 drivers
v0x563683d987b0_0 .net8 "VGND", 0 0, L_0x5636840b7140;  1 drivers, strength-aware
L_0x5636840b50d0 .functor BUFT 1, C8<770>, C4<0>, C4<0>, C4<0>;
v0x563683d98870_0 .net8 "VNB", 0 0, L_0x5636840b50d0;  1 drivers, strength-aware
L_0x5636840b5230 .functor BUFT 1, C8<771>, C4<0>, C4<0>, C4<0>;
v0x563683d98930_0 .net8 "VPB", 0 0, L_0x5636840b5230;  1 drivers, strength-aware
v0x563683d989f0_0 .net8 "VPWR", 0 0, L_0x5636840b5900;  1 drivers, strength-aware
L_0x7f0afcfa5848 .functor BUFT 1, C4<1>, C4<0>, C4<0>, C4<0>;
v0x563683d98ab0_0 .net/2u *"_ivl_4", 0 0, L_0x7f0afcfa5848;  1 drivers
v0x563683d98b90_0 .net "awake", 0 0, L_0x5636849b4bb0;  1 drivers
v0x563683d98c50_0 .net "buf_Q", 0 0, L_0x5636849b48d0;  1 drivers
v0x563683d98d10_0 .var "notifier", 0 0;
L_0x5636849b4bb0 .cmp/eeq 1, L_0x5636840b5900, L_0x7f0afcfa5848;
S_0x563683ed0f70 .scope module, "sky130_fd_sc_hd__dlygate4sd1_1" "sky130_fd_sc_hd__dlygate4sd1_1" 2 59155;
 .timescale -9 -12;
    .port_info 0 /OUTPUT 1 "X";
    .port_info 1 /INPUT 1 "A";
o0x7f0afd455118 .functor BUFZ 1, C4<z>; HiZ drive
L_0x5636849b4ca0 .functor BUF 1, o0x7f0afd455118, C4<0>, C4<0>, C4<0>;
L_0x5636849b4d10 .functor BUF 1, L_0x5636849b4ca0, C4<0>, C4<0>, C4<0>;
v0x563683d98e50_0 .net "A", 0 0, o0x7f0afd455118;  0 drivers
L_0x5636840b5390 .functor BUFT 1, C8<770>, C4<0>, C4<0>, C4<0>;
v0x563683d98f10_0 .net8 "VGND", 0 0, L_0x5636840b5390;  1 drivers, strength-aware
L_0x5636840b4f70 .functor BUFT 1, C8<770>, C4<0>, C4<0>, C4<0>;
v0x563683d98fd0_0 .net8 "VNB", 0 0, L_0x5636840b4f70;  1 drivers, strength-aware
L_0x5636840b3480 .functor BUFT 1, C8<771>, C4<0>, C4<0>, C4<0>;
v0x563683d99070_0 .net8 "VPB", 0 0, L_0x5636840b3480;  1 drivers, strength-aware
L_0x5636840b37b0 .functor BUFT 1, C8<771>, C4<0>, C4<0>, C4<0>;
v0x563683d99130_0 .net8 "VPWR", 0 0, L_0x5636840b37b0;  1 drivers, strength-aware
v0x563683d991f0_0 .net "X", 0 0, L_0x5636849b4d10;  1 drivers
v0x563683d992b0_0 .net "buf0_out_X", 0 0, L_0x5636849b4ca0;  1 drivers
S_0x563683ddb700 .scope module, "sky130_fd_sc_hd__dlygate4sd2_1" "sky130_fd_sc_hd__dlygate4sd2_1" 2 59455;
 .timescale -9 -12;
    .port_info 0 /OUTPUT 1 "X";
    .port_info 1 /INPUT 1 "A";
o0x7f0afd4552c8 .functor BUFZ 1, C4<z>; HiZ drive
L_0x5636849b4e00 .functor BUF 1, o0x7f0afd4552c8, C4<0>, C4<0>, C4<0>;
L_0x5636849b4ea0 .functor BUF 1, L_0x5636849b4e00, C4<0>, C4<0>, C4<0>;
v0x563683d993d0_0 .net "A", 0 0, o0x7f0afd4552c8;  0 drivers
L_0x5636840b3980 .functor BUFT 1, C8<770>, C4<0>, C4<0>, C4<0>;
v0x563683d99490_0 .net8 "VGND", 0 0, L_0x5636840b3980;  1 drivers, strength-aware
L_0x5636840b31c0 .functor BUFT 1, C8<770>, C4<0>, C4<0>, C4<0>;
v0x563683d99550_0 .net8 "VNB", 0 0, L_0x5636840b31c0;  1 drivers, strength-aware
L_0x5636840b1570 .functor BUFT 1, C8<771>, C4<0>, C4<0>, C4<0>;
v0x563683d995f0_0 .net8 "VPB", 0 0, L_0x5636840b1570;  1 drivers, strength-aware
L_0x5636840b1a00 .functor BUFT 1, C8<771>, C4<0>, C4<0>, C4<0>;
v0x563683d996b0_0 .net8 "VPWR", 0 0, L_0x5636840b1a00;  1 drivers, strength-aware
v0x563683d99770_0 .net "X", 0 0, L_0x5636849b4ea0;  1 drivers
v0x563683d99830_0 .net "buf0_out_X", 0 0, L_0x5636849b4e00;  1 drivers
S_0x563683ddb890 .scope module, "sky130_fd_sc_hd__dlygate4sd3_1" "sky130_fd_sc_hd__dlygate4sd3_1" 2 59755;
 .timescale -9 -12;
    .port_info 0 /OUTPUT 1 "X";
    .port_info 1 /INPUT 1 "A";
o0x7f0afd455478 .functor BUFZ 1, C4<z>; HiZ drive
L_0x5636849b4fd0 .functor BUF 1, o0x7f0afd455478, C4<0>, C4<0>, C4<0>;
L_0x5636849b5040 .functor BUF 1, L_0x5636849b4fd0, C4<0>, C4<0>, C4<0>;
v0x563683d99950_0 .net "A", 0 0, o0x7f0afd455478;  0 drivers
L_0x5636840b1bd0 .functor BUFT 1, C8<770>, C4<0>, C4<0>, C4<0>;
v0x563683d99a10_0 .net8 "VGND", 0 0, L_0x5636840b1bd0;  1 drivers, strength-aware
L_0x5636840b1830 .functor BUFT 1, C8<770>, C4<0>, C4<0>, C4<0>;
v0x563683d99ad0_0 .net8 "VNB", 0 0, L_0x5636840b1830;  1 drivers, strength-aware
L_0x5636840af7a0 .functor BUFT 1, C8<771>, C4<0>, C4<0>, C4<0>;
v0x563683d99b70_0 .net8 "VPB", 0 0, L_0x5636840af7a0;  1 drivers, strength-aware
L_0x5636840af900 .functor BUFT 1, C8<771>, C4<0>, C4<0>, C4<0>;
v0x563683d99c30_0 .net8 "VPWR", 0 0, L_0x5636840af900;  1 drivers, strength-aware
v0x563683d99cf0_0 .net "X", 0 0, L_0x5636849b5040;  1 drivers
v0x563683d99db0_0 .net "buf0_out_X", 0 0, L_0x5636849b4fd0;  1 drivers
S_0x563683ddba20 .scope module, "sky130_fd_sc_hd__dlymetal6s2s_1" "sky130_fd_sc_hd__dlymetal6s2s_1" 2 60060;
 .timescale -9 -12;
    .port_info 0 /OUTPUT 1 "X";
    .port_info 1 /INPUT 1 "A";
o0x7f0afd455628 .functor BUFZ 1, C4<z>; HiZ drive
L_0x5636849b5130 .functor BUF 1, o0x7f0afd455628, C4<0>, C4<0>, C4<0>;
L_0x5636849b51d0 .functor BUF 1, L_0x5636849b5130, C4<0>, C4<0>, C4<0>;
v0x563683d99ed0_0 .net "A", 0 0, o0x7f0afd455628;  0 drivers
L_0x5636840affd0 .functor BUFT 1, C8<770>, C4<0>, C4<0>, C4<0>;
v0x563683d99f90_0 .net8 "VGND", 0 0, L_0x5636840affd0;  1 drivers, strength-aware
L_0x5636840afa60 .functor BUFT 1, C8<770>, C4<0>, C4<0>, C4<0>;
v0x563683d9a050_0 .net8 "VNB", 0 0, L_0x5636840afa60;  1 drivers, strength-aware
L_0x5636840af640 .functor BUFT 1, C8<771>, C4<0>, C4<0>, C4<0>;
v0x563683d9a0f0_0 .net8 "VPB", 0 0, L_0x5636840af640;  1 drivers, strength-aware
L_0x5636840ad100 .functor BUFT 1, C8<771>, C4<0>, C4<0>, C4<0>;
v0x563683d9a1b0_0 .net8 "VPWR", 0 0, L_0x5636840ad100;  1 drivers, strength-aware
v0x563683d9a270_0 .net "X", 0 0, L_0x5636849b51d0;  1 drivers
v0x563683d9a330_0 .net "buf0_out_X", 0 0, L_0x5636849b5130;  1 drivers
S_0x563683dde8d0 .scope module, "sky130_fd_sc_hd__dlymetal6s4s_1" "sky130_fd_sc_hd__dlymetal6s4s_1" 2 60365;
 .timescale -9 -12;
    .port_info 0 /OUTPUT 1 "X";
    .port_info 1 /INPUT 1 "A";
o0x7f0afd4557d8 .functor BUFZ 1, C4<z>; HiZ drive
L_0x5636849b5300 .functor BUF 1, o0x7f0afd4557d8, C4<0>, C4<0>, C4<0>;
L_0x5636849b5370 .functor BUF 1, L_0x5636849b5300, C4<0>, C4<0>, C4<0>;
v0x563683d9a450_0 .net "A", 0 0, o0x7f0afd4557d8;  0 drivers
L_0x5636840ac120 .functor BUFT 1, C8<770>, C4<0>, C4<0>, C4<0>;
v0x563683d9a510_0 .net8 "VGND", 0 0, L_0x5636840ac120;  1 drivers, strength-aware
L_0x5636840acf30 .functor BUFT 1, C8<770>, C4<0>, C4<0>, C4<0>;
v0x563683d9a5d0_0 .net8 "VNB", 0 0, L_0x5636840acf30;  1 drivers, strength-aware
L_0x5636840abd00 .functor BUFT 1, C8<771>, C4<0>, C4<0>, C4<0>;
v0x563683d9a670_0 .net8 "VPB", 0 0, L_0x5636840abd00;  1 drivers, strength-aware
L_0x5636840ac450 .functor BUFT 1, C8<771>, C4<0>, C4<0>, C4<0>;
v0x563683d9a730_0 .net8 "VPWR", 0 0, L_0x5636840ac450;  1 drivers, strength-aware
v0x563683d9a7f0_0 .net "X", 0 0, L_0x5636849b5370;  1 drivers
v0x563683d9a8b0_0 .net "buf0_out_X", 0 0, L_0x5636849b5300;  1 drivers
S_0x563683ddea60 .scope module, "sky130_fd_sc_hd__dlymetal6s6s_1" "sky130_fd_sc_hd__dlymetal6s6s_1" 2 60670;
 .timescale -9 -12;
    .port_info 0 /OUTPUT 1 "X";
    .port_info 1 /INPUT 1 "A";
o0x7f0afd455988 .functor BUFZ 1, C4<z>; HiZ drive
L_0x5636849b5460 .functor BUF 1, o0x7f0afd455988, C4<0>, C4<0>, C4<0>;
L_0x5636849b5500 .functor BUF 1, L_0x5636849b5460, C4<0>, C4<0>, C4<0>;
v0x563683d9a9d0_0 .net "A", 0 0, o0x7f0afd455988;  0 drivers
L_0x5636840ac620 .functor BUFT 1, C8<770>, C4<0>, C4<0>, C4<0>;
v0x563683d9aa90_0 .net8 "VGND", 0 0, L_0x5636840ac620;  1 drivers, strength-aware
L_0x5636840ad4a0 .functor BUFT 1, C8<770>, C4<0>, C4<0>, C4<0>;
v0x563683d9ab50_0 .net8 "VNB", 0 0, L_0x5636840ad4a0;  1 drivers, strength-aware
L_0x5636840ac9c0 .functor BUFT 1, C8<771>, C4<0>, C4<0>, C4<0>;
v0x563683d9abf0_0 .net8 "VPB", 0 0, L_0x5636840ac9c0;  1 drivers, strength-aware
L_0x5636840ad2d0 .functor BUFT 1, C8<771>, C4<0>, C4<0>, C4<0>;
v0x563683d9acb0_0 .net8 "VPWR", 0 0, L_0x5636840ad2d0;  1 drivers, strength-aware
v0x563683d9adc0_0 .net "X", 0 0, L_0x5636849b5500;  1 drivers
v0x563683d9ae80_0 .net "buf0_out_X", 0 0, L_0x5636849b5460;  1 drivers
S_0x563683ddebf0 .scope module, "sky130_fd_sc_hd__ebufn_1" "sky130_fd_sc_hd__ebufn_1" 2 60973;
 .timescale -9 -12;
    .port_info 0 /OUTPUT 1 "Z";
    .port_info 1 /INPUT 1 "A";
    .port_info 2 /INPUT 1 "TE_B";
o0x7f0afd455b38 .functor BUFZ 1, C4<z>; HiZ drive
o0x7f0afd455b68 .functor BUFZ 1, C4<z>; HiZ drive
L_0x5636849b5630 .functor BUFIF0 1, o0x7f0afd455b38, o0x7f0afd455b68, C4<0>, C4<0>;
v0x563683d9afa0_0 .net "A", 0 0, o0x7f0afd455b38;  0 drivers
v0x563683d9b060_0 .net "TE_B", 0 0, o0x7f0afd455b68;  0 drivers
L_0x5636840a7f50 .functor BUFT 1, C8<770>, C4<0>, C4<0>, C4<0>;
v0x563683d9b120_0 .net8 "VGND", 0 0, L_0x5636840a7f50;  1 drivers, strength-aware
L_0x5636840a91f0 .functor BUFT 1, C8<770>, C4<0>, C4<0>, C4<0>;
v0x563683d9b1c0_0 .net8 "VNB", 0 0, L_0x5636840a91f0;  1 drivers, strength-aware
L_0x5636840a8210 .functor BUFT 1, C8<771>, C4<0>, C4<0>, C4<0>;
v0x563683d9b280_0 .net8 "VPB", 0 0, L_0x5636840a8210;  1 drivers, strength-aware
L_0x5636840a9020 .functor BUFT 1, C8<771>, C4<0>, C4<0>, C4<0>;
v0x563683d9b390_0 .net8 "VPWR", 0 0, L_0x5636840a9020;  1 drivers, strength-aware
v0x563683d9b450_0 .net8 "Z", 0 0, L_0x5636849b5630;  1 drivers, strength-aware
S_0x563683de1aa0 .scope module, "sky130_fd_sc_hd__ebufn_2" "sky130_fd_sc_hd__ebufn_2" 2 61275;
 .timescale -9 -12;
    .port_info 0 /OUTPUT 1 "Z";
    .port_info 1 /INPUT 1 "A";
    .port_info 2 /INPUT 1 "TE_B";
o0x7f0afd455d18 .functor BUFZ 1, C4<z>; HiZ drive
o0x7f0afd455d48 .functor BUFZ 1, C4<z>; HiZ drive
L_0x5636849b56d0 .functor BUFIF0 1, o0x7f0afd455d18, o0x7f0afd455d48, C4<0>, C4<0>;
v0x563683d9b590_0 .net "A", 0 0, o0x7f0afd455d18;  0 drivers
v0x563683d9b650_0 .net "TE_B", 0 0, o0x7f0afd455d48;  0 drivers
L_0x5636840a7c90 .functor BUFT 1, C8<770>, C4<0>, C4<0>, C4<0>;
v0x563683d9b710_0 .net8 "VGND", 0 0, L_0x5636840a7c90;  1 drivers, strength-aware
L_0x5636840a8540 .functor BUFT 1, C8<770>, C4<0>, C4<0>, C4<0>;
v0x563683d9b7b0_0 .net8 "VNB", 0 0, L_0x5636840a8540;  1 drivers, strength-aware
L_0x5636840a88e0 .functor BUFT 1, C8<771>, C4<0>, C4<0>, C4<0>;
v0x563683d9b870_0 .net8 "VPB", 0 0, L_0x5636840a88e0;  1 drivers, strength-aware
L_0x5636840a8370 .functor BUFT 1, C8<771>, C4<0>, C4<0>, C4<0>;
v0x5636848f0b90_0 .net8 "VPWR", 0 0, L_0x5636840a8370;  1 drivers, strength-aware
v0x5636848f0c30_0 .net8 "Z", 0 0, L_0x5636849b56d0;  1 drivers, strength-aware
S_0x563683de1c80 .scope module, "sky130_fd_sc_hd__ebufn_4" "sky130_fd_sc_hd__ebufn_4" 2 61577;
 .timescale -9 -12;
    .port_info 0 /OUTPUT 1 "Z";
    .port_info 1 /INPUT 1 "A";
    .port_info 2 /INPUT 1 "TE_B";
o0x7f0afd455ef8 .functor BUFZ 1, C4<z>; HiZ drive
o0x7f0afd455f28 .functor BUFZ 1, C4<z>; HiZ drive
L_0x5636849b57d0 .functor BUFIF0 1, o0x7f0afd455ef8, o0x7f0afd455f28, C4<0>, C4<0>;
v0x5636848f0cd0_0 .net "A", 0 0, o0x7f0afd455ef8;  0 drivers
v0x5636848f0d70_0 .net "TE_B", 0 0, o0x7f0afd455f28;  0 drivers
L_0x5636840a8ab0 .functor BUFT 1, C8<770>, C4<0>, C4<0>, C4<0>;
v0x5636848f0e10_0 .net8 "VGND", 0 0, L_0x5636840a8ab0;  1 drivers, strength-aware
L_0x5636840a9760 .functor BUFT 1, C8<770>, C4<0>, C4<0>, C4<0>;
v0x5636848f0eb0_0 .net8 "VNB", 0 0, L_0x5636840a9760;  1 drivers, strength-aware
L_0x5636840a8cf0 .functor BUFT 1, C8<771>, C4<0>, C4<0>, C4<0>;
v0x5636848f0f50_0 .net8 "VPB", 0 0, L_0x5636840a8cf0;  1 drivers, strength-aware
L_0x5636840a5e20 .functor BUFT 1, C8<771>, C4<0>, C4<0>, C4<0>;
v0x5636848f0ff0_0 .net8 "VPWR", 0 0, L_0x5636840a5e20;  1 drivers, strength-aware
v0x5636848f1090_0 .net8 "Z", 0 0, L_0x5636849b57d0;  1 drivers, strength-aware
S_0x563683de4c70 .scope module, "sky130_fd_sc_hd__ebufn_8" "sky130_fd_sc_hd__ebufn_8" 2 61879;
 .timescale -9 -12;
    .port_info 0 /OUTPUT 1 "Z";
    .port_info 1 /INPUT 1 "A";
    .port_info 2 /INPUT 1 "TE_B";
o0x7f0afd4560d8 .functor BUFZ 1, C4<z>; HiZ drive
o0x7f0afd456108 .functor BUFZ 1, C4<z>; HiZ drive
L_0x5636849b58d0 .functor BUFIF0 1, o0x7f0afd4560d8, o0x7f0afd456108, C4<0>, C4<0>;
v0x5636848f1130_0 .net "A", 0 0, o0x7f0afd4560d8;  0 drivers
v0x5636848f11d0_0 .net "TE_B", 0 0, o0x7f0afd456108;  0 drivers
L_0x5636840a62b0 .functor BUFT 1, C8<770>, C4<0>, C4<0>, C4<0>;
v0x5636848f1270_0 .net8 "VGND", 0 0, L_0x5636840a62b0;  1 drivers, strength-aware
L_0x5636840a6480 .functor BUFT 1, C8<770>, C4<0>, C4<0>, C4<0>;
v0x5636848f1310_0 .net8 "VNB", 0 0, L_0x5636840a6480;  1 drivers, strength-aware
L_0x5636840a60e0 .functor BUFT 1, C8<771>, C4<0>, C4<0>, C4<0>;
v0x5636848f13b0_0 .net8 "VPB", 0 0, L_0x5636840a60e0;  1 drivers, strength-aware
L_0x5636840a4070 .functor BUFT 1, C8<771>, C4<0>, C4<0>, C4<0>;
v0x5636848f1450_0 .net8 "VPWR", 0 0, L_0x5636840a4070;  1 drivers, strength-aware
v0x5636848f14f0_0 .net8 "Z", 0 0, L_0x5636849b58d0;  1 drivers, strength-aware
S_0x563683de4e50 .scope module, "sky130_fd_sc_hd__edfxbp_1" "sky130_fd_sc_hd__edfxbp_1" 2 62225;
 .timescale -9 -12;
    .port_info 0 /OUTPUT 1 "Q";
    .port_info 1 /OUTPUT 1 "Q_N";
    .port_info 2 /INPUT 1 "CLK";
    .port_info 3 /INPUT 1 "D";
    .port_info 4 /INPUT 1 "DE";
UDP_sky130_fd_sc_hd__udp_mux_2to1 .udp/comb "sky130_fd_sc_hd__udp_mux_2to1", 3
 ,"00?0"
 ,"11?1"
 ,"0?00"
 ,"1?01"
 ,"?010"
 ,"?111";
o0x7f0afd4563a8 .functor BUFZ 1, C4<z>; HiZ drive
o0x7f0afd456378 .functor BUFZ 1, C4<z>; HiZ drive
L_0x5636849b59d0 .udp UDP_sky130_fd_sc_hd__udp_mux_2to1, L_0x5636849b5c80, o0x7f0afd4563a8, o0x7f0afd456378;
o0x7f0afd4562e8 .functor BUFZ 1, C4<z>; HiZ drive
L_0x5636840a3f10 .functor BUFT 1, C8<771>, C4<0>, C4<0>, C4<0>;
L_0x5636840a4500 .functor BUFT 1, C8<770>, C4<0>, C4<0>, C4<0>;
L_0x5636849b5c80 .udp UDP_sky130_fd_sc_hd__udp_dff$P_pp$PG$N, L_0x5636849b59d0, o0x7f0afd4562e8, v0x5636848f2280_0, L_0x5636840a3f10, L_0x5636840a4500;
L_0x5636849b60a0 .functor AND 1, L_0x5636849b5e70, L_0x5636849b5f60, C4<1>, C4<1>;
L_0x5636849b61b0 .functor BUF 1, L_0x5636849b5c80, C4<0>, C4<0>, C4<0>;
L_0x5636849b6220 .functor NOT 1, L_0x5636849b5c80, C4<0>, C4<0>, C4<0>;
o0x7f0afd4562b8 .functor BUFZ 1, C4<z>; HiZ drive
v0x5636848f1590_0 .net "CLK", 0 0, o0x7f0afd4562b8;  0 drivers
v0x5636848f1630_0 .net "CLK_delayed", 0 0, o0x7f0afd4562e8;  0 drivers
o0x7f0afd456318 .functor BUFZ 1, C4<z>; HiZ drive
v0x5636848f16d0_0 .net "D", 0 0, o0x7f0afd456318;  0 drivers
o0x7f0afd456348 .functor BUFZ 1, C4<z>; HiZ drive
v0x5636848f1770_0 .net "DE", 0 0, o0x7f0afd456348;  0 drivers
v0x5636848f1810_0 .net "DE_delayed", 0 0, o0x7f0afd456378;  0 drivers
v0x5636848f18b0_0 .net "D_delayed", 0 0, o0x7f0afd4563a8;  0 drivers
v0x5636848f1950_0 .net "Q", 0 0, L_0x5636849b61b0;  1 drivers
v0x5636848f19f0_0 .net "Q_N", 0 0, L_0x5636849b6220;  1 drivers
v0x5636848f1a90_0 .net8 "VGND", 0 0, L_0x5636840a4500;  1 drivers, strength-aware
L_0x5636840a48a0 .functor BUFT 1, C8<770>, C4<0>, C4<0>, C4<0>;
v0x5636848f1b30_0 .net8 "VNB", 0 0, L_0x5636840a48a0;  1 drivers, strength-aware
L_0x5636840a4330 .functor BUFT 1, C8<771>, C4<0>, C4<0>, C4<0>;
v0x5636848f1bd0_0 .net8 "VPB", 0 0, L_0x5636840a4330;  1 drivers, strength-aware
v0x5636848f1c70_0 .net8 "VPWR", 0 0, L_0x5636840a3f10;  1 drivers, strength-aware
v0x5636848f1d10_0 .net *"_ivl_10", 0 0, L_0x5636849b5f60;  1 drivers
L_0x7f0afcfa5890 .functor BUFT 1, C4<1>, C4<0>, C4<0>, C4<0>;
v0x5636848f1db0_0 .net/2u *"_ivl_4", 0 0, L_0x7f0afcfa5890;  1 drivers
L_0x7f0afcfa58d8 .functor BUFT 1, C4<1>, C4<0>, C4<0>, C4<0>;
v0x5636848f1e50_0 .net/2u *"_ivl_8", 0 0, L_0x7f0afcfa58d8;  1 drivers
v0x5636848f1ef0_0 .net "awake", 0 0, L_0x5636849b5e70;  1 drivers
v0x5636848f1f90_0 .net "buf_Q", 0 0, L_0x5636849b5c80;  1 drivers
v0x5636848f2140_0 .net "cond0", 0 0, L_0x5636849b60a0;  1 drivers
v0x5636848f21e0_0 .net "mux_out", 0 0, L_0x5636849b59d0;  1 drivers
v0x5636848f2280_0 .var "notifier", 0 0;
L_0x5636849b5e70 .cmp/eeq 1, L_0x5636840a3f10, L_0x7f0afcfa5890;
L_0x5636849b5f60 .cmp/eeq 1, o0x7f0afd456378, L_0x7f0afcfa58d8;
S_0x563683de8290 .scope module, "sky130_fd_sc_hd__edfxtp_1" "sky130_fd_sc_hd__edfxtp_1" 2 62586;
 .timescale -9 -12;
    .port_info 0 /OUTPUT 1 "Q";
    .port_info 1 /INPUT 1 "CLK";
    .port_info 2 /INPUT 1 "D";
    .port_info 3 /INPUT 1 "DE";
o0x7f0afd456858 .functor BUFZ 1, C4<z>; HiZ drive
o0x7f0afd456828 .functor BUFZ 1, C4<z>; HiZ drive
L_0x5636849b6320 .udp UDP_sky130_fd_sc_hd__udp_mux_2to1, L_0x5636849b6480, o0x7f0afd456858, o0x7f0afd456828;
o0x7f0afd456798 .functor BUFZ 1, C4<z>; HiZ drive
L_0x5636840a2160 .functor BUFT 1, C8<771>, C4<0>, C4<0>, C4<0>;
L_0x5636840a2420 .functor BUFT 1, C8<770>, C4<0>, C4<0>, C4<0>;
L_0x5636849b6480 .udp UDP_sky130_fd_sc_hd__udp_dff$P_pp$PG$N, L_0x5636849b6320, o0x7f0afd456798, v0x5636848f2f70_0, L_0x5636840a2160, L_0x5636840a2420;
L_0x5636849b6890 .functor AND 1, L_0x5636849b6660, L_0x5636849b6750, C4<1>, C4<1>;
L_0x5636849b69a0 .functor BUF 1, L_0x5636849b6480, C4<0>, C4<0>, C4<0>;
o0x7f0afd456768 .functor BUFZ 1, C4<z>; HiZ drive
v0x5636848f2320_0 .net "CLK", 0 0, o0x7f0afd456768;  0 drivers
v0x5636848f23c0_0 .net "CLK_delayed", 0 0, o0x7f0afd456798;  0 drivers
o0x7f0afd4567c8 .functor BUFZ 1, C4<z>; HiZ drive
v0x5636848f2460_0 .net "D", 0 0, o0x7f0afd4567c8;  0 drivers
o0x7f0afd4567f8 .functor BUFZ 1, C4<z>; HiZ drive
v0x5636848f2500_0 .net "DE", 0 0, o0x7f0afd4567f8;  0 drivers
v0x5636848f25a0_0 .net "DE_delayed", 0 0, o0x7f0afd456828;  0 drivers
v0x5636848f2640_0 .net "D_delayed", 0 0, o0x7f0afd456858;  0 drivers
v0x5636848f26e0_0 .net "Q", 0 0, L_0x5636849b69a0;  1 drivers
v0x5636848f2780_0 .net8 "VGND", 0 0, L_0x5636840a2420;  1 drivers, strength-aware
L_0x5636840a2af0 .functor BUFT 1, C8<770>, C4<0>, C4<0>, C4<0>;
v0x5636848f2820_0 .net8 "VNB", 0 0, L_0x5636840a2af0;  1 drivers, strength-aware
L_0x5636840a2920 .functor BUFT 1, C8<771>, C4<0>, C4<0>, C4<0>;
v0x5636848f28c0_0 .net8 "VPB", 0 0, L_0x5636840a2920;  1 drivers, strength-aware
v0x5636848f2960_0 .net8 "VPWR", 0 0, L_0x5636840a2160;  1 drivers, strength-aware
v0x5636848f2a00_0 .net *"_ivl_10", 0 0, L_0x5636849b6750;  1 drivers
L_0x7f0afcfa5920 .functor BUFT 1, C4<1>, C4<0>, C4<0>, C4<0>;
v0x5636848f2aa0_0 .net/2u *"_ivl_4", 0 0, L_0x7f0afcfa5920;  1 drivers
L_0x7f0afcfa5968 .functor BUFT 1, C4<1>, C4<0>, C4<0>, C4<0>;
v0x5636848f2b40_0 .net/2u *"_ivl_8", 0 0, L_0x7f0afcfa5968;  1 drivers
v0x5636848f2be0_0 .net "awake", 0 0, L_0x5636849b6660;  1 drivers
v0x5636848f2c80_0 .net "buf_Q", 0 0, L_0x5636849b6480;  1 drivers
v0x5636848f2d20_0 .net "cond0", 0 0, L_0x5636849b6890;  1 drivers
v0x5636848f2ed0_0 .net "mux_out", 0 0, L_0x5636849b6320;  1 drivers
v0x5636848f2f70_0 .var "notifier", 0 0;
L_0x5636849b6660 .cmp/eeq 1, L_0x5636840a2160, L_0x7f0afcfa5920;
L_0x5636849b6750 .cmp/eeq 1, o0x7f0afd456828, L_0x7f0afcfa5968;
S_0x563683de8490 .scope module, "sky130_fd_sc_hd__einvn_0" "sky130_fd_sc_hd__einvn_0" 2 62909;
 .timescale -9 -12;
    .port_info 0 /OUTPUT 1 "Z";
    .port_info 1 /INPUT 1 "A";
    .port_info 2 /INPUT 1 "TE_B";
o0x7f0afd456bb8 .functor BUFZ 1, C4<z>; HiZ drive
o0x7f0afd456be8 .functor BUFZ 1, C4<z>; HiZ drive
L_0x5636849b6a60 .functor NOTIF0 1, o0x7f0afd456bb8, o0x7f0afd456be8, C4<0>, C4<0>;
v0x5636848f3010_0 .net "A", 0 0, o0x7f0afd456bb8;  0 drivers
v0x5636848f30b0_0 .net "TE_B", 0 0, o0x7f0afd456be8;  0 drivers
L_0x5636840a05f0 .functor BUFT 1, C8<770>, C4<0>, C4<0>, C4<0>;
v0x5636848f3150_0 .net8 "VGND", 0 0, L_0x5636840a05f0;  1 drivers, strength-aware
L_0x5636840a0940 .functor BUFT 1, C8<770>, C4<0>, C4<0>, C4<0>;
v0x5636848f31f0_0 .net8 "VNB", 0 0, L_0x5636840a0940;  1 drivers, strength-aware
L_0x5636840a0b10 .functor BUFT 1, C8<771>, C4<0>, C4<0>, C4<0>;
v0x5636848f3290_0 .net8 "VPB", 0 0, L_0x5636840a0b10;  1 drivers, strength-aware
L_0x5636840a0750 .functor BUFT 1, C8<771>, C4<0>, C4<0>, C4<0>;
v0x5636848f3330_0 .net8 "VPWR", 0 0, L_0x5636840a0750;  1 drivers, strength-aware
v0x5636848f33d0_0 .net "Z", 0 0, L_0x5636849b6a60;  1 drivers
S_0x563683deb8b0 .scope module, "sky130_fd_sc_hd__einvn_1" "sky130_fd_sc_hd__einvn_1" 2 63211;
 .timescale -9 -12;
    .port_info 0 /OUTPUT 1 "Z";
    .port_info 1 /INPUT 1 "A";
    .port_info 2 /INPUT 1 "TE_B";
o0x7f0afd456d98 .functor BUFZ 1, C4<z>; HiZ drive
o0x7f0afd456dc8 .functor BUFZ 1, C4<z>; HiZ drive
L_0x5636849b6b00 .functor NOTIF0 1, o0x7f0afd456d98, o0x7f0afd456dc8, C4<0>, C4<0>;
v0x5636848f3470_0 .net "A", 0 0, o0x7f0afd456d98;  0 drivers
v0x5636848f3510_0 .net "TE_B", 0 0, o0x7f0afd456dc8;  0 drivers
L_0x56368409e990 .functor BUFT 1, C8<770>, C4<0>, C4<0>, C4<0>;
v0x5636848f35b0_0 .net8 "VGND", 0 0, L_0x56368409e990;  1 drivers, strength-aware
L_0x56368409f080 .functor BUFT 1, C8<770>, C4<0>, C4<0>, C4<0>;
v0x5636848f3650_0 .net8 "VNB", 0 0, L_0x56368409f080;  1 drivers, strength-aware
L_0x56368409eeb0 .functor BUFT 1, C8<771>, C4<0>, C4<0>, C4<0>;
v0x5636848f36f0_0 .net8 "VPB", 0 0, L_0x56368409eeb0;  1 drivers, strength-aware
L_0x56368409e830 .functor BUFT 1, C8<771>, C4<0>, C4<0>, C4<0>;
v0x5636848f3790_0 .net8 "VPWR", 0 0, L_0x56368409e830;  1 drivers, strength-aware
v0x5636848f3830_0 .net "Z", 0 0, L_0x5636849b6b00;  1 drivers
S_0x563683deba90 .scope module, "sky130_fd_sc_hd__einvn_2" "sky130_fd_sc_hd__einvn_2" 2 63513;
 .timescale -9 -12;
    .port_info 0 /OUTPUT 1 "Z";
    .port_info 1 /INPUT 1 "A";
    .port_info 2 /INPUT 1 "TE_B";
o0x7f0afd456f78 .functor BUFZ 1, C4<z>; HiZ drive
o0x7f0afd456fa8 .functor BUFZ 1, C4<z>; HiZ drive
L_0x5636849b6c00 .functor NOTIF0 1, o0x7f0afd456f78, o0x7f0afd456fa8, C4<0>, C4<0>;
v0x5636848f38d0_0 .net "A", 0 0, o0x7f0afd456f78;  0 drivers
v0x5636848f3970_0 .net "TE_B", 0 0, o0x7f0afd456fa8;  0 drivers
L_0x56368409cf80 .functor BUFT 1, C8<770>, C4<0>, C4<0>, C4<0>;
v0x5636848f3a10_0 .net8 "VGND", 0 0, L_0x56368409cf80;  1 drivers, strength-aware
L_0x56368409d2d0 .functor BUFT 1, C8<770>, C4<0>, C4<0>, C4<0>;
v0x5636848f3ab0_0 .net8 "VNB", 0 0, L_0x56368409d2d0;  1 drivers, strength-aware
L_0x56368409d4a0 .functor BUFT 1, C8<771>, C4<0>, C4<0>, C4<0>;
v0x5636848f3b50_0 .net8 "VPB", 0 0, L_0x56368409d4a0;  1 drivers, strength-aware
L_0x56368409d0e0 .functor BUFT 1, C8<771>, C4<0>, C4<0>, C4<0>;
v0x5636848f3bf0_0 .net8 "VPWR", 0 0, L_0x56368409d0e0;  1 drivers, strength-aware
v0x5636848f3c90_0 .net "Z", 0 0, L_0x5636849b6c00;  1 drivers
S_0x563683deeed0 .scope module, "sky130_fd_sc_hd__einvn_4" "sky130_fd_sc_hd__einvn_4" 2 63815;
 .timescale -9 -12;
    .port_info 0 /OUTPUT 1 "Z";
    .port_info 1 /INPUT 1 "A";
    .port_info 2 /INPUT 1 "TE_B";
o0x7f0afd457158 .functor BUFZ 1, C4<z>; HiZ drive
o0x7f0afd457188 .functor BUFZ 1, C4<z>; HiZ drive
L_0x5636849b6d00 .functor NOTIF0 1, o0x7f0afd457158, o0x7f0afd457188, C4<0>, C4<0>;
v0x5636848f3d30_0 .net "A", 0 0, o0x7f0afd457158;  0 drivers
v0x5636848f3dd0_0 .net "TE_B", 0 0, o0x7f0afd457188;  0 drivers
L_0x56368409d840 .functor BUFT 1, C8<770>, C4<0>, C4<0>, C4<0>;
v0x5636848f3e70_0 .net8 "VGND", 0 0, L_0x56368409d840;  1 drivers, strength-aware
L_0x56368409b8c0 .functor BUFT 1, C8<770>, C4<0>, C4<0>, C4<0>;
v0x5636848f3f10_0 .net8 "VNB", 0 0, L_0x56368409b8c0;  1 drivers, strength-aware
L_0x56368409bc60 .functor BUFT 1, C8<771>, C4<0>, C4<0>, C4<0>;
v0x5636848f3fb0_0 .net8 "VPB", 0 0, L_0x56368409bc60;  1 drivers, strength-aware
L_0x56368409b6d0 .functor BUFT 1, C8<771>, C4<0>, C4<0>, C4<0>;
v0x5636848f4050_0 .net8 "VPWR", 0 0, L_0x56368409b6d0;  1 drivers, strength-aware
v0x5636848f40f0_0 .net "Z", 0 0, L_0x5636849b6d00;  1 drivers
S_0x563683def0b0 .scope module, "sky130_fd_sc_hd__einvn_8" "sky130_fd_sc_hd__einvn_8" 2 64117;
 .timescale -9 -12;
    .port_info 0 /OUTPUT 1 "Z";
    .port_info 1 /INPUT 1 "A";
    .port_info 2 /INPUT 1 "TE_B";
o0x7f0afd457338 .functor BUFZ 1, C4<z>; HiZ drive
o0x7f0afd457368 .functor BUFZ 1, C4<z>; HiZ drive
L_0x5636849b6e00 .functor NOTIF0 1, o0x7f0afd457338, o0x7f0afd457368, C4<0>, C4<0>;
v0x5636848f4190_0 .net "A", 0 0, o0x7f0afd457338;  0 drivers
v0x5636848f4230_0 .net "TE_B", 0 0, o0x7f0afd457368;  0 drivers
L_0x56368409be30 .functor BUFT 1, C8<770>, C4<0>, C4<0>, C4<0>;
v0x5636848f42d0_0 .net8 "VGND", 0 0, L_0x56368409be30;  1 drivers, strength-aware
L_0x563684099b60 .functor BUFT 1, C8<770>, C4<0>, C4<0>, C4<0>;
v0x5636848f4370_0 .net8 "VNB", 0 0, L_0x563684099b60;  1 drivers, strength-aware
L_0x56368409a250 .functor BUFT 1, C8<771>, C4<0>, C4<0>, C4<0>;
v0x5636848f4410_0 .net8 "VPB", 0 0, L_0x56368409a250;  1 drivers, strength-aware
L_0x56368409a080 .functor BUFT 1, C8<771>, C4<0>, C4<0>, C4<0>;
v0x5636848f44b0_0 .net8 "VPWR", 0 0, L_0x56368409a080;  1 drivers, strength-aware
v0x5636848f4550_0 .net "Z", 0 0, L_0x5636849b6e00;  1 drivers
S_0x563683df24f0 .scope module, "sky130_fd_sc_hd__einvp_1" "sky130_fd_sc_hd__einvp_1" 2 64419;
 .timescale -9 -12;
    .port_info 0 /OUTPUT 1 "Z";
    .port_info 1 /INPUT 1 "A";
    .port_info 2 /INPUT 1 "TE";
o0x7f0afd457518 .functor BUFZ 1, C4<z>; HiZ drive
o0x7f0afd457548 .functor BUFZ 1, C4<z>; HiZ drive
L_0x5636849b6f00 .functor NOTIF1 1, o0x7f0afd457518, o0x7f0afd457548, C4<0>, C4<0>;
v0x5636848f45f0_0 .net "A", 0 0, o0x7f0afd457518;  0 drivers
v0x5636848f4690_0 .net "TE", 0 0, o0x7f0afd457548;  0 drivers
L_0x563684099a00 .functor BUFT 1, C8<770>, C4<0>, C4<0>, C4<0>;
v0x5636848f4730_0 .net8 "VGND", 0 0, L_0x563684099a00;  1 drivers, strength-aware
L_0x563684098150 .functor BUFT 1, C8<770>, C4<0>, C4<0>, C4<0>;
v0x5636848f47d0_0 .net8 "VNB", 0 0, L_0x563684098150;  1 drivers, strength-aware
L_0x5636840984a0 .functor BUFT 1, C8<771>, C4<0>, C4<0>, C4<0>;
v0x5636848f4870_0 .net8 "VPB", 0 0, L_0x5636840984a0;  1 drivers, strength-aware
L_0x563684098670 .functor BUFT 1, C8<771>, C4<0>, C4<0>, C4<0>;
v0x5636848f4910_0 .net8 "VPWR", 0 0, L_0x563684098670;  1 drivers, strength-aware
v0x5636848f49b0_0 .net "Z", 0 0, L_0x5636849b6f00;  1 drivers
S_0x563683df26d0 .scope module, "sky130_fd_sc_hd__einvp_2" "sky130_fd_sc_hd__einvp_2" 2 64721;
 .timescale -9 -12;
    .port_info 0 /OUTPUT 1 "Z";
    .port_info 1 /INPUT 1 "A";
    .port_info 2 /INPUT 1 "TE";
o0x7f0afd4576f8 .functor BUFZ 1, C4<z>; HiZ drive
o0x7f0afd457728 .functor BUFZ 1, C4<z>; HiZ drive
L_0x5636849b7000 .functor NOTIF1 1, o0x7f0afd4576f8, o0x7f0afd457728, C4<0>, C4<0>;
v0x5636848f4a50_0 .net "A", 0 0, o0x7f0afd4576f8;  0 drivers
v0x5636848f4af0_0 .net "TE", 0 0, o0x7f0afd457728;  0 drivers
L_0x563684097ff0 .functor BUFT 1, C8<770>, C4<0>, C4<0>, C4<0>;
v0x5636848f4b90_0 .net8 "VGND", 0 0, L_0x563684097ff0;  1 drivers, strength-aware
L_0x563684098a10 .functor BUFT 1, C8<770>, C4<0>, C4<0>, C4<0>;
v0x5636848f4c30_0 .net8 "VNB", 0 0, L_0x563684098a10;  1 drivers, strength-aware
L_0x563684096af0 .functor BUFT 1, C8<771>, C4<0>, C4<0>, C4<0>;
v0x5636848f4cd0_0 .net8 "VPB", 0 0, L_0x563684096af0;  1 drivers, strength-aware
L_0x563684096e90 .functor BUFT 1, C8<771>, C4<0>, C4<0>, C4<0>;
v0x5636848f4d70_0 .net8 "VPWR", 0 0, L_0x563684096e90;  1 drivers, strength-aware
v0x5636848f4e10_0 .net "Z", 0 0, L_0x5636849b7000;  1 drivers
S_0x563683df56b0 .scope module, "sky130_fd_sc_hd__einvp_4" "sky130_fd_sc_hd__einvp_4" 2 65023;
 .timescale -9 -12;
    .port_info 0 /OUTPUT 1 "Z";
    .port_info 1 /INPUT 1 "A";
    .port_info 2 /INPUT 1 "TE";
o0x7f0afd4578d8 .functor BUFZ 1, C4<z>; HiZ drive
o0x7f0afd457908 .functor BUFZ 1, C4<z>; HiZ drive
L_0x5636849b7100 .functor NOTIF1 1, o0x7f0afd4578d8, o0x7f0afd457908, C4<0>, C4<0>;
v0x5636848f4eb0_0 .net "A", 0 0, o0x7f0afd4578d8;  0 drivers
v0x5636848f4f50_0 .net "TE", 0 0, o0x7f0afd457908;  0 drivers
L_0x563684096920 .functor BUFT 1, C8<770>, C4<0>, C4<0>, C4<0>;
v0x5636848f4ff0_0 .net8 "VGND", 0 0, L_0x563684096920;  1 drivers, strength-aware
L_0x563684097060 .functor BUFT 1, C8<770>, C4<0>, C4<0>, C4<0>;
v0x5636848f5090_0 .net8 "VNB", 0 0, L_0x563684097060;  1 drivers, strength-aware
L_0x5636840954d0 .functor BUFT 1, C8<771>, C4<0>, C4<0>, C4<0>;
v0x5636848f5130_0 .net8 "VPB", 0 0, L_0x5636840954d0;  1 drivers, strength-aware
L_0x5636840949e0 .functor BUFT 1, C8<771>, C4<0>, C4<0>, C4<0>;
v0x5636848f51d0_0 .net8 "VPWR", 0 0, L_0x5636840949e0;  1 drivers, strength-aware
v0x5636848f5270_0 .net "Z", 0 0, L_0x5636849b7100;  1 drivers
S_0x563683df5890 .scope module, "sky130_fd_sc_hd__einvp_8" "sky130_fd_sc_hd__einvp_8" 2 65325;
 .timescale -9 -12;
    .port_info 0 /OUTPUT 1 "Z";
    .port_info 1 /INPUT 1 "A";
    .port_info 2 /INPUT 1 "TE";
o0x7f0afd457ab8 .functor BUFZ 1, C4<z>; HiZ drive
o0x7f0afd457ae8 .functor BUFZ 1, C4<z>; HiZ drive
L_0x5636849b7200 .functor NOTIF1 1, o0x7f0afd457ab8, o0x7f0afd457ae8, C4<0>, C4<0>;
v0x5636848f5310_0 .net "A", 0 0, o0x7f0afd457ab8;  0 drivers
v0x5636848f53b0_0 .net "TE", 0 0, o0x7f0afd457ae8;  0 drivers
L_0x563684094810 .functor BUFT 1, C8<770>, C4<0>, C4<0>, C4<0>;
v0x5636848f5450_0 .net8 "VGND", 0 0, L_0x563684094810;  1 drivers, strength-aware
L_0x563684093ae0 .functor BUFT 1, C8<770>, C4<0>, C4<0>, C4<0>;
v0x5636848f54f0_0 .net8 "VNB", 0 0, L_0x563684093ae0;  1 drivers, strength-aware
L_0x563684094470 .functor BUFT 1, C8<771>, C4<0>, C4<0>, C4<0>;
v0x5636848f5590_0 .net8 "VPB", 0 0, L_0x563684094470;  1 drivers, strength-aware
L_0x5636840942a0 .functor BUFT 1, C8<771>, C4<0>, C4<0>, C4<0>;
v0x5636848f5630_0 .net8 "VPWR", 0 0, L_0x5636840942a0;  1 drivers, strength-aware
v0x5636848f56d0_0 .net "Z", 0 0, L_0x5636849b7200;  1 drivers
S_0x563683df8880 .scope module, "sky130_fd_sc_hd__fa_1" "sky130_fd_sc_hd__fa_1" 2 65708;
 .timescale -9 -12;
    .port_info 0 /OUTPUT 1 "COUT";
    .port_info 1 /OUTPUT 1 "SUM";
    .port_info 2 /INPUT 1 "A";
    .port_info 3 /INPUT 1 "B";
    .port_info 4 /INPUT 1 "CIN";
o0x7f0afd457cf8 .functor BUFZ 1, C4<z>; HiZ drive
o0x7f0afd457cc8 .functor BUFZ 1, C4<z>; HiZ drive
L_0x5636849b7300 .functor OR 1, o0x7f0afd457cf8, o0x7f0afd457cc8, C4<0>, C4<0>;
o0x7f0afd457c98 .functor BUFZ 1, C4<z>; HiZ drive
L_0x5636849b7400 .functor AND 1, L_0x5636849b7300, o0x7f0afd457c98, C4<1>, C4<1>;
L_0x5636849b7530 .functor AND 1, o0x7f0afd457cc8, o0x7f0afd457cf8, C4<1>, C4<1>;
L_0x5636849b7640 .functor OR 1, L_0x5636849b7530, L_0x5636849b7400, C4<0>, C4<0>;
L_0x5636849b77a0 .functor BUF 1, L_0x5636849b7640, C4<0>, C4<0>, C4<0>;
L_0x5636849b7860 .functor AND 1, o0x7f0afd457cf8, o0x7f0afd457c98, o0x7f0afd457cc8, C4<1>;
L_0x5636849b7980 .functor NOR 1, o0x7f0afd457c98, L_0x5636849b7300, C4<0>, C4<0>;
L_0x5636849b79f0 .functor NOR 1, L_0x5636849b7980, L_0x5636849b77a0, C4<0>, C4<0>;
L_0x5636849b7b20 .functor OR 1, L_0x5636849b79f0, L_0x5636849b7860, C4<0>, C4<0>;
L_0x5636849b7c30 .functor BUF 1, L_0x5636849b7b20, C4<0>, C4<0>, C4<0>;
v0x5636848f5770_0 .net "A", 0 0, o0x7f0afd457c98;  0 drivers
v0x5636848f5810_0 .net "B", 0 0, o0x7f0afd457cc8;  0 drivers
v0x5636848f58b0_0 .net "CIN", 0 0, o0x7f0afd457cf8;  0 drivers
v0x5636848f5950_0 .net "COUT", 0 0, L_0x5636849b77a0;  1 drivers
v0x5636848f59f0_0 .net "SUM", 0 0, L_0x5636849b7c30;  1 drivers
L_0x563684094d80 .functor BUFT 1, C8<770>, C4<0>, C4<0>, C4<0>;
v0x5636848f5a90_0 .net8 "VGND", 0 0, L_0x563684094d80;  1 drivers, strength-aware
L_0x563684094c20 .functor BUFT 1, C8<770>, C4<0>, C4<0>, C4<0>;
v0x5636848f5b30_0 .net8 "VNB", 0 0, L_0x563684094c20;  1 drivers, strength-aware
L_0x563684092880 .functor BUFT 1, C8<771>, C4<0>, C4<0>, C4<0>;
v0x5636848f5bd0_0 .net8 "VPB", 0 0, L_0x563684092880;  1 drivers, strength-aware
L_0x563684091b10 .functor BUFT 1, C8<771>, C4<0>, C4<0>, C4<0>;
v0x5636848f5c70_0 .net8 "VPWR", 0 0, L_0x563684091b10;  1 drivers, strength-aware
v0x5636848f5d10_0 .net "and0_out", 0 0, L_0x5636849b7400;  1 drivers
v0x5636848f5db0_0 .net "and1_out", 0 0, L_0x5636849b7530;  1 drivers
v0x5636848f5e50_0 .net "and2_out", 0 0, L_0x5636849b7860;  1 drivers
v0x5636848f5ef0_0 .net "nor0_out", 0 0, L_0x5636849b7980;  1 drivers
v0x5636848f5f90_0 .net "nor1_out", 0 0, L_0x5636849b79f0;  1 drivers
v0x5636848f6030_0 .net "or0_out", 0 0, L_0x5636849b7300;  1 drivers
v0x5636848f60d0_0 .net "or1_out_COUT", 0 0, L_0x5636849b7640;  1 drivers
v0x5636848f6170_0 .net "or2_out_SUM", 0 0, L_0x5636849b7b20;  1 drivers
S_0x563683df8a10 .scope module, "sky130_fd_sc_hd__fa_2" "sky130_fd_sc_hd__fa_2" 2 66130;
 .timescale -9 -12;
    .port_info 0 /OUTPUT 1 "COUT";
    .port_info 1 /OUTPUT 1 "SUM";
    .port_info 2 /INPUT 1 "A";
    .port_info 3 /INPUT 1 "B";
    .port_info 4 /INPUT 1 "CIN";
o0x7f0afd458118 .functor BUFZ 1, C4<z>; HiZ drive
o0x7f0afd4580e8 .functor BUFZ 1, C4<z>; HiZ drive
L_0x5636849b7ab0 .functor OR 1, o0x7f0afd458118, o0x7f0afd4580e8, C4<0>, C4<0>;
o0x7f0afd4580b8 .functor BUFZ 1, C4<z>; HiZ drive
L_0x5636849b7d70 .functor AND 1, L_0x5636849b7ab0, o0x7f0afd4580b8, C4<1>, C4<1>;
L_0x5636849b7e60 .functor AND 1, o0x7f0afd4580e8, o0x7f0afd458118, C4<1>, C4<1>;
L_0x5636849b7fa0 .functor OR 1, L_0x5636849b7e60, L_0x5636849b7d70, C4<0>, C4<0>;
L_0x5636849b80b0 .functor BUF 1, L_0x5636849b7fa0, C4<0>, C4<0>, C4<0>;
L_0x5636849b8170 .functor AND 1, o0x7f0afd458118, o0x7f0afd4580b8, o0x7f0afd4580e8, C4<1>;
L_0x5636849b8230 .functor NOR 1, o0x7f0afd4580b8, L_0x5636849b7ab0, C4<0>, C4<0>;
L_0x5636849b82a0 .functor NOR 1, L_0x5636849b8230, L_0x5636849b80b0, C4<0>, C4<0>;
L_0x5636849b83d0 .functor OR 1, L_0x5636849b82a0, L_0x5636849b8170, C4<0>, C4<0>;
L_0x5636849b84e0 .functor BUF 1, L_0x5636849b83d0, C4<0>, C4<0>, C4<0>;
v0x5636848f6320_0 .net "A", 0 0, o0x7f0afd4580b8;  0 drivers
v0x5636848f63c0_0 .net "B", 0 0, o0x7f0afd4580e8;  0 drivers
v0x5636848f6460_0 .net "CIN", 0 0, o0x7f0afd458118;  0 drivers
v0x5636848f6500_0 .net "COUT", 0 0, L_0x5636849b80b0;  1 drivers
v0x5636848f65a0_0 .net "SUM", 0 0, L_0x5636849b84e0;  1 drivers
L_0x563684090d00 .functor BUFT 1, C8<770>, C4<0>, C4<0>, C4<0>;
v0x5636848f6640_0 .net8 "VGND", 0 0, L_0x563684090d00;  1 drivers, strength-aware
L_0x563684091940 .functor BUFT 1, C8<770>, C4<0>, C4<0>, C4<0>;
v0x5636848f66e0_0 .net8 "VNB", 0 0, L_0x563684091940;  1 drivers, strength-aware
L_0x563684091030 .functor BUFT 1, C8<771>, C4<0>, C4<0>, C4<0>;
v0x5636848f6780_0 .net8 "VPB", 0 0, L_0x563684091030;  1 drivers, strength-aware
L_0x5636840913d0 .functor BUFT 1, C8<771>, C4<0>, C4<0>, C4<0>;
v0x5636848f6820_0 .net8 "VPWR", 0 0, L_0x5636840913d0;  1 drivers, strength-aware
v0x5636848f68c0_0 .net "and0_out", 0 0, L_0x5636849b7d70;  1 drivers
v0x5636848f6960_0 .net "and1_out", 0 0, L_0x5636849b7e60;  1 drivers
v0x5636848f6a00_0 .net "and2_out", 0 0, L_0x5636849b8170;  1 drivers
v0x5636848f6aa0_0 .net "nor0_out", 0 0, L_0x5636849b8230;  1 drivers
v0x5636848f6b40_0 .net "nor1_out", 0 0, L_0x5636849b82a0;  1 drivers
v0x5636848f6be0_0 .net "or0_out", 0 0, L_0x5636849b7ab0;  1 drivers
v0x5636848f6c80_0 .net "or1_out_COUT", 0 0, L_0x5636849b7fa0;  1 drivers
v0x5636848f6d20_0 .net "or2_out_SUM", 0 0, L_0x5636849b83d0;  1 drivers
S_0x563683df8ba0 .scope module, "sky130_fd_sc_hd__fa_4" "sky130_fd_sc_hd__fa_4" 2 66552;
 .timescale -9 -12;
    .port_info 0 /OUTPUT 1 "COUT";
    .port_info 1 /OUTPUT 1 "SUM";
    .port_info 2 /INPUT 1 "A";
    .port_info 3 /INPUT 1 "B";
    .port_info 4 /INPUT 1 "CIN";
o0x7f0afd458538 .functor BUFZ 1, C4<z>; HiZ drive
o0x7f0afd458508 .functor BUFZ 1, C4<z>; HiZ drive
L_0x5636849b8360 .functor OR 1, o0x7f0afd458538, o0x7f0afd458508, C4<0>, C4<0>;
o0x7f0afd4584d8 .functor BUFZ 1, C4<z>; HiZ drive
L_0x5636849b8620 .functor AND 1, L_0x5636849b8360, o0x7f0afd4584d8, C4<1>, C4<1>;
L_0x5636849b8750 .functor AND 1, o0x7f0afd458508, o0x7f0afd458538, C4<1>, C4<1>;
L_0x5636849b8860 .functor OR 1, L_0x5636849b8750, L_0x5636849b8620, C4<0>, C4<0>;
L_0x5636849b89c0 .functor BUF 1, L_0x5636849b8860, C4<0>, C4<0>, C4<0>;
L_0x5636849b8a80 .functor AND 1, o0x7f0afd458538, o0x7f0afd4584d8, o0x7f0afd458508, C4<1>;
L_0x5636849b8b40 .functor NOR 1, o0x7f0afd4584d8, L_0x5636849b8360, C4<0>, C4<0>;
L_0x5636849b8bb0 .functor NOR 1, L_0x5636849b8b40, L_0x5636849b89c0, C4<0>, C4<0>;
L_0x5636849b8ce0 .functor OR 1, L_0x5636849b8bb0, L_0x5636849b8a80, C4<0>, C4<0>;
L_0x5636849b8df0 .functor BUF 1, L_0x5636849b8ce0, C4<0>, C4<0>, C4<0>;
v0x5636848f6ed0_0 .net "A", 0 0, o0x7f0afd4584d8;  0 drivers
v0x5636848f6f70_0 .net "B", 0 0, o0x7f0afd458508;  0 drivers
v0x5636848f7010_0 .net "CIN", 0 0, o0x7f0afd458538;  0 drivers
v0x5636848f70b0_0 .net "COUT", 0 0, L_0x5636849b89c0;  1 drivers
v0x5636848f7150_0 .net "SUM", 0 0, L_0x5636849b8df0;  1 drivers
L_0x563684090e60 .functor BUFT 1, C8<770>, C4<0>, C4<0>, C4<0>;
v0x5636848f71f0_0 .net8 "VGND", 0 0, L_0x563684090e60;  1 drivers, strength-aware
L_0x563684091770 .functor BUFT 1, C8<770>, C4<0>, C4<0>, C4<0>;
v0x5636848f7290_0 .net8 "VNB", 0 0, L_0x563684091770;  1 drivers, strength-aware
L_0x563684091d50 .functor BUFT 1, C8<771>, C4<0>, C4<0>, C4<0>;
v0x5636848f7330_0 .net8 "VPB", 0 0, L_0x563684091d50;  1 drivers, strength-aware
L_0x56368408db00 .functor BUFT 1, C8<771>, C4<0>, C4<0>, C4<0>;
v0x5636848f73d0_0 .net8 "VPWR", 0 0, L_0x56368408db00;  1 drivers, strength-aware
v0x5636848f7470_0 .net "and0_out", 0 0, L_0x5636849b8620;  1 drivers
v0x5636848f7510_0 .net "and1_out", 0 0, L_0x5636849b8750;  1 drivers
v0x5636848f75b0_0 .net "and2_out", 0 0, L_0x5636849b8a80;  1 drivers
v0x5636848f7650_0 .net "nor0_out", 0 0, L_0x5636849b8b40;  1 drivers
v0x5636848f76f0_0 .net "nor1_out", 0 0, L_0x5636849b8bb0;  1 drivers
v0x5636848f7790_0 .net "or0_out", 0 0, L_0x5636849b8360;  1 drivers
v0x5636848f7830_0 .net "or1_out_COUT", 0 0, L_0x5636849b8860;  1 drivers
v0x5636848f78d0_0 .net "or2_out_SUM", 0 0, L_0x5636849b8ce0;  1 drivers
S_0x563683dfba50 .scope module, "sky130_fd_sc_hd__fah_1" "sky130_fd_sc_hd__fah_1" 2 66956;
 .timescale -9 -12;
    .port_info 0 /OUTPUT 1 "COUT";
    .port_info 1 /OUTPUT 1 "SUM";
    .port_info 2 /INPUT 1 "A";
    .port_info 3 /INPUT 1 "B";
    .port_info 4 /INPUT 1 "CI";
o0x7f0afd4588f8 .functor BUFZ 1, C4<z>; HiZ drive
o0x7f0afd458928 .functor BUFZ 1, C4<z>; HiZ drive
o0x7f0afd458958 .functor BUFZ 1, C4<z>; HiZ drive
L_0x5636849b8c70 .functor XOR 1, o0x7f0afd4588f8, o0x7f0afd458928, o0x7f0afd458958, C4<0>;
L_0x5636849b8f90 .functor BUF 1, L_0x5636849b8c70, C4<0>, C4<0>, C4<0>;
L_0x5636849b9080 .functor AND 1, o0x7f0afd4588f8, o0x7f0afd458928, C4<1>, C4<1>;
L_0x5636849b9190 .functor AND 1, o0x7f0afd4588f8, o0x7f0afd458958, C4<1>, C4<1>;
L_0x5636849b9250 .functor AND 1, o0x7f0afd458928, o0x7f0afd458958, C4<1>, C4<1>;
L_0x5636849b92c0 .functor OR 1, L_0x5636849b9080, L_0x5636849b9190, L_0x5636849b9250, C4<0>;
L_0x5636849b9450 .functor BUF 1, L_0x5636849b92c0, C4<0>, C4<0>, C4<0>;
v0x5636848f7a80_0 .net "A", 0 0, o0x7f0afd4588f8;  0 drivers
v0x5636848f7b20_0 .net "B", 0 0, o0x7f0afd458928;  0 drivers
v0x5636848f7bc0_0 .net "CI", 0 0, o0x7f0afd458958;  0 drivers
v0x5636848f7c60_0 .net "COUT", 0 0, L_0x5636849b9450;  1 drivers
v0x5636848f7d00_0 .net "SUM", 0 0, L_0x5636849b8f90;  1 drivers
L_0x56368408e500 .functor BUFT 1, C8<770>, C4<0>, C4<0>, C4<0>;
v0x5636848f7da0_0 .net8 "VGND", 0 0, L_0x56368408e500;  1 drivers, strength-aware
L_0x56368408dc60 .functor BUFT 1, C8<770>, C4<0>, C4<0>, C4<0>;
v0x5636848f7e40_0 .net8 "VNB", 0 0, L_0x56368408dc60;  1 drivers, strength-aware
L_0x56368408d9a0 .functor BUFT 1, C8<771>, C4<0>, C4<0>, C4<0>;
v0x5636848f7ee0_0 .net8 "VPB", 0 0, L_0x56368408d9a0;  1 drivers, strength-aware
L_0x56368408df90 .functor BUFT 1, C8<771>, C4<0>, C4<0>, C4<0>;
v0x5636848f7f80_0 .net8 "VPWR", 0 0, L_0x56368408df90;  1 drivers, strength-aware
v0x5636848f8020_0 .net "a_b", 0 0, L_0x5636849b9080;  1 drivers
v0x5636848f80c0_0 .net "a_ci", 0 0, L_0x5636849b9190;  1 drivers
v0x5636848f8160_0 .net "b_ci", 0 0, L_0x5636849b9250;  1 drivers
v0x5636848f8200_0 .net "or0_out_COUT", 0 0, L_0x5636849b92c0;  1 drivers
v0x5636848f82a0_0 .net "xor0_out_SUM", 0 0, L_0x5636849b8c70;  1 drivers
S_0x563683dfbbe0 .scope module, "sky130_fd_sc_hd__fahcin_1" "sky130_fd_sc_hd__fahcin_1" 2 67360;
 .timescale -9 -12;
    .port_info 0 /OUTPUT 1 "COUT";
    .port_info 1 /OUTPUT 1 "SUM";
    .port_info 2 /INPUT 1 "A";
    .port_info 3 /INPUT 1 "B";
    .port_info 4 /INPUT 1 "CIN";
o0x7f0afd458ce8 .functor BUFZ 1, C4<z>; HiZ drive
L_0x5636849b94c0 .functor NOT 1, o0x7f0afd458ce8, C4<0>, C4<0>, C4<0>;
o0x7f0afd458c88 .functor BUFZ 1, C4<z>; HiZ drive
o0x7f0afd458cb8 .functor BUFZ 1, C4<z>; HiZ drive
L_0x5636849b9530 .functor XOR 1, o0x7f0afd458c88, o0x7f0afd458cb8, L_0x5636849b94c0, C4<0>;
L_0x5636849b96c0 .functor BUF 1, L_0x5636849b9530, C4<0>, C4<0>, C4<0>;
L_0x5636849b9780 .functor AND 1, o0x7f0afd458c88, o0x7f0afd458cb8, C4<1>, C4<1>;
L_0x5636849b98e0 .functor AND 1, o0x7f0afd458c88, L_0x5636849b94c0, C4<1>, C4<1>;
L_0x5636849b9950 .functor AND 1, o0x7f0afd458cb8, L_0x5636849b94c0, C4<1>, C4<1>;
L_0x5636849b9ab0 .functor OR 1, L_0x5636849b9780, L_0x5636849b98e0, L_0x5636849b9950, C4<0>;
L_0x5636849b9ba0 .functor BUF 1, L_0x5636849b9ab0, C4<0>, C4<0>, C4<0>;
v0x5636848f8340_0 .net "A", 0 0, o0x7f0afd458c88;  0 drivers
v0x5636848f83e0_0 .net "B", 0 0, o0x7f0afd458cb8;  0 drivers
v0x5636848f8480_0 .net "CIN", 0 0, o0x7f0afd458ce8;  0 drivers
v0x5636848f8520_0 .net "COUT", 0 0, L_0x5636849b9ba0;  1 drivers
v0x5636848f85c0_0 .net "SUM", 0 0, L_0x5636849b96c0;  1 drivers
L_0x56368408e160 .functor BUFT 1, C8<770>, C4<0>, C4<0>, C4<0>;
v0x5636848f8660_0 .net8 "VGND", 0 0, L_0x56368408e160;  1 drivers, strength-aware
L_0x56368408ee10 .functor BUFT 1, C8<770>, C4<0>, C4<0>, C4<0>;
v0x5636848f8700_0 .net8 "VNB", 0 0, L_0x56368408ee10;  1 drivers, strength-aware
L_0x56368408e6d0 .functor BUFT 1, C8<771>, C4<0>, C4<0>, C4<0>;
v0x5636848f87a0_0 .net8 "VPB", 0 0, L_0x56368408e6d0;  1 drivers, strength-aware
L_0x56368408c740 .functor BUFT 1, C8<771>, C4<0>, C4<0>, C4<0>;
v0x5636848f8840_0 .net8 "VPWR", 0 0, L_0x56368408c740;  1 drivers, strength-aware
v0x5636848f88e0_0 .net "a_b", 0 0, L_0x5636849b9780;  1 drivers
v0x5636848f8980_0 .net "a_ci", 0 0, L_0x5636849b98e0;  1 drivers
v0x5636848f8a20_0 .net "b_ci", 0 0, L_0x5636849b9950;  1 drivers
v0x5636848f8ac0_0 .net "ci", 0 0, L_0x5636849b94c0;  1 drivers
v0x5636848f8b60_0 .net "or0_out_COUT", 0 0, L_0x5636849b9ab0;  1 drivers
v0x5636848f8c00_0 .net "xor0_out_SUM", 0 0, L_0x5636849b9530;  1 drivers
S_0x563683dfbd70 .scope module, "sky130_fd_sc_hd__fahcon_1" "sky130_fd_sc_hd__fahcon_1" 2 67760;
 .timescale -9 -12;
    .port_info 0 /OUTPUT 1 "COUT_N";
    .port_info 1 /OUTPUT 1 "SUM";
    .port_info 2 /INPUT 1 "A";
    .port_info 3 /INPUT 1 "B";
    .port_info 4 /INPUT 1 "CI";
o0x7f0afd459048 .functor BUFZ 1, C4<z>; HiZ drive
o0x7f0afd459078 .functor BUFZ 1, C4<z>; HiZ drive
o0x7f0afd4590a8 .functor BUFZ 1, C4<z>; HiZ drive
L_0x5636849b9cd0 .functor XOR 1, o0x7f0afd459048, o0x7f0afd459078, o0x7f0afd4590a8, C4<0>;
L_0x5636849b9d70 .functor BUF 1, L_0x5636849b9cd0, C4<0>, C4<0>, C4<0>;
L_0x5636849b9ea0 .functor NOR 1, o0x7f0afd459048, o0x7f0afd459078, C4<0>, C4<0>;
L_0x5636849b9fb0 .functor NOR 1, o0x7f0afd459048, o0x7f0afd4590a8, C4<0>, C4<0>;
L_0x5636849ba0c0 .functor NOR 1, o0x7f0afd459078, o0x7f0afd4590a8, C4<0>, C4<0>;
L_0x5636849ba130 .functor OR 1, L_0x5636849b9ea0, L_0x5636849b9fb0, L_0x5636849ba0c0, C4<0>;
L_0x5636849ba290 .functor BUF 1, L_0x5636849ba130, C4<0>, C4<0>, C4<0>;
v0x5636848f8ca0_0 .net "A", 0 0, o0x7f0afd459048;  0 drivers
v0x5636848f8d40_0 .net "B", 0 0, o0x7f0afd459078;  0 drivers
v0x5636848f8de0_0 .net "CI", 0 0, o0x7f0afd4590a8;  0 drivers
v0x5636848f8e80_0 .net "COUT_N", 0 0, L_0x5636849ba290;  1 drivers
v0x5636848f8f20_0 .net "SUM", 0 0, L_0x5636849b9d70;  1 drivers
L_0x56368408b9d0 .functor BUFT 1, C8<770>, C4<0>, C4<0>, C4<0>;
v0x5636848f8fc0_0 .net8 "VGND", 0 0, L_0x56368408b9d0;  1 drivers, strength-aware
L_0x56368408b460 .functor BUFT 1, C8<770>, C4<0>, C4<0>, C4<0>;
v0x5636848f9060_0 .net8 "VNB", 0 0, L_0x56368408b460;  1 drivers, strength-aware
L_0x56368408abc0 .functor BUFT 1, C8<771>, C4<0>, C4<0>, C4<0>;
v0x5636848f9100_0 .net8 "VPB", 0 0, L_0x56368408abc0;  1 drivers, strength-aware
L_0x56368408b800 .functor BUFT 1, C8<771>, C4<0>, C4<0>, C4<0>;
v0x5636848f91a0_0 .net8 "VPWR", 0 0, L_0x56368408b800;  1 drivers, strength-aware
v0x5636848f92d0_0 .net "a_b", 0 0, L_0x5636849b9ea0;  1 drivers
v0x5636848f9370_0 .net "a_ci", 0 0, L_0x5636849b9fb0;  1 drivers
v0x5636848f9410_0 .net "b_ci", 0 0, L_0x5636849ba0c0;  1 drivers
v0x5636848f94b0_0 .net "or0_out_coutn", 0 0, L_0x5636849ba130;  1 drivers
v0x5636848f9550_0 .net "xor0_out_SUM", 0 0, L_0x5636849b9cd0;  1 drivers
S_0x563683dfec30 .scope module, "sky130_fd_sc_hd__fill_1" "sky130_fd_sc_hd__fill_1" 2 68051;
 .timescale -9 -12;
L_0x56368408aef0 .functor BUFT 1, C8<770>, C4<0>, C4<0>, C4<0>;
v0x5636848f95f0_0 .net8 "VGND", 0 0, L_0x56368408aef0;  1 drivers, strength-aware
L_0x56368408b290 .functor BUFT 1, C8<770>, C4<0>, C4<0>, C4<0>;
v0x5636848f9690_0 .net8 "VNB", 0 0, L_0x56368408b290;  1 drivers, strength-aware
L_0x56368408b0c0 .functor BUFT 1, C8<771>, C4<0>, C4<0>, C4<0>;
v0x5636848f9730_0 .net8 "VPB", 0 0, L_0x56368408b0c0;  1 drivers, strength-aware
L_0x56368408bd70 .functor BUFT 1, C8<771>, C4<0>, C4<0>, C4<0>;
v0x5636848f97d0_0 .net8 "VPWR", 0 0, L_0x56368408bd70;  1 drivers, strength-aware
S_0x563683dfedc0 .scope module, "sky130_fd_sc_hd__fill_2" "sky130_fd_sc_hd__fill_2" 2 68293;
 .timescale -9 -12;
L_0x56368408bc10 .functor BUFT 1, C8<770>, C4<0>, C4<0>, C4<0>;
v0x5636848f9870_0 .net8 "VGND", 0 0, L_0x56368408bc10;  1 drivers, strength-aware
L_0x563684088f80 .functor BUFT 1, C8<770>, C4<0>, C4<0>, C4<0>;
v0x5636848f9910_0 .net8 "VNB", 0 0, L_0x563684088f80;  1 drivers, strength-aware
L_0x563684088490 .functor BUFT 1, C8<771>, C4<0>, C4<0>, C4<0>;
v0x5636848f99b0_0 .net8 "VPB", 0 0, L_0x563684088490;  1 drivers, strength-aware
L_0x563684087850 .functor BUFT 1, C8<771>, C4<0>, C4<0>, C4<0>;
v0x5636848f9a50_0 .net8 "VPWR", 0 0, L_0x563684087850;  1 drivers, strength-aware
S_0x563683dfef50 .scope module, "sky130_fd_sc_hd__fill_4" "sky130_fd_sc_hd__fill_4" 2 68535;
 .timescale -9 -12;
L_0x563684087430 .functor BUFT 1, C8<770>, C4<0>, C4<0>, C4<0>;
v0x5636848f9af0_0 .net8 "VGND", 0 0, L_0x563684087430;  1 drivers, strength-aware
L_0x563684087b80 .functor BUFT 1, C8<770>, C4<0>, C4<0>, C4<0>;
v0x5636848f9b90_0 .net8 "VNB", 0 0, L_0x563684087b80;  1 drivers, strength-aware
L_0x563684087f20 .functor BUFT 1, C8<771>, C4<0>, C4<0>, C4<0>;
v0x5636848f9c30_0 .net8 "VPB", 0 0, L_0x563684087f20;  1 drivers, strength-aware
L_0x5636840879b0 .functor BUFT 1, C8<771>, C4<0>, C4<0>, C4<0>;
v0x5636848f9cd0_0 .net8 "VPWR", 0 0, L_0x5636840879b0;  1 drivers, strength-aware
S_0x563683e01e00 .scope module, "sky130_fd_sc_hd__fill_8" "sky130_fd_sc_hd__fill_8" 2 68777;
 .timescale -9 -12;
L_0x5636840880f0 .functor BUFT 1, C8<770>, C4<0>, C4<0>, C4<0>;
v0x5636848f9d70_0 .net8 "VGND", 0 0, L_0x5636840880f0;  1 drivers, strength-aware
L_0x5636840886d0 .functor BUFT 1, C8<770>, C4<0>, C4<0>, C4<0>;
v0x5636848f9e10_0 .net8 "VNB", 0 0, L_0x5636840886d0;  1 drivers, strength-aware
L_0x563684084c40 .functor BUFT 1, C8<771>, C4<0>, C4<0>, C4<0>;
v0x5636848f9eb0_0 .net8 "VPB", 0 0, L_0x563684084c40;  1 drivers, strength-aware
L_0x5636840846d0 .functor BUFT 1, C8<771>, C4<0>, C4<0>, C4<0>;
v0x5636848f9f50_0 .net8 "VPWR", 0 0, L_0x5636840846d0;  1 drivers, strength-aware
S_0x563683e01f90 .scope module, "sky130_fd_sc_hd__ha_1" "sky130_fd_sc_hd__ha_1" 2 69090;
 .timescale -9 -12;
    .port_info 0 /OUTPUT 1 "COUT";
    .port_info 1 /OUTPUT 1 "SUM";
    .port_info 2 /INPUT 1 "A";
    .port_info 3 /INPUT 1 "B";
o0x7f0afd4596d8 .functor BUFZ 1, C4<z>; HiZ drive
o0x7f0afd459708 .functor BUFZ 1, C4<z>; HiZ drive
L_0x5636849ba300 .functor AND 1, o0x7f0afd4596d8, o0x7f0afd459708, C4<1>, C4<1>;
L_0x5636849ba370 .functor BUF 1, L_0x5636849ba300, C4<0>, C4<0>, C4<0>;
L_0x5636849ba470 .functor XOR 1, o0x7f0afd459708, o0x7f0afd4596d8, C4<0>, C4<0>;
L_0x5636849ba580 .functor BUF 1, L_0x5636849ba470, C4<0>, C4<0>, C4<0>;
v0x5636848f9ff0_0 .net "A", 0 0, o0x7f0afd4596d8;  0 drivers
v0x5636848fa090_0 .net "B", 0 0, o0x7f0afd459708;  0 drivers
v0x5636848fa130_0 .net "COUT", 0 0, L_0x5636849ba370;  1 drivers
v0x5636848fa1d0_0 .net "SUM", 0 0, L_0x5636849ba580;  1 drivers
L_0x563684084a70 .functor BUFT 1, C8<770>, C4<0>, C4<0>, C4<0>;
v0x5636848fa270_0 .net8 "VGND", 0 0, L_0x563684084a70;  1 drivers, strength-aware
L_0x563684083b70 .functor BUFT 1, C8<770>, C4<0>, C4<0>, C4<0>;
v0x5636848fa310_0 .net8 "VNB", 0 0, L_0x563684083b70;  1 drivers, strength-aware
L_0x563684084160 .functor BUFT 1, C8<771>, C4<0>, C4<0>, C4<0>;
v0x5636848fa3b0_0 .net8 "VPB", 0 0, L_0x563684084160;  1 drivers, strength-aware
L_0x563684084330 .functor BUFT 1, C8<771>, C4<0>, C4<0>, C4<0>;
v0x5636848fa450_0 .net8 "VPWR", 0 0, L_0x563684084330;  1 drivers, strength-aware
v0x5636848fa4f0_0 .net "and0_out_COUT", 0 0, L_0x5636849ba300;  1 drivers
v0x5636848fa620_0 .net "xor0_out_SUM", 0 0, L_0x5636849ba470;  1 drivers
S_0x563683ed54a0 .scope module, "sky130_fd_sc_hd__ha_2" "sky130_fd_sc_hd__ha_2" 2 69432;
 .timescale -9 -12;
    .port_info 0 /OUTPUT 1 "COUT";
    .port_info 1 /OUTPUT 1 "SUM";
    .port_info 2 /INPUT 1 "A";
    .port_info 3 /INPUT 1 "B";
o0x7f0afd459978 .functor BUFZ 1, C4<z>; HiZ drive
o0x7f0afd4599a8 .functor BUFZ 1, C4<z>; HiZ drive
L_0x5636849ba690 .functor AND 1, o0x7f0afd459978, o0x7f0afd4599a8, C4<1>, C4<1>;
L_0x5636849ba700 .functor BUF 1, L_0x5636849ba690, C4<0>, C4<0>, C4<0>;
L_0x5636849ba7c0 .functor XOR 1, o0x7f0afd4599a8, o0x7f0afd459978, C4<0>, C4<0>;
L_0x5636849ba8d0 .functor BUF 1, L_0x5636849ba7c0, C4<0>, C4<0>, C4<0>;
v0x5636848fa6c0_0 .net "A", 0 0, o0x7f0afd459978;  0 drivers
v0x5636848fa760_0 .net "B", 0 0, o0x7f0afd4599a8;  0 drivers
v0x5636848fa800_0 .net "COUT", 0 0, L_0x5636849ba700;  1 drivers
v0x5636848fa8a0_0 .net "SUM", 0 0, L_0x5636849ba8d0;  1 drivers
L_0x563684084fe0 .functor BUFT 1, C8<770>, C4<0>, C4<0>, C4<0>;
v0x5636848fa940_0 .net8 "VGND", 0 0, L_0x563684084fe0;  1 drivers, strength-aware
L_0x5636840848a0 .functor BUFT 1, C8<770>, C4<0>, C4<0>, C4<0>;
v0x5636848fa9e0_0 .net8 "VNB", 0 0, L_0x5636840848a0;  1 drivers, strength-aware
L_0x5636840802b0 .functor BUFT 1, C8<771>, C4<0>, C4<0>, C4<0>;
v0x5636848faa80_0 .net8 "VPB", 0 0, L_0x5636840802b0;  1 drivers, strength-aware
L_0x563684081220 .functor BUFT 1, C8<771>, C4<0>, C4<0>, C4<0>;
v0x5636848fab20_0 .net8 "VPWR", 0 0, L_0x563684081220;  1 drivers, strength-aware
v0x5636848fabc0_0 .net "and0_out_COUT", 0 0, L_0x5636849ba690;  1 drivers
v0x5636848facf0_0 .net "xor0_out_SUM", 0 0, L_0x5636849ba7c0;  1 drivers
S_0x563683ed56a0 .scope module, "sky130_fd_sc_hd__ha_4" "sky130_fd_sc_hd__ha_4" 2 69774;
 .timescale -9 -12;
    .port_info 0 /OUTPUT 1 "COUT";
    .port_info 1 /OUTPUT 1 "SUM";
    .port_info 2 /INPUT 1 "A";
    .port_info 3 /INPUT 1 "B";
o0x7f0afd459c18 .functor BUFZ 1, C4<z>; HiZ drive
o0x7f0afd459c48 .functor BUFZ 1, C4<z>; HiZ drive
L_0x5636849ba990 .functor AND 1, o0x7f0afd459c18, o0x7f0afd459c48, C4<1>, C4<1>;
L_0x5636849baa00 .functor BUF 1, L_0x5636849ba990, C4<0>, C4<0>, C4<0>;
L_0x5636849bab00 .functor XOR 1, o0x7f0afd459c48, o0x7f0afd459c18, C4<0>, C4<0>;
L_0x5636849bac10 .functor BUF 1, L_0x5636849bab00, C4<0>, C4<0>, C4<0>;
v0x5636848fad90_0 .net "A", 0 0, o0x7f0afd459c18;  0 drivers
v0x5636848fae30_0 .net "B", 0 0, o0x7f0afd459c48;  0 drivers
v0x5636848faed0_0 .net "COUT", 0 0, L_0x5636849baa00;  1 drivers
v0x5636848faf70_0 .net "SUM", 0 0, L_0x5636849bac10;  1 drivers
L_0x563684080410 .functor BUFT 1, C8<770>, C4<0>, C4<0>, C4<0>;
v0x5636848fb010_0 .net8 "VGND", 0 0, L_0x563684080410;  1 drivers, strength-aware
L_0x56368407fff0 .functor BUFT 1, C8<770>, C4<0>, C4<0>, C4<0>;
v0x5636848fb0b0_0 .net8 "VNB", 0 0, L_0x56368407fff0;  1 drivers, strength-aware
L_0x563684080150 .functor BUFT 1, C8<771>, C4<0>, C4<0>, C4<0>;
v0x5636848fb150_0 .net8 "VPB", 0 0, L_0x563684080150;  1 drivers, strength-aware
L_0x563684080ae0 .functor BUFT 1, C8<771>, C4<0>, C4<0>, C4<0>;
v0x5636848fb1f0_0 .net8 "VPWR", 0 0, L_0x563684080ae0;  1 drivers, strength-aware
v0x5636848fb290_0 .net "and0_out_COUT", 0 0, L_0x5636849ba990;  1 drivers
v0x5636848fb3c0_0 .net "xor0_out_SUM", 0 0, L_0x5636849bab00;  1 drivers
S_0x563683edfc80 .scope module, "sky130_fd_sc_hd__inv_1" "sky130_fd_sc_hd__inv_1" 2 70086;
 .timescale -9 -12;
    .port_info 0 /OUTPUT 1 "Y";
    .port_info 1 /INPUT 1 "A";
o0x7f0afd459eb8 .functor BUFZ 1, C4<z>; HiZ drive
L_0x5636849bad20 .functor NOT 1, o0x7f0afd459eb8, C4<0>, C4<0>, C4<0>;
L_0x5636849bad90 .functor BUF 1, L_0x5636849bad20, C4<0>, C4<0>, C4<0>;
v0x5636848fb460_0 .net "A", 0 0, o0x7f0afd459eb8;  0 drivers
L_0x563684080570 .functor BUFT 1, C8<770>, C4<0>, C4<0>, C4<0>;
v0x5636848fb500_0 .net8 "VGND", 0 0, L_0x563684080570;  1 drivers, strength-aware
L_0x5636840815c0 .functor BUFT 1, C8<770>, C4<0>, C4<0>, C4<0>;
v0x5636848fb5a0_0 .net8 "VNB", 0 0, L_0x5636840815c0;  1 drivers, strength-aware
L_0x563684081460 .functor BUFT 1, C8<771>, C4<0>, C4<0>, C4<0>;
v0x5636848fb640_0 .net8 "VPB", 0 0, L_0x563684081460;  1 drivers, strength-aware
L_0x56368407bd50 .functor BUFT 1, C8<771>, C4<0>, C4<0>, C4<0>;
v0x5636848fb6e0_0 .net8 "VPWR", 0 0, L_0x56368407bd50;  1 drivers, strength-aware
v0x5636848fb780_0 .net "Y", 0 0, L_0x5636849bad90;  1 drivers
v0x5636848fb820_0 .net "not0_out_Y", 0 0, L_0x5636849bad20;  1 drivers
S_0x563683edfe10 .scope module, "sky130_fd_sc_hd__inv_12" "sky130_fd_sc_hd__inv_12" 2 71586;
 .timescale -9 -12;
    .port_info 0 /OUTPUT 1 "Y";
    .port_info 1 /INPUT 1 "A";
o0x7f0afd45a068 .functor BUFZ 1, C4<z>; HiZ drive
L_0x5636849bae50 .functor NOT 1, o0x7f0afd45a068, C4<0>, C4<0>, C4<0>;
L_0x5636849baef0 .functor BUF 1, L_0x5636849bae50, C4<0>, C4<0>, C4<0>;
v0x5636848fb8c0_0 .net "A", 0 0, o0x7f0afd45a068;  0 drivers
L_0x56368407beb0 .functor BUFT 1, C8<770>, C4<0>, C4<0>, C4<0>;
v0x5636848fb960_0 .net8 "VGND", 0 0, L_0x56368407beb0;  1 drivers, strength-aware
L_0x56368407ba90 .functor BUFT 1, C8<770>, C4<0>, C4<0>, C4<0>;
v0x5636848fba00_0 .net8 "VNB", 0 0, L_0x56368407ba90;  1 drivers, strength-aware
L_0x56368407c750 .functor BUFT 1, C8<771>, C4<0>, C4<0>, C4<0>;
v0x5636848fbaa0_0 .net8 "VPB", 0 0, L_0x56368407c750;  1 drivers, strength-aware
L_0x56368407d060 .functor BUFT 1, C8<771>, C4<0>, C4<0>, C4<0>;
v0x5636848fbb40_0 .net8 "VPWR", 0 0, L_0x56368407d060;  1 drivers, strength-aware
v0x5636848fbbe0_0 .net "Y", 0 0, L_0x5636849baef0;  1 drivers
v0x5636848fbc80_0 .net "not0_out_Y", 0 0, L_0x5636849bae50;  1 drivers
S_0x563683edffa0 .scope module, "sky130_fd_sc_hd__inv_16" "sky130_fd_sc_hd__inv_16" 2 71886;
 .timescale -9 -12;
    .port_info 0 /OUTPUT 1 "Y";
    .port_info 1 /INPUT 1 "A";
o0x7f0afd45a218 .functor BUFZ 1, C4<z>; HiZ drive
L_0x5636849bb020 .functor NOT 1, o0x7f0afd45a218, C4<0>, C4<0>, C4<0>;
L_0x5636849bb090 .functor BUF 1, L_0x5636849bb020, C4<0>, C4<0>, C4<0>;
v0x5636848fbd20_0 .net "A", 0 0, o0x7f0afd45a218;  0 drivers
L_0x56368407c1e0 .functor BUFT 1, C8<770>, C4<0>, C4<0>, C4<0>;
v0x5636848fbdc0_0 .net8 "VGND", 0 0, L_0x56368407c1e0;  1 drivers, strength-aware
L_0x56368407c580 .functor BUFT 1, C8<770>, C4<0>, C4<0>, C4<0>;
v0x5636848fbe60_0 .net8 "VNB", 0 0, L_0x56368407c580;  1 drivers, strength-aware
L_0x56368407c010 .functor BUFT 1, C8<771>, C4<0>, C4<0>, C4<0>;
v0x5636848fbf00_0 .net8 "VPB", 0 0, L_0x56368407c010;  1 drivers, strength-aware
L_0x56368407d400 .functor BUFT 1, C8<771>, C4<0>, C4<0>, C4<0>;
v0x5636848fbfa0_0 .net8 "VPWR", 0 0, L_0x56368407d400;  1 drivers, strength-aware
v0x5636848fc040_0 .net "Y", 0 0, L_0x5636849bb090;  1 drivers
v0x5636848fc0e0_0 .net "not0_out_Y", 0 0, L_0x5636849bb020;  1 drivers
S_0x563683eea460 .scope module, "sky130_fd_sc_hd__inv_4" "sky130_fd_sc_hd__inv_4" 2 70686;
 .timescale -9 -12;
    .port_info 0 /OUTPUT 1 "Y";
    .port_info 1 /INPUT 1 "A";
o0x7f0afd45a3c8 .functor BUFZ 1, C4<z>; HiZ drive
L_0x5636849bb180 .functor NOT 1, o0x7f0afd45a3c8, C4<0>, C4<0>, C4<0>;
L_0x5636849bb220 .functor BUF 1, L_0x5636849bb180, C4<0>, C4<0>, C4<0>;
v0x5636848fc180_0 .net "A", 0 0, o0x7f0afd45a3c8;  0 drivers
L_0x56368407d5d0 .functor BUFT 1, C8<770>, C4<0>, C4<0>, C4<0>;
v0x5636848fc220_0 .net8 "VGND", 0 0, L_0x56368407d5d0;  1 drivers, strength-aware
L_0x56368407c990 .functor BUFT 1, C8<770>, C4<0>, C4<0>, C4<0>;
v0x5636848fc2c0_0 .net8 "VNB", 0 0, L_0x56368407c990;  1 drivers, strength-aware
L_0x5636840777f0 .functor BUFT 1, C8<771>, C4<0>, C4<0>, C4<0>;
v0x5636848fc360_0 .net8 "VPB", 0 0, L_0x5636840777f0;  1 drivers, strength-aware
L_0x563684077950 .functor BUFT 1, C8<771>, C4<0>, C4<0>, C4<0>;
v0x5636848fc400_0 .net8 "VPWR", 0 0, L_0x563684077950;  1 drivers, strength-aware
v0x5636848fc4a0_0 .net "Y", 0 0, L_0x5636849bb220;  1 drivers
v0x5636848fc540_0 .net "not0_out_Y", 0 0, L_0x5636849bb180;  1 drivers
S_0x563683eea5f0 .scope module, "sky130_fd_sc_hd__inv_6" "sky130_fd_sc_hd__inv_6" 2 70986;
 .timescale -9 -12;
    .port_info 0 /OUTPUT 1 "Y";
    .port_info 1 /INPUT 1 "A";
o0x7f0afd45a578 .functor BUFZ 1, C4<z>; HiZ drive
L_0x5636849bb350 .functor NOT 1, o0x7f0afd45a578, C4<0>, C4<0>, C4<0>;
L_0x5636849bb3c0 .functor BUF 1, L_0x5636849bb350, C4<0>, C4<0>, C4<0>;
v0x5636848fc5e0_0 .net "A", 0 0, o0x7f0afd45a578;  0 drivers
L_0x563684077530 .functor BUFT 1, C8<770>, C4<0>, C4<0>, C4<0>;
v0x5636848fc680_0 .net8 "VGND", 0 0, L_0x563684077530;  1 drivers, strength-aware
L_0x5636840781f0 .functor BUFT 1, C8<770>, C4<0>, C4<0>, C4<0>;
v0x5636848fc720_0 .net8 "VNB", 0 0, L_0x5636840781f0;  1 drivers, strength-aware
L_0x563684078b00 .functor BUFT 1, C8<771>, C4<0>, C4<0>, C4<0>;
v0x5636848fc7c0_0 .net8 "VPB", 0 0, L_0x563684078b00;  1 drivers, strength-aware
L_0x563684078930 .functor BUFT 1, C8<771>, C4<0>, C4<0>, C4<0>;
v0x5636848fc860_0 .net8 "VPWR", 0 0, L_0x563684078930;  1 drivers, strength-aware
v0x5636848fc900_0 .net "Y", 0 0, L_0x5636849bb3c0;  1 drivers
v0x5636848fc9a0_0 .net "not0_out_Y", 0 0, L_0x5636849bb350;  1 drivers
S_0x563683eea780 .scope module, "sky130_fd_sc_hd__inv_8" "sky130_fd_sc_hd__inv_8" 2 71286;
 .timescale -9 -12;
    .port_info 0 /OUTPUT 1 "Y";
    .port_info 1 /INPUT 1 "A";
o0x7f0afd45a728 .functor BUFZ 1, C4<z>; HiZ drive
L_0x5636849bb4b0 .functor NOT 1, o0x7f0afd45a728, C4<0>, C4<0>, C4<0>;
L_0x5636849bb550 .functor BUF 1, L_0x5636849bb4b0, C4<0>, C4<0>, C4<0>;
v0x5636848fca40_0 .net "A", 0 0, o0x7f0afd45a728;  0 drivers
L_0x563684078020 .functor BUFT 1, C8<770>, C4<0>, C4<0>, C4<0>;
v0x5636848fcae0_0 .net8 "VGND", 0 0, L_0x563684078020;  1 drivers, strength-aware
L_0x563684077ab0 .functor BUFT 1, C8<770>, C4<0>, C4<0>, C4<0>;
v0x5636848fcb80_0 .net8 "VNB", 0 0, L_0x563684077ab0;  1 drivers, strength-aware
L_0x563684078ea0 .functor BUFT 1, C8<771>, C4<0>, C4<0>, C4<0>;
v0x5636848fcc20_0 .net8 "VPB", 0 0, L_0x563684078ea0;  1 drivers, strength-aware
L_0x563684079070 .functor BUFT 1, C8<771>, C4<0>, C4<0>, C4<0>;
v0x5636848fccc0_0 .net8 "VPWR", 0 0, L_0x563684079070;  1 drivers, strength-aware
v0x5636848fcd60_0 .net "Y", 0 0, L_0x5636849bb550;  1 drivers
v0x5636848fce00_0 .net "not0_out_Y", 0 0, L_0x5636849bb4b0;  1 drivers
S_0x563683ef4c40 .scope module, "sky130_fd_sc_hd__lpflow_bleeder_1" "sky130_fd_sc_hd__lpflow_bleeder_1" 2 72135;
 .timescale -9 -12;
    .port_info 0 /INPUT 1 "SHORT";
o0x7f0afd45a8d8 .functor BUFZ 1, C4<z>; HiZ drive
v0x5636848fcea0_0 .net "SHORT", 0 0, o0x7f0afd45a8d8;  0 drivers
S_0x563683ef4dd0 .scope module, "sky130_fd_sc_hd__lpflow_clkbufkapwr_1" "sky130_fd_sc_hd__lpflow_clkbufkapwr_1" 2 72427;
 .timescale -9 -12;
    .port_info 0 /OUTPUT 1 "X";
    .port_info 1 /INPUT 1 "A";
o0x7f0afd45a938 .functor BUFZ 1, C4<z>; HiZ drive
L_0x5636849bb680 .functor BUF 1, o0x7f0afd45a938, C4<0>, C4<0>, C4<0>;
L_0x5636849bb6f0 .functor BUF 1, L_0x5636849bb680, C4<0>, C4<0>, C4<0>;
v0x5636848fcf40_0 .net "A", 0 0, o0x7f0afd45a938;  0 drivers
L_0x563684078430 .functor BUFT 1, C8<771>, C4<0>, C4<0>, C4<0>;
v0x5636848fcfe0_0 .net8 "KAPWR", 0 0, L_0x563684078430;  1 drivers, strength-aware
L_0x563684073290 .functor BUFT 1, C8<770>, C4<0>, C4<0>, C4<0>;
v0x5636848fd080_0 .net8 "VGND", 0 0, L_0x563684073290;  1 drivers, strength-aware
L_0x5636840733f0 .functor BUFT 1, C8<770>, C4<0>, C4<0>, C4<0>;
v0x5636848fd120_0 .net8 "VNB", 0 0, L_0x5636840733f0;  1 drivers, strength-aware
L_0x563684074200 .functor BUFT 1, C8<771>, C4<0>, C4<0>, C4<0>;
v0x5636848fd1c0_0 .net8 "VPB", 0 0, L_0x563684074200;  1 drivers, strength-aware
L_0x563684073c90 .functor BUFT 1, C8<771>, C4<0>, C4<0>, C4<0>;
v0x5636848fd260_0 .net8 "VPWR", 0 0, L_0x563684073c90;  1 drivers, strength-aware
v0x5636848fd300_0 .net "X", 0 0, L_0x5636849bb6f0;  1 drivers
v0x5636848fd3a0_0 .net "buf0_out_X", 0 0, L_0x5636849bb680;  1 drivers
S_0x563683ef4f60 .scope module, "sky130_fd_sc_hd__lpflow_clkbufkapwr_16" "sky130_fd_sc_hd__lpflow_clkbufkapwr_16" 2 73647;
 .timescale -9 -12;
    .port_info 0 /OUTPUT 1 "X";
    .port_info 1 /INPUT 1 "A";
o0x7f0afd45ab18 .functor BUFZ 1, C4<z>; HiZ drive
L_0x5636849bb7e0 .functor BUF 1, o0x7f0afd45ab18, C4<0>, C4<0>, C4<0>;
L_0x5636849bb880 .functor BUF 1, L_0x5636849bb7e0, C4<0>, C4<0>, C4<0>;
v0x5636848fd440_0 .net "A", 0 0, o0x7f0afd45ab18;  0 drivers
L_0x5636840745a0 .functor BUFT 1, C8<771>, C4<0>, C4<0>, C4<0>;
v0x5636848fd4e0_0 .net8 "KAPWR", 0 0, L_0x5636840745a0;  1 drivers, strength-aware
L_0x5636840743d0 .functor BUFT 1, C8<770>, C4<0>, C4<0>, C4<0>;
v0x5636848fd580_0 .net8 "VGND", 0 0, L_0x5636840743d0;  1 drivers, strength-aware
L_0x563684073ac0 .functor BUFT 1, C8<770>, C4<0>, C4<0>, C4<0>;
v0x5636848fd620_0 .net8 "VNB", 0 0, L_0x563684073ac0;  1 drivers, strength-aware
L_0x5636840738f0 .functor BUFT 1, C8<771>, C4<0>, C4<0>, C4<0>;
v0x5636848fd6c0_0 .net8 "VPB", 0 0, L_0x5636840738f0;  1 drivers, strength-aware
L_0x563684074940 .functor BUFT 1, C8<771>, C4<0>, C4<0>, C4<0>;
v0x5636848fd760_0 .net8 "VPWR", 0 0, L_0x563684074940;  1 drivers, strength-aware
v0x5636848fd800_0 .net "X", 0 0, L_0x5636849bb880;  1 drivers
v0x5636848fd8a0_0 .net "buf0_out_X", 0 0, L_0x5636849bb7e0;  1 drivers
S_0x563683eff420 .scope module, "sky130_fd_sc_hd__lpflow_clkbufkapwr_2" "sky130_fd_sc_hd__lpflow_clkbufkapwr_2" 2 72732;
 .timescale -9 -12;
    .port_info 0 /OUTPUT 1 "X";
    .port_info 1 /INPUT 1 "A";
o0x7f0afd45acf8 .functor BUFZ 1, C4<z>; HiZ drive
L_0x5636849bb970 .functor BUF 1, o0x7f0afd45acf8, C4<0>, C4<0>, C4<0>;
L_0x5636849bba10 .functor BUF 1, L_0x5636849bb970, C4<0>, C4<0>, C4<0>;
v0x5636848fd940_0 .net "A", 0 0, o0x7f0afd45acf8;  0 drivers
L_0x563684074b10 .functor BUFT 1, C8<771>, C4<0>, C4<0>, C4<0>;
v0x5636848fd9e0_0 .net8 "KAPWR", 0 0, L_0x563684074b10;  1 drivers, strength-aware
L_0x563684074ce0 .functor BUFT 1, C8<770>, C4<0>, C4<0>, C4<0>;
v0x5636848fda80_0 .net8 "VGND", 0 0, L_0x563684074ce0;  1 drivers, strength-aware
L_0x56368406e8e0 .functor BUFT 1, C8<770>, C4<0>, C4<0>, C4<0>;
v0x5636848fdb20_0 .net8 "VNB", 0 0, L_0x56368406e8e0;  1 drivers, strength-aware
L_0x56368406f850 .functor BUFT 1, C8<771>, C4<0>, C4<0>, C4<0>;
v0x5636848fdbc0_0 .net8 "VPB", 0 0, L_0x56368406f850;  1 drivers, strength-aware
L_0x56368406fa20 .functor BUFT 1, C8<771>, C4<0>, C4<0>, C4<0>;
v0x5636848fdc60_0 .net8 "VPWR", 0 0, L_0x56368406fa20;  1 drivers, strength-aware
v0x5636848fdd00_0 .net "X", 0 0, L_0x5636849bba10;  1 drivers
v0x5636848fdda0_0 .net "buf0_out_X", 0 0, L_0x5636849bb970;  1 drivers
S_0x563683eff5b0 .scope module, "sky130_fd_sc_hd__lpflow_clkbufkapwr_4" "sky130_fd_sc_hd__lpflow_clkbufkapwr_4" 2 73037;
 .timescale -9 -12;
    .port_info 0 /OUTPUT 1 "X";
    .port_info 1 /INPUT 1 "A";
o0x7f0afd45aed8 .functor BUFZ 1, C4<z>; HiZ drive
L_0x5636849bbb00 .functor BUF 1, o0x7f0afd45aed8, C4<0>, C4<0>, C4<0>;
L_0x5636849bbba0 .functor BUF 1, L_0x5636849bbb00, C4<0>, C4<0>, C4<0>;
v0x5636848fde40_0 .net "A", 0 0, o0x7f0afd45aed8;  0 drivers
L_0x56368406f2e0 .functor BUFT 1, C8<771>, C4<0>, C4<0>, C4<0>;
v0x5636848fdee0_0 .net8 "KAPWR", 0 0, L_0x56368406f2e0;  1 drivers, strength-aware
L_0x56368406e780 .functor BUFT 1, C8<770>, C4<0>, C4<0>, C4<0>;
v0x5636848fdf80_0 .net8 "VGND", 0 0, L_0x56368406e780;  1 drivers, strength-aware
L_0x56368406fbf0 .functor BUFT 1, C8<770>, C4<0>, C4<0>, C4<0>;
v0x5636848fe020_0 .net8 "VNB", 0 0, L_0x56368406fbf0;  1 drivers, strength-aware
L_0x56368406ed70 .functor BUFT 1, C8<771>, C4<0>, C4<0>, C4<0>;
v0x5636848fe0c0_0 .net8 "VPB", 0 0, L_0x56368406ed70;  1 drivers, strength-aware
L_0x56368406ef40 .functor BUFT 1, C8<771>, C4<0>, C4<0>, C4<0>;
v0x5636848fe160_0 .net8 "VPWR", 0 0, L_0x56368406ef40;  1 drivers, strength-aware
v0x5636848fe200_0 .net "X", 0 0, L_0x5636849bbba0;  1 drivers
v0x5636848fe2a0_0 .net "buf0_out_X", 0 0, L_0x5636849bbb00;  1 drivers
S_0x563683eff740 .scope module, "sky130_fd_sc_hd__lpflow_clkbufkapwr_8" "sky130_fd_sc_hd__lpflow_clkbufkapwr_8" 2 73342;
 .timescale -9 -12;
    .port_info 0 /OUTPUT 1 "X";
    .port_info 1 /INPUT 1 "A";
o0x7f0afd45b0b8 .functor BUFZ 1, C4<z>; HiZ drive
L_0x5636849bbc90 .functor BUF 1, o0x7f0afd45b0b8, C4<0>, C4<0>, C4<0>;
L_0x5636849bbd30 .functor BUF 1, L_0x5636849bbc90, C4<0>, C4<0>, C4<0>;
v0x5636848fe340_0 .net "A", 0 0, o0x7f0afd45b0b8;  0 drivers
L_0x563684070160 .functor BUFT 1, C8<771>, C4<0>, C4<0>, C4<0>;
v0x5636848fe3e0_0 .net8 "KAPWR", 0 0, L_0x563684070160;  1 drivers, strength-aware
L_0x56368406ff90 .functor BUFT 1, C8<770>, C4<0>, C4<0>, C4<0>;
v0x5636848fe480_0 .net8 "VGND", 0 0, L_0x56368406ff90;  1 drivers, strength-aware
L_0x563684070500 .functor BUFT 1, C8<770>, C4<0>, C4<0>, C4<0>;
v0x5636848fe520_0 .net8 "VNB", 0 0, L_0x563684070500;  1 drivers, strength-aware
L_0x56368406f4b0 .functor BUFT 1, C8<771>, C4<0>, C4<0>, C4<0>;
v0x5636848fe5c0_0 .net8 "VPB", 0 0, L_0x56368406f4b0;  1 drivers, strength-aware
L_0x563684069f30 .functor BUFT 1, C8<771>, C4<0>, C4<0>, C4<0>;
v0x5636848fe660_0 .net8 "VPWR", 0 0, L_0x563684069f30;  1 drivers, strength-aware
v0x5636848fe700_0 .net "X", 0 0, L_0x5636849bbd30;  1 drivers
v0x5636848fe7a0_0 .net "buf0_out_X", 0 0, L_0x5636849bbc90;  1 drivers
S_0x563683f09c00 .scope module, "sky130_fd_sc_hd__lpflow_clkinvkapwr_1" "sky130_fd_sc_hd__lpflow_clkinvkapwr_1" 2 73952;
 .timescale -9 -12;
    .port_info 0 /OUTPUT 1 "Y";
    .port_info 1 /INPUT 1 "A";
o0x7f0afd45b298 .functor BUFZ 1, C4<z>; HiZ drive
L_0x5636849bbe20 .functor NOT 1, o0x7f0afd45b298, C4<0>, C4<0>, C4<0>;
L_0x5636849bbec0 .functor BUF 1, L_0x5636849bbe20, C4<0>, C4<0>, C4<0>;
v0x5636848fe840_0 .net "A", 0 0, o0x7f0afd45b298;  0 drivers
L_0x56368406a090 .functor BUFT 1, C8<771>, C4<0>, C4<0>, C4<0>;
v0x5636848fe8e0_0 .net8 "KAPWR", 0 0, L_0x56368406a090;  1 drivers, strength-aware
L_0x56368406b070 .functor BUFT 1, C8<770>, C4<0>, C4<0>, C4<0>;
v0x5636848fe980_0 .net8 "VGND", 0 0, L_0x56368406b070;  1 drivers, strength-aware
L_0x56368406a930 .functor BUFT 1, C8<770>, C4<0>, C4<0>, C4<0>;
v0x5636848fea20_0 .net8 "VNB", 0 0, L_0x56368406a930;  1 drivers, strength-aware
L_0x563684069dd0 .functor BUFT 1, C8<771>, C4<0>, C4<0>, C4<0>;
v0x5636848feac0_0 .net8 "VPB", 0 0, L_0x563684069dd0;  1 drivers, strength-aware
L_0x56368406b240 .functor BUFT 1, C8<771>, C4<0>, C4<0>, C4<0>;
v0x5636848feb60_0 .net8 "VPWR", 0 0, L_0x56368406b240;  1 drivers, strength-aware
v0x5636848fec00_0 .net "Y", 0 0, L_0x5636849bbec0;  1 drivers
v0x5636848feca0_0 .net "not0_out_Y", 0 0, L_0x5636849bbe20;  1 drivers
S_0x563683f09d90 .scope module, "sky130_fd_sc_hd__lpflow_clkinvkapwr_16" "sky130_fd_sc_hd__lpflow_clkinvkapwr_16" 2 75172;
 .timescale -9 -12;
    .port_info 0 /OUTPUT 1 "Y";
    .port_info 1 /INPUT 1 "A";
o0x7f0afd45b478 .functor BUFZ 1, C4<z>; HiZ drive
L_0x5636849bbfb0 .functor NOT 1, o0x7f0afd45b478, C4<0>, C4<0>, C4<0>;
L_0x5636849bc050 .functor BUF 1, L_0x5636849bbfb0, C4<0>, C4<0>, C4<0>;
v0x5636848fed40_0 .net "A", 0 0, o0x7f0afd45b478;  0 drivers
L_0x56368406a760 .functor BUFT 1, C8<771>, C4<0>, C4<0>, C4<0>;
v0x5636848fede0_0 .net8 "KAPWR", 0 0, L_0x56368406a760;  1 drivers, strength-aware
L_0x56368406a590 .functor BUFT 1, C8<770>, C4<0>, C4<0>, C4<0>;
v0x5636848fee80_0 .net8 "VGND", 0 0, L_0x56368406a590;  1 drivers, strength-aware
L_0x56368406b7b0 .functor BUFT 1, C8<770>, C4<0>, C4<0>, C4<0>;
v0x5636848fef20_0 .net8 "VNB", 0 0, L_0x56368406b7b0;  1 drivers, strength-aware
L_0x56368406b5e0 .functor BUFT 1, C8<771>, C4<0>, C4<0>, C4<0>;
v0x5636848fefc0_0 .net8 "VPB", 0 0, L_0x56368406b5e0;  1 drivers, strength-aware
L_0x56368406bb50 .functor BUFT 1, C8<771>, C4<0>, C4<0>, C4<0>;
v0x5636848ff060_0 .net8 "VPWR", 0 0, L_0x56368406bb50;  1 drivers, strength-aware
v0x5636848ff100_0 .net "Y", 0 0, L_0x5636849bc050;  1 drivers
v0x5636848ff1a0_0 .net "not0_out_Y", 0 0, L_0x5636849bbfb0;  1 drivers
S_0x563683f09f20 .scope module, "sky130_fd_sc_hd__lpflow_clkinvkapwr_2" "sky130_fd_sc_hd__lpflow_clkinvkapwr_2" 2 74257;
 .timescale -9 -12;
    .port_info 0 /OUTPUT 1 "Y";
    .port_info 1 /INPUT 1 "A";
o0x7f0afd45b658 .functor BUFZ 1, C4<z>; HiZ drive
L_0x5636849bc140 .functor NOT 1, o0x7f0afd45b658, C4<0>, C4<0>, C4<0>;
L_0x5636849bc1e0 .functor BUF 1, L_0x5636849bc140, C4<0>, C4<0>, C4<0>;
v0x5636848ff240_0 .net "A", 0 0, o0x7f0afd45b658;  0 drivers
L_0x56368406ad40 .functor BUFT 1, C8<771>, C4<0>, C4<0>, C4<0>;
v0x5636848ff2e0_0 .net8 "KAPWR", 0 0, L_0x56368406ad40;  1 drivers, strength-aware
L_0x563684065580 .functor BUFT 1, C8<770>, C4<0>, C4<0>, C4<0>;
v0x5636848ff380_0 .net8 "VGND", 0 0, L_0x563684065580;  1 drivers, strength-aware
L_0x5636840656e0 .functor BUFT 1, C8<770>, C4<0>, C4<0>, C4<0>;
v0x5636848ff420_0 .net8 "VNB", 0 0, L_0x5636840656e0;  1 drivers, strength-aware
L_0x5636840666c0 .functor BUFT 1, C8<771>, C4<0>, C4<0>, C4<0>;
v0x5636848ff4c0_0 .net8 "VPB", 0 0, L_0x5636840666c0;  1 drivers, strength-aware
L_0x563684065f80 .functor BUFT 1, C8<771>, C4<0>, C4<0>, C4<0>;
v0x5636848ff560_0 .net8 "VPWR", 0 0, L_0x563684065f80;  1 drivers, strength-aware
v0x5636848ff600_0 .net "Y", 0 0, L_0x5636849bc1e0;  1 drivers
v0x5636848ff6a0_0 .net "not0_out_Y", 0 0, L_0x5636849bc140;  1 drivers
S_0x563683f143e0 .scope module, "sky130_fd_sc_hd__lpflow_clkinvkapwr_4" "sky130_fd_sc_hd__lpflow_clkinvkapwr_4" 2 74562;
 .timescale -9 -12;
    .port_info 0 /OUTPUT 1 "Y";
    .port_info 1 /INPUT 1 "A";
o0x7f0afd45b838 .functor BUFZ 1, C4<z>; HiZ drive
L_0x5636849bc2d0 .functor NOT 1, o0x7f0afd45b838, C4<0>, C4<0>, C4<0>;
L_0x5636849bc370 .functor BUF 1, L_0x5636849bc2d0, C4<0>, C4<0>, C4<0>;
v0x5636848ff740_0 .net "A", 0 0, o0x7f0afd45b838;  0 drivers
L_0x563684066a60 .functor BUFT 1, C8<771>, C4<0>, C4<0>, C4<0>;
v0x5636848ff7e0_0 .net8 "KAPWR", 0 0, L_0x563684066a60;  1 drivers, strength-aware
L_0x563684066890 .functor BUFT 1, C8<770>, C4<0>, C4<0>, C4<0>;
v0x5636848ff880_0 .net8 "VGND", 0 0, L_0x563684066890;  1 drivers, strength-aware
L_0x563684065db0 .functor BUFT 1, C8<770>, C4<0>, C4<0>, C4<0>;
v0x5636848ff920_0 .net8 "VNB", 0 0, L_0x563684065db0;  1 drivers, strength-aware
L_0x563684065be0 .functor BUFT 1, C8<771>, C4<0>, C4<0>, C4<0>;
v0x5636848ff9c0_0 .net8 "VPB", 0 0, L_0x563684065be0;  1 drivers, strength-aware
L_0x563684066e00 .functor BUFT 1, C8<771>, C4<0>, C4<0>, C4<0>;
v0x5636848ffa60_0 .net8 "VPWR", 0 0, L_0x563684066e00;  1 drivers, strength-aware
v0x5636848ffb00_0 .net "Y", 0 0, L_0x5636849bc370;  1 drivers
v0x5636848ffba0_0 .net "not0_out_Y", 0 0, L_0x5636849bc2d0;  1 drivers
S_0x563683f14570 .scope module, "sky130_fd_sc_hd__lpflow_clkinvkapwr_8" "sky130_fd_sc_hd__lpflow_clkinvkapwr_8" 2 74867;
 .timescale -9 -12;
    .port_info 0 /OUTPUT 1 "Y";
    .port_info 1 /INPUT 1 "A";
o0x7f0afd45ba18 .functor BUFZ 1, C4<z>; HiZ drive
L_0x5636849bc460 .functor NOT 1, o0x7f0afd45ba18, C4<0>, C4<0>, C4<0>;
L_0x5636849bc500 .functor BUF 1, L_0x5636849bc460, C4<0>, C4<0>, C4<0>;
v0x5636848ffc40_0 .net "A", 0 0, o0x7f0afd45ba18;  0 drivers
L_0x563684066fd0 .functor BUFT 1, C8<771>, C4<0>, C4<0>, C4<0>;
v0x5636848ffce0_0 .net8 "KAPWR", 0 0, L_0x563684066fd0;  1 drivers, strength-aware
L_0x5636840671a0 .functor BUFT 1, C8<770>, C4<0>, C4<0>, C4<0>;
v0x5636848ffd80_0 .net8 "VGND", 0 0, L_0x5636840671a0;  1 drivers, strength-aware
L_0x563684066390 .functor BUFT 1, C8<770>, C4<0>, C4<0>, C4<0>;
v0x5636848ffe20_0 .net8 "VNB", 0 0, L_0x563684066390;  1 drivers, strength-aware
L_0x563684060690 .functor BUFT 1, C8<771>, C4<0>, C4<0>, C4<0>;
v0x5636848ffec0_0 .net8 "VPB", 0 0, L_0x563684060690;  1 drivers, strength-aware
L_0x5636840607f0 .functor BUFT 1, C8<771>, C4<0>, C4<0>, C4<0>;
v0x5636848fff60_0 .net8 "VPWR", 0 0, L_0x5636840607f0;  1 drivers, strength-aware
v0x563684900000_0 .net "Y", 0 0, L_0x5636849bc500;  1 drivers
v0x5636849000a0_0 .net "not0_out_Y", 0 0, L_0x5636849bc460;  1 drivers
S_0x563683f14700 .scope module, "sky130_fd_sc_hd__lpflow_decapkapwr_12" "sky130_fd_sc_hd__lpflow_decapkapwr_12" 2 76419;
 .timescale -9 -12;
L_0x563684060270 .functor BUFT 1, C8<771>, C4<0>, C4<0>, C4<0>;
v0x563684900140_0 .net8 "KAPWR", 0 0, L_0x563684060270;  1 drivers, strength-aware
L_0x5636840603d0 .functor BUFT 1, C8<770>, C4<0>, C4<0>, C4<0>;
v0x5636849001e0_0 .net8 "VGND", 0 0, L_0x5636840603d0;  1 drivers, strength-aware
L_0x563684060530 .functor BUFT 1, C8<770>, C4<0>, C4<0>, C4<0>;
v0x563684900280_0 .net8 "VNB", 0 0, L_0x563684060530;  1 drivers, strength-aware
L_0x5636840619a0 .functor BUFT 1, C8<771>, C4<0>, C4<0>, C4<0>;
v0x563684900320_0 .net8 "VPB", 0 0, L_0x5636840619a0;  1 drivers, strength-aware
L_0x563684060b20 .functor BUFT 1, C8<771>, C4<0>, C4<0>, C4<0>;
v0x5636849003c0_0 .net8 "VPWR", 0 0, L_0x563684060b20;  1 drivers, strength-aware
S_0x563683e04fd0 .scope module, "sky130_fd_sc_hd__lpflow_decapkapwr_3" "sky130_fd_sc_hd__lpflow_decapkapwr_3" 2 75435;
 .timescale -9 -12;
L_0x563684060cf0 .functor BUFT 1, C8<771>, C4<0>, C4<0>, C4<0>;
v0x563684900460_0 .net8 "KAPWR", 0 0, L_0x563684060cf0;  1 drivers, strength-aware
L_0x563684060950 .functor BUFT 1, C8<770>, C4<0>, C4<0>, C4<0>;
v0x563684900500_0 .net8 "VGND", 0 0, L_0x563684060950;  1 drivers, strength-aware
L_0x563684061b70 .functor BUFT 1, C8<770>, C4<0>, C4<0>, C4<0>;
v0x5636849005a0_0 .net8 "VNB", 0 0, L_0x563684061b70;  1 drivers, strength-aware
L_0x563684061f10 .functor BUFT 1, C8<771>, C4<0>, C4<0>, C4<0>;
v0x563684900640_0 .net8 "VPB", 0 0, L_0x563684061f10;  1 drivers, strength-aware
L_0x5636840612d0 .functor BUFT 1, C8<771>, C4<0>, C4<0>, C4<0>;
v0x5636849006e0_0 .net8 "VPWR", 0 0, L_0x5636840612d0;  1 drivers, strength-aware
S_0x563683e05160 .scope module, "sky130_fd_sc_hd__lpflow_decapkapwr_4" "sky130_fd_sc_hd__lpflow_decapkapwr_4" 2 75681;
 .timescale -9 -12;
L_0x56368405c2c0 .functor BUFT 1, C8<771>, C4<0>, C4<0>, C4<0>;
v0x563684900780_0 .net8 "KAPWR", 0 0, L_0x56368405c2c0;  1 drivers, strength-aware
L_0x56368405b680 .functor BUFT 1, C8<770>, C4<0>, C4<0>, C4<0>;
v0x563684900820_0 .net8 "VGND", 0 0, L_0x56368405b680;  1 drivers, strength-aware
L_0x56368405b100 .functor BUFT 1, C8<770>, C4<0>, C4<0>, C4<0>;
v0x5636849008c0_0 .net8 "VNB", 0 0, L_0x56368405b100;  1 drivers, strength-aware
L_0x56368405b260 .functor BUFT 1, C8<771>, C4<0>, C4<0>, C4<0>;
v0x563684900960_0 .net8 "VPB", 0 0, L_0x56368405b260;  1 drivers, strength-aware
L_0x56368405b3c0 .functor BUFT 1, C8<771>, C4<0>, C4<0>, C4<0>;
v0x563684900a00_0 .net8 "VPWR", 0 0, L_0x56368405b3c0;  1 drivers, strength-aware
S_0x563683e052f0 .scope module, "sky130_fd_sc_hd__lpflow_decapkapwr_6" "sky130_fd_sc_hd__lpflow_decapkapwr_6" 2 75927;
 .timescale -9 -12;
L_0x56368405c660 .functor BUFT 1, C8<771>, C4<0>, C4<0>, C4<0>;
v0x563684900aa0_0 .net8 "KAPWR", 0 0, L_0x56368405c660;  1 drivers, strength-aware
L_0x56368405b9b0 .functor BUFT 1, C8<770>, C4<0>, C4<0>, C4<0>;
v0x563684900b40_0 .net8 "VGND", 0 0, L_0x56368405b9b0;  1 drivers, strength-aware
L_0x56368405bb80 .functor BUFT 1, C8<770>, C4<0>, C4<0>, C4<0>;
v0x563684900be0_0 .net8 "VNB", 0 0, L_0x56368405bb80;  1 drivers, strength-aware
L_0x56368405b7e0 .functor BUFT 1, C8<771>, C4<0>, C4<0>, C4<0>;
v0x563684900c80_0 .net8 "VPB", 0 0, L_0x56368405b7e0;  1 drivers, strength-aware
L_0x56368405ca00 .functor BUFT 1, C8<771>, C4<0>, C4<0>, C4<0>;
v0x563684900d20_0 .net8 "VPWR", 0 0, L_0x56368405ca00;  1 drivers, strength-aware
S_0x563683e0b1d0 .scope module, "sky130_fd_sc_hd__lpflow_decapkapwr_8" "sky130_fd_sc_hd__lpflow_decapkapwr_8" 2 76173;
 .timescale -9 -12;
L_0x56368405cf70 .functor BUFT 1, C8<771>, C4<0>, C4<0>, C4<0>;
v0x563684900dc0_0 .net8 "KAPWR", 0 0, L_0x56368405cf70;  1 drivers, strength-aware
L_0x56368405c160 .functor BUFT 1, C8<770>, C4<0>, C4<0>, C4<0>;
v0x563684900e60_0 .net8 "VGND", 0 0, L_0x56368405c160;  1 drivers, strength-aware
L_0x563684056ed0 .functor BUFT 1, C8<770>, C4<0>, C4<0>, C4<0>;
v0x563684900f00_0 .net8 "VNB", 0 0, L_0x563684056ed0;  1 drivers, strength-aware
L_0x5636840560c0 .functor BUFT 1, C8<771>, C4<0>, C4<0>, C4<0>;
v0x563684900fa0_0 .net8 "VPB", 0 0, L_0x5636840560c0;  1 drivers, strength-aware
L_0x563684055b40 .functor BUFT 1, C8<771>, C4<0>, C4<0>, C4<0>;
v0x563684901040_0 .net8 "VPWR", 0 0, L_0x563684055b40;  1 drivers, strength-aware
S_0x563683e0b360 .scope module, "sky130_fd_sc_hd__lpflow_inputiso0n_1" "sky130_fd_sc_hd__lpflow_inputiso0n_1" 2 76712;
 .timescale -9 -12;
    .port_info 0 /OUTPUT 1 "X";
    .port_info 1 /INPUT 1 "A";
    .port_info 2 /INPUT 1 "SLEEP_B";
o0x7f0afd45c0a8 .functor BUFZ 1, C4<z>; HiZ drive
o0x7f0afd45c0d8 .functor BUFZ 1, C4<z>; HiZ drive
L_0x5636849bc5f0 .functor AND 1, o0x7f0afd45c0a8, o0x7f0afd45c0d8, C4<1>, C4<1>;
v0x5636849010e0_0 .net "A", 0 0, o0x7f0afd45c0a8;  0 drivers
v0x563684901180_0 .net "SLEEP_B", 0 0, o0x7f0afd45c0d8;  0 drivers
L_0x563684056960 .functor BUFT 1, C8<770>, C4<0>, C4<0>, C4<0>;
v0x563684901220_0 .net8 "VGND", 0 0, L_0x563684056960;  1 drivers, strength-aware
L_0x563684055e00 .functor BUFT 1, C8<770>, C4<0>, C4<0>, C4<0>;
v0x5636849012c0_0 .net8 "VNB", 0 0, L_0x563684055e00;  1 drivers, strength-aware
L_0x563684057270 .functor BUFT 1, C8<771>, C4<0>, C4<0>, C4<0>;
v0x563684901360_0 .net8 "VPB", 0 0, L_0x563684057270;  1 drivers, strength-aware
L_0x5636840563f0 .functor BUFT 1, C8<771>, C4<0>, C4<0>, C4<0>;
v0x563684901400_0 .net8 "VPWR", 0 0, L_0x5636840563f0;  1 drivers, strength-aware
v0x5636849014a0_0 .net "X", 0 0, L_0x5636849bc5f0;  1 drivers
S_0x563683e113e0 .scope module, "sky130_fd_sc_hd__lpflow_inputiso0p_1" "sky130_fd_sc_hd__lpflow_inputiso0p_1" 2 77028;
 .timescale -9 -12;
    .port_info 0 /OUTPUT 1 "X";
    .port_info 1 /INPUT 1 "A";
    .port_info 2 /INPUT 1 "SLEEP";
o0x7f0afd45c2b8 .functor BUFZ 1, C4<z>; HiZ drive
L_0x5636849bc6c0 .functor NOT 1, o0x7f0afd45c2b8, C4<0>, C4<0>, C4<0>;
o0x7f0afd45c288 .functor BUFZ 1, C4<z>; HiZ drive
L_0x5636849bc790 .functor AND 1, o0x7f0afd45c288, L_0x5636849bc6c0, C4<1>, C4<1>;
v0x563684901540_0 .net "A", 0 0, o0x7f0afd45c288;  0 drivers
v0x5636849015e0_0 .net "SLEEP", 0 0, o0x7f0afd45c2b8;  0 drivers
L_0x5636840565c0 .functor BUFT 1, C8<770>, C4<0>, C4<0>, C4<0>;
v0x563684901680_0 .net8 "VGND", 0 0, L_0x5636840565c0;  1 drivers, strength-aware
L_0x5636840577e0 .functor BUFT 1, C8<770>, C4<0>, C4<0>, C4<0>;
v0x563684901720_0 .net8 "VNB", 0 0, L_0x5636840577e0;  1 drivers, strength-aware
L_0x563684057610 .functor BUFT 1, C8<771>, C4<0>, C4<0>, C4<0>;
v0x5636849017c0_0 .net8 "VPB", 0 0, L_0x563684057610;  1 drivers, strength-aware
L_0x563684057b80 .functor BUFT 1, C8<771>, C4<0>, C4<0>, C4<0>;
v0x563684901860_0 .net8 "VPWR", 0 0, L_0x563684057b80;  1 drivers, strength-aware
v0x563684901900_0 .net "X", 0 0, L_0x5636849bc790;  1 drivers
v0x5636849019a0_0 .net "sleepn", 0 0, L_0x5636849bc6c0;  1 drivers
S_0x563683e115c0 .scope module, "sky130_fd_sc_hd__lpflow_inputiso1n_1" "sky130_fd_sc_hd__lpflow_inputiso1n_1" 2 77348;
 .timescale -9 -12;
    .port_info 0 /OUTPUT 1 "X";
    .port_info 1 /INPUT 1 "A";
    .port_info 2 /INPUT 1 "SLEEP_B";
o0x7f0afd45c4f8 .functor BUFZ 1, C4<z>; HiZ drive
L_0x5636849bc8f0 .functor NOT 1, o0x7f0afd45c4f8, C4<0>, C4<0>, C4<0>;
o0x7f0afd45c498 .functor BUFZ 1, C4<z>; HiZ drive
L_0x5636849bc960 .functor OR 1, o0x7f0afd45c498, L_0x5636849bc8f0, C4<0>, C4<0>;
v0x563684901a40_0 .net "A", 0 0, o0x7f0afd45c498;  0 drivers
v0x563684901ae0_0 .net "SLEEP", 0 0, L_0x5636849bc8f0;  1 drivers
v0x563684901b80_0 .net "SLEEP_B", 0 0, o0x7f0afd45c4f8;  0 drivers
L_0x563684056d70 .functor BUFT 1, C8<770>, C4<0>, C4<0>, C4<0>;
v0x563684901c20_0 .net8 "VGND", 0 0, L_0x563684056d70;  1 drivers, strength-aware
L_0x5636840509a0 .functor BUFT 1, C8<770>, C4<0>, C4<0>, C4<0>;
v0x563684901cc0_0 .net8 "VNB", 0 0, L_0x5636840509a0;  1 drivers, strength-aware
L_0x563684050b00 .functor BUFT 1, C8<771>, C4<0>, C4<0>, C4<0>;
v0x563684901d60_0 .net8 "VPB", 0 0, L_0x563684050b00;  1 drivers, strength-aware
L_0x563684051ae0 .functor BUFT 1, C8<771>, C4<0>, C4<0>, C4<0>;
v0x563684901e00_0 .net8 "VPWR", 0 0, L_0x563684051ae0;  1 drivers, strength-aware
v0x563684901ea0_0 .net "X", 0 0, L_0x5636849bc960;  1 drivers
S_0x563683e175f0 .scope module, "sky130_fd_sc_hd__lpflow_inputiso1p_1" "sky130_fd_sc_hd__lpflow_inputiso1p_1" 2 77660;
 .timescale -9 -12;
    .port_info 0 /OUTPUT 1 "X";
    .port_info 1 /INPUT 1 "A";
    .port_info 2 /INPUT 1 "SLEEP";
o0x7f0afd45c6a8 .functor BUFZ 1, C4<z>; HiZ drive
o0x7f0afd45c6d8 .functor BUFZ 1, C4<z>; HiZ drive
L_0x5636849bca80 .functor OR 1, o0x7f0afd45c6a8, o0x7f0afd45c6d8, C4<0>, C4<0>;
v0x563684901f40_0 .net "A", 0 0, o0x7f0afd45c6a8;  0 drivers
v0x563684901fe0_0 .net "SLEEP", 0 0, o0x7f0afd45c6d8;  0 drivers
L_0x5636840506e0 .functor BUFT 1, C8<770>, C4<0>, C4<0>, C4<0>;
v0x563684902080_0 .net8 "VGND", 0 0, L_0x5636840506e0;  1 drivers, strength-aware
L_0x563684050840 .functor BUFT 1, C8<770>, C4<0>, C4<0>, C4<0>;
v0x563684902120_0 .net8 "VNB", 0 0, L_0x563684050840;  1 drivers, strength-aware
L_0x563684051e80 .functor BUFT 1, C8<771>, C4<0>, C4<0>, C4<0>;
v0x5636849021c0_0 .net8 "VPB", 0 0, L_0x563684051e80;  1 drivers, strength-aware
L_0x563684050e30 .functor BUFT 1, C8<771>, C4<0>, C4<0>, C4<0>;
v0x563684902260_0 .net8 "VPWR", 0 0, L_0x563684050e30;  1 drivers, strength-aware
v0x563684902300_0 .net "X", 0 0, L_0x5636849bca80;  1 drivers
S_0x563683e177d0 .scope module, "sky130_fd_sc_hd__lpflow_inputisolatch_1" "sky130_fd_sc_hd__lpflow_inputisolatch_1" 2 77973;
 .timescale -9 -12;
    .port_info 0 /OUTPUT 1 "Q";
    .port_info 1 /INPUT 1 "D";
    .port_info 2 /INPUT 1 "SLEEP_B";
UDP_sky130_fd_sc_hd__udp_dlatch$lP_pp$PG$N .udp/sequ "sky130_fd_sc_hd__udp_dlatch$lP_pp$PG$N", 5, 2
 ,"?*0?10-"
 ,"??_?10-"
 ,"??M?10-"
 ,"00Q?100"
 ,"11Q?101"
 ,"?0R?100"
 ,"?1R?101"
 ,"?_1?100"
 ,"?+1?101"
 ,"?0r?100"
 ,"?1r?101"
 ,"1+x?101"
 ,"0_x?100"
 ,"?????*x";
o0x7f0afd45c8b8 .functor BUFZ 1, C4<z>; HiZ drive
o0x7f0afd45c948 .functor BUFZ 1, C4<z>; HiZ drive
L_0x5636840523f0 .functor BUFT 1, C8<771>, C4<0>, C4<0>, C4<0>;
L_0x563684051000 .functor BUFT 1, C8<770>, C4<0>, C4<0>, C4<0>;
L_0x5636849bcb50 .udp UDP_sky130_fd_sc_hd__udp_dlatch$lP_pp$PG$N, o0x7f0afd45c8b8, o0x7f0afd45c948, v0x563684902a70_0, L_0x5636840523f0, L_0x563684051000;
L_0x5636849bce70 .functor BUF 1, L_0x5636849bcb50, C4<0>, C4<0>, C4<0>;
o0x7f0afd45c888 .functor BUFZ 1, C4<z>; HiZ drive
v0x5636849023a0_0 .net "D", 0 0, o0x7f0afd45c888;  0 drivers
v0x563684902440_0 .net "D_delayed", 0 0, o0x7f0afd45c8b8;  0 drivers
v0x5636849024e0_0 .net "Q", 0 0, L_0x5636849bce70;  1 drivers
o0x7f0afd45c918 .functor BUFZ 1, C4<z>; HiZ drive
v0x563684902580_0 .net "SLEEP_B", 0 0, o0x7f0afd45c918;  0 drivers
v0x563684902620_0 .net "SLEEP_B_delayed", 0 0, o0x7f0afd45c948;  0 drivers
v0x5636849026c0_0 .net8 "VGND", 0 0, L_0x563684051000;  1 drivers, strength-aware
L_0x563684050c60 .functor BUFT 1, C8<770>, C4<0>, C4<0>, C4<0>;
v0x563684902760_0 .net8 "VNB", 0 0, L_0x563684050c60;  1 drivers, strength-aware
L_0x563684052050 .functor BUFT 1, C8<771>, C4<0>, C4<0>, C4<0>;
v0x563684902800_0 .net8 "VPB", 0 0, L_0x563684052050;  1 drivers, strength-aware
v0x5636849028a0_0 .net8 "VPWR", 0 0, L_0x5636840523f0;  1 drivers, strength-aware
v0x5636849029d0_0 .net "buf_Q", 0 0, L_0x5636849bcb50;  1 drivers
v0x563684902a70_0 .var "notifier", 0 0;
S_0x563683e1d810 .scope module, "sky130_fd_sc_hd__lpflow_isobufsrc_1" "sky130_fd_sc_hd__lpflow_isobufsrc_1" 2 78306;
 .timescale -9 -12;
    .port_info 0 /OUTPUT 1 "X";
    .port_info 1 /INPUT 1 "SLEEP";
    .port_info 2 /INPUT 1 "A";
o0x7f0afd45cb58 .functor BUFZ 1, C4<z>; HiZ drive
L_0x5636849bcf30 .functor NOT 1, o0x7f0afd45cb58, C4<0>, C4<0>, C4<0>;
o0x7f0afd45cb28 .functor BUFZ 1, C4<z>; HiZ drive
L_0x5636849bcfa0 .functor AND 1, L_0x5636849bcf30, o0x7f0afd45cb28, C4<1>, C4<1>;
L_0x5636849bd0d0 .functor BUF 1, L_0x5636849bcfa0, C4<0>, C4<0>, C4<0>;
v0x563684902b10_0 .net "A", 0 0, o0x7f0afd45cb28;  0 drivers
v0x563684902bb0_0 .net "SLEEP", 0 0, o0x7f0afd45cb58;  0 drivers
L_0x563684051570 .functor BUFT 1, C8<770>, C4<0>, C4<0>, C4<0>;
v0x563684902c50_0 .net8 "VGND", 0 0, L_0x563684051570;  1 drivers, strength-aware
L_0x56368404f300 .functor BUFT 1, C8<770>, C4<0>, C4<0>, C4<0>;
v0x563684902cf0_0 .net8 "VNB", 0 0, L_0x56368404f300;  1 drivers, strength-aware
L_0x56368404d780 .functor BUFT 1, C8<771>, C4<0>, C4<0>, C4<0>;
v0x563684902d90_0 .net8 "VPB", 0 0, L_0x56368404d780;  1 drivers, strength-aware
L_0x56368404d620 .functor BUFT 1, C8<771>, C4<0>, C4<0>, C4<0>;
v0x563684902e30_0 .net8 "VPWR", 0 0, L_0x56368404d620;  1 drivers, strength-aware
v0x563684902ed0_0 .net "X", 0 0, L_0x5636849bd0d0;  1 drivers
v0x563684902f70_0 .net "and0_out_X", 0 0, L_0x5636849bcfa0;  1 drivers
v0x563684903010_0 .net "not0_out", 0 0, L_0x5636849bcf30;  1 drivers
S_0x563683e1d9f0 .scope module, "sky130_fd_sc_hd__lpflow_isobufsrc_16" "sky130_fd_sc_hd__lpflow_isobufsrc_16" 2 79618;
 .timescale -9 -12;
    .port_info 0 /OUTPUT 1 "X";
    .port_info 1 /INPUT 1 "SLEEP";
    .port_info 2 /INPUT 1 "A";
o0x7f0afd45cd98 .functor BUFZ 1, C4<z>; HiZ drive
L_0x5636849bd190 .functor NOT 1, o0x7f0afd45cd98, C4<0>, C4<0>, C4<0>;
o0x7f0afd45cd68 .functor BUFZ 1, C4<z>; HiZ drive
L_0x5636849bd230 .functor AND 1, L_0x5636849bd190, o0x7f0afd45cd68, C4<1>, C4<1>;
L_0x5636849bd320 .functor BUF 1, L_0x5636849bd230, C4<0>, C4<0>, C4<0>;
v0x563684903140_0 .net "A", 0 0, o0x7f0afd45cd68;  0 drivers
v0x5636849031e0_0 .net "SLEEP", 0 0, o0x7f0afd45cd98;  0 drivers
L_0x56368404d4c0 .functor BUFT 1, C8<770>, C4<0>, C4<0>, C4<0>;
v0x563684903280_0 .net8 "VGND", 0 0, L_0x56368404d4c0;  1 drivers, strength-aware
L_0x56368404dab0 .functor BUFT 1, C8<770>, C4<0>, C4<0>, C4<0>;
v0x563684903320_0 .net8 "VNB", 0 0, L_0x56368404dab0;  1 drivers, strength-aware
L_0x56368404dc80 .functor BUFT 1, C8<771>, C4<0>, C4<0>, C4<0>;
v0x5636849033c0_0 .net8 "VPB", 0 0, L_0x56368404dc80;  1 drivers, strength-aware
L_0x56368404d8e0 .functor BUFT 1, C8<771>, C4<0>, C4<0>, C4<0>;
v0x563684903460_0 .net8 "VPWR", 0 0, L_0x56368404d8e0;  1 drivers, strength-aware
v0x563684903500_0 .net "X", 0 0, L_0x5636849bd320;  1 drivers
v0x5636849035a0_0 .net "and0_out_X", 0 0, L_0x5636849bd230;  1 drivers
v0x563684903640_0 .net "not0_out", 0 0, L_0x5636849bd190;  1 drivers
S_0x563683e23a20 .scope module, "sky130_fd_sc_hd__lpflow_isobufsrc_2" "sky130_fd_sc_hd__lpflow_isobufsrc_2" 2 78634;
 .timescale -9 -12;
    .port_info 0 /OUTPUT 1 "X";
    .port_info 1 /INPUT 1 "SLEEP";
    .port_info 2 /INPUT 1 "A";
o0x7f0afd45cfd8 .functor BUFZ 1, C4<z>; HiZ drive
L_0x5636849bd410 .functor NOT 1, o0x7f0afd45cfd8, C4<0>, C4<0>, C4<0>;
o0x7f0afd45cfa8 .functor BUFZ 1, C4<z>; HiZ drive
L_0x5636849bd4b0 .functor AND 1, L_0x5636849bd410, o0x7f0afd45cfa8, C4<1>, C4<1>;
L_0x5636849bd5e0 .functor BUF 1, L_0x5636849bd4b0, C4<0>, C4<0>, C4<0>;
v0x563684903770_0 .net "A", 0 0, o0x7f0afd45cfa8;  0 drivers
v0x563684903810_0 .net "SLEEP", 0 0, o0x7f0afd45cfd8;  0 drivers
L_0x56368404e1f0 .functor BUFT 1, C8<770>, C4<0>, C4<0>, C4<0>;
v0x5636849038b0_0 .net8 "VGND", 0 0, L_0x56368404e1f0;  1 drivers, strength-aware
L_0x56368404e7d0 .functor BUFT 1, C8<770>, C4<0>, C4<0>, C4<0>;
v0x563684903950_0 .net8 "VNB", 0 0, L_0x56368404e7d0;  1 drivers, strength-aware
L_0x56368404c460 .functor BUFT 1, C8<771>, C4<0>, C4<0>, C4<0>;
v0x5636849039f0_0 .net8 "VPB", 0 0, L_0x56368404c460;  1 drivers, strength-aware
L_0x56368404b520 .functor BUFT 1, C8<771>, C4<0>, C4<0>, C4<0>;
v0x563684903a90_0 .net8 "VPWR", 0 0, L_0x56368404b520;  1 drivers, strength-aware
v0x563684903b30_0 .net "X", 0 0, L_0x5636849bd5e0;  1 drivers
v0x563684903bd0_0 .net "and0_out_X", 0 0, L_0x5636849bd4b0;  1 drivers
v0x563684903c70_0 .net "not0_out", 0 0, L_0x5636849bd410;  1 drivers
S_0x563683e23c00 .scope module, "sky130_fd_sc_hd__lpflow_isobufsrc_4" "sky130_fd_sc_hd__lpflow_isobufsrc_4" 2 78962;
 .timescale -9 -12;
    .port_info 0 /OUTPUT 1 "X";
    .port_info 1 /INPUT 1 "SLEEP";
    .port_info 2 /INPUT 1 "A";
o0x7f0afd45d218 .functor BUFZ 1, C4<z>; HiZ drive
L_0x5636849bd6a0 .functor NOT 1, o0x7f0afd45d218, C4<0>, C4<0>, C4<0>;
o0x7f0afd45d1e8 .functor BUFZ 1, C4<z>; HiZ drive
L_0x5636849bd740 .functor AND 1, L_0x5636849bd6a0, o0x7f0afd45d1e8, C4<1>, C4<1>;
L_0x5636849bd830 .functor BUF 1, L_0x5636849bd740, C4<0>, C4<0>, C4<0>;
v0x563684903da0_0 .net "A", 0 0, o0x7f0afd45d1e8;  0 drivers
v0x563684903e40_0 .net "SLEEP", 0 0, o0x7f0afd45d218;  0 drivers
L_0x56368404b6f0 .functor BUFT 1, C8<770>, C4<0>, C4<0>, C4<0>;
v0x563684903ee0_0 .net8 "VGND", 0 0, L_0x56368404b6f0;  1 drivers, strength-aware
L_0x56368404a620 .functor BUFT 1, C8<770>, C4<0>, C4<0>, C4<0>;
v0x563684903f80_0 .net8 "VNB", 0 0, L_0x56368404a620;  1 drivers, strength-aware
L_0x56368404afb0 .functor BUFT 1, C8<771>, C4<0>, C4<0>, C4<0>;
v0x563684904020_0 .net8 "VPB", 0 0, L_0x56368404afb0;  1 drivers, strength-aware
L_0x56368404ade0 .functor BUFT 1, C8<771>, C4<0>, C4<0>, C4<0>;
v0x5636849040c0_0 .net8 "VPWR", 0 0, L_0x56368404ade0;  1 drivers, strength-aware
v0x563684904160_0 .net "X", 0 0, L_0x5636849bd830;  1 drivers
v0x563684904200_0 .net "and0_out_X", 0 0, L_0x5636849bd740;  1 drivers
v0x5636849042a0_0 .net "not0_out", 0 0, L_0x5636849bd6a0;  1 drivers
S_0x563683db6940 .scope module, "sky130_fd_sc_hd__lpflow_isobufsrc_8" "sky130_fd_sc_hd__lpflow_isobufsrc_8" 2 79290;
 .timescale -9 -12;
    .port_info 0 /OUTPUT 1 "X";
    .port_info 1 /INPUT 1 "SLEEP";
    .port_info 2 /INPUT 1 "A";
o0x7f0afd45d458 .functor BUFZ 1, C4<z>; HiZ drive
L_0x5636849bd920 .functor NOT 1, o0x7f0afd45d458, C4<0>, C4<0>, C4<0>;
o0x7f0afd45d428 .functor BUFZ 1, C4<z>; HiZ drive
L_0x5636849bd9c0 .functor AND 1, L_0x5636849bd920, o0x7f0afd45d428, C4<1>, C4<1>;
L_0x5636849bdaf0 .functor BUF 1, L_0x5636849bd9c0, C4<0>, C4<0>, C4<0>;
v0x5636849043d0_0 .net "A", 0 0, o0x7f0afd45d428;  0 drivers
v0x563684904470_0 .net "SLEEP", 0 0, o0x7f0afd45d458;  0 drivers
L_0x56368404ba90 .functor BUFT 1, C8<770>, C4<0>, C4<0>, C4<0>;
v0x563684904510_0 .net8 "VGND", 0 0, L_0x56368404ba90;  1 drivers, strength-aware
L_0x56368404b180 .functor BUFT 1, C8<770>, C4<0>, C4<0>, C4<0>;
v0x5636849045b0_0 .net8 "VNB", 0 0, L_0x56368404b180;  1 drivers, strength-aware
L_0x56368404b930 .functor BUFT 1, C8<771>, C4<0>, C4<0>, C4<0>;
v0x563684904650_0 .net8 "VPB", 0 0, L_0x56368404b930;  1 drivers, strength-aware
L_0x563684047a00 .functor BUFT 1, C8<771>, C4<0>, C4<0>, C4<0>;
v0x5636849046f0_0 .net8 "VPWR", 0 0, L_0x563684047a00;  1 drivers, strength-aware
v0x563684904790_0 .net "X", 0 0, L_0x5636849bdaf0;  1 drivers
v0x563684904830_0 .net "and0_out_X", 0 0, L_0x5636849bd9c0;  1 drivers
v0x5636849048d0_0 .net "not0_out", 0 0, L_0x5636849bd920;  1 drivers
S_0x563683db6b20 .scope module, "sky130_fd_sc_hd__lpflow_isobufsrckapwr_16" "sky130_fd_sc_hd__lpflow_isobufsrckapwr_16" 2 79959;
 .timescale -9 -12;
    .port_info 0 /OUTPUT 1 "X";
    .port_info 1 /INPUT 1 "SLEEP";
    .port_info 2 /INPUT 1 "A";
o0x7f0afd45d6c8 .functor BUFZ 1, C4<z>; HiZ drive
L_0x5636849bdbb0 .functor NOT 1, o0x7f0afd45d6c8, C4<0>, C4<0>, C4<0>;
o0x7f0afd45d668 .functor BUFZ 1, C4<z>; HiZ drive
L_0x5636849bdc50 .functor AND 1, L_0x5636849bdbb0, o0x7f0afd45d668, C4<1>, C4<1>;
L_0x5636849bdd40 .functor BUF 1, L_0x5636849bdc50, C4<0>, C4<0>, C4<0>;
v0x563684904a00_0 .net "A", 0 0, o0x7f0afd45d668;  0 drivers
L_0x5636840478a0 .functor BUFT 1, C8<771>, C4<0>, C4<0>, C4<0>;
v0x563684904aa0_0 .net8 "KAPWR", 0 0, L_0x5636840478a0;  1 drivers, strength-aware
v0x563684904b40_0 .net "SLEEP", 0 0, o0x7f0afd45d6c8;  0 drivers
L_0x563684048810 .functor BUFT 1, C8<770>, C4<0>, C4<0>, C4<0>;
v0x563684904be0_0 .net8 "VGND", 0 0, L_0x563684048810;  1 drivers, strength-aware
L_0x563684047d30 .functor BUFT 1, C8<770>, C4<0>, C4<0>, C4<0>;
v0x563684904c80_0 .net8 "VNB", 0 0, L_0x563684047d30;  1 drivers, strength-aware
L_0x5636840480d0 .functor BUFT 1, C8<771>, C4<0>, C4<0>, C4<0>;
v0x563684904d20_0 .net8 "VPB", 0 0, L_0x5636840480d0;  1 drivers, strength-aware
L_0x563684047b60 .functor BUFT 1, C8<771>, C4<0>, C4<0>, C4<0>;
v0x563684904dc0_0 .net8 "VPWR", 0 0, L_0x563684047b60;  1 drivers, strength-aware
v0x563684904e60_0 .net "X", 0 0, L_0x5636849bdd40;  1 drivers
v0x563684904f00_0 .net "and0_out_X", 0 0, L_0x5636849bdc50;  1 drivers
v0x563684905030_0 .net "not0_out", 0 0, L_0x5636849bdbb0;  1 drivers
S_0x563683dbca30 .scope module, "sky130_fd_sc_hd__lpflow_lsbuf_lh_hl_isowell_tap_1" "sky130_fd_sc_hd__lpflow_lsbuf_lh_hl_isowell_tap_1" 2 80276;
 .timescale -9 -12;
    .port_info 0 /OUTPUT 1 "X";
    .port_info 1 /INPUT 1 "A";
o0x7f0afd45d8d8 .functor BUFZ 1, C4<z>; HiZ drive
L_0x5636849bde30 .functor BUF 1, o0x7f0afd45d8d8, C4<0>, C4<0>, C4<0>;
v0x5636849050d0_0 .net "A", 0 0, o0x7f0afd45d8d8;  0 drivers
L_0x563684048470 .functor BUFT 1, C8<770>, C4<0>, C4<0>, C4<0>;
v0x563684905170_0 .net8 "VGND", 0 0, L_0x563684048470;  1 drivers, strength-aware
L_0x5636840482a0 .functor BUFT 1, C8<771>, C4<0>, C4<0>, C4<0>;
v0x563684905210_0 .net8 "VPB", 0 0, L_0x5636840482a0;  1 drivers, strength-aware
L_0x563684046a80 .functor BUFT 1, C8<771>, C4<0>, C4<0>, C4<0>;
v0x5636849052b0_0 .net8 "VPWR", 0 0, L_0x563684046a80;  1 drivers, strength-aware
v0x563684905350_0 .net "X", 0 0, L_0x5636849bde30;  1 drivers
S_0x563683dbcbc0 .scope module, "sky130_fd_sc_hd__lpflow_lsbuf_lh_hl_isowell_tap_2" "sky130_fd_sc_hd__lpflow_lsbuf_lh_hl_isowell_tap_2" 2 80582;
 .timescale -9 -12;
    .port_info 0 /OUTPUT 1 "X";
    .port_info 1 /INPUT 1 "A";
o0x7f0afd45da28 .functor BUFZ 1, C4<z>; HiZ drive
L_0x5636849bdf00 .functor BUF 1, o0x7f0afd45da28, C4<0>, C4<0>, C4<0>;
v0x5636849053f0_0 .net "A", 0 0, o0x7f0afd45da28;  0 drivers
L_0x563684046e20 .functor BUFT 1, C8<770>, C4<0>, C4<0>, C4<0>;
v0x563684905490_0 .net8 "VGND", 0 0, L_0x563684046e20;  1 drivers, strength-aware
L_0x5636840468b0 .functor BUFT 1, C8<771>, C4<0>, C4<0>, C4<0>;
v0x563684905530_0 .net8 "VPB", 0 0, L_0x5636840468b0;  1 drivers, strength-aware
L_0x563684043fa0 .functor BUFT 1, C8<771>, C4<0>, C4<0>, C4<0>;
v0x5636849055d0_0 .net8 "VPWR", 0 0, L_0x563684043fa0;  1 drivers, strength-aware
v0x563684905670_0 .net "X", 0 0, L_0x5636849bdf00;  1 drivers
S_0x563683dbcd50 .scope module, "sky130_fd_sc_hd__lpflow_lsbuf_lh_hl_isowell_tap_4" "sky130_fd_sc_hd__lpflow_lsbuf_lh_hl_isowell_tap_4" 2 80888;
 .timescale -9 -12;
    .port_info 0 /OUTPUT 1 "X";
    .port_info 1 /INPUT 1 "A";
o0x7f0afd45db78 .functor BUFZ 1, C4<z>; HiZ drive
L_0x5636849be000 .functor BUF 1, o0x7f0afd45db78, C4<0>, C4<0>, C4<0>;
v0x563684905710_0 .net "A", 0 0, o0x7f0afd45db78;  0 drivers
L_0x563684044100 .functor BUFT 1, C8<770>, C4<0>, C4<0>, C4<0>;
v0x5636849057b0_0 .net8 "VGND", 0 0, L_0x563684044100;  1 drivers, strength-aware
L_0x563684044d40 .functor BUFT 1, C8<771>, C4<0>, C4<0>, C4<0>;
v0x563684905850_0 .net8 "VPB", 0 0, L_0x563684044d40;  1 drivers, strength-aware
L_0x563684044430 .functor BUFT 1, C8<771>, C4<0>, C4<0>, C4<0>;
v0x5636849058f0_0 .net8 "VPWR", 0 0, L_0x563684044430;  1 drivers, strength-aware
v0x563684905990_0 .net "X", 0 0, L_0x5636849be000;  1 drivers
S_0x563683dc2cc0 .scope module, "sky130_fd_sc_hd__lpflow_lsbuf_lh_isowell_4" "sky130_fd_sc_hd__lpflow_lsbuf_lh_isowell_4" 2 81193;
 .timescale -9 -12;
    .port_info 0 /OUTPUT 1 "X";
    .port_info 1 /INPUT 1 "A";
o0x7f0afd45dcc8 .functor BUFZ 1, C4<z>; HiZ drive
L_0x5636849be100 .functor BUF 1, o0x7f0afd45dcc8, C4<0>, C4<0>, C4<0>;
v0x563684905a30_0 .net "A", 0 0, o0x7f0afd45dcc8;  0 drivers
L_0x5636840447d0 .functor BUFT 1, C8<770>, C4<0>, C4<0>, C4<0>;
v0x563684905ad0_0 .net8 "VGND", 0 0, L_0x5636840447d0;  1 drivers, strength-aware
L_0x563684044260 .functor BUFT 1, C8<770>, C4<0>, C4<0>, C4<0>;
v0x563684905b70_0 .net8 "VNB", 0 0, L_0x563684044260;  1 drivers, strength-aware
L_0x5636840450e0 .functor BUFT 1, C8<771>, C4<0>, C4<0>, C4<0>;
v0x563684905c10_0 .net8 "VPB", 0 0, L_0x5636840450e0;  1 drivers, strength-aware
L_0x563684044be0 .functor BUFT 1, C8<771>, C4<0>, C4<0>, C4<0>;
v0x563684905cb0_0 .net8 "VPWR", 0 0, L_0x563684044be0;  1 drivers, strength-aware
v0x563684905d50_0 .net "X", 0 0, L_0x5636849be100;  1 drivers
S_0x563683dc2e50 .scope module, "sky130_fd_sc_hd__lpflow_lsbuf_lh_isowell_tap_1" "sky130_fd_sc_hd__lpflow_lsbuf_lh_isowell_tap_1" 2 81495;
 .timescale -9 -12;
    .port_info 0 /OUTPUT 1 "X";
    .port_info 1 /INPUT 1 "A";
o0x7f0afd45de48 .functor BUFZ 1, C4<z>; HiZ drive
L_0x5636849be1d0 .functor BUF 1, o0x7f0afd45de48, C4<0>, C4<0>, C4<0>;
v0x563684905df0_0 .net "A", 0 0, o0x7f0afd45de48;  0 drivers
L_0x5636840424c0 .functor BUFT 1, C8<770>, C4<0>, C4<0>, C4<0>;
v0x563684905e90_0 .net8 "VGND", 0 0, L_0x5636840424c0;  1 drivers, strength-aware
L_0x5636840416b0 .functor BUFT 1, C8<771>, C4<0>, C4<0>, C4<0>;
v0x563684905f30_0 .net8 "VPB", 0 0, L_0x5636840416b0;  1 drivers, strength-aware
L_0x5636840413f0 .functor BUFT 1, C8<771>, C4<0>, C4<0>, C4<0>;
v0x563684905fd0_0 .net8 "VPWR", 0 0, L_0x5636840413f0;  1 drivers, strength-aware
v0x563684906070_0 .net "X", 0 0, L_0x5636849be1d0;  1 drivers
S_0x563683dc2fe0 .scope module, "sky130_fd_sc_hd__lpflow_lsbuf_lh_isowell_tap_2" "sky130_fd_sc_hd__lpflow_lsbuf_lh_isowell_tap_2" 2 81796;
 .timescale -9 -12;
    .port_info 0 /OUTPUT 1 "X";
    .port_info 1 /INPUT 1 "A";
o0x7f0afd45df98 .functor BUFZ 1, C4<z>; HiZ drive
L_0x5636849be2d0 .functor BUF 1, o0x7f0afd45df98, C4<0>, C4<0>, C4<0>;
v0x563684906110_0 .net "A", 0 0, o0x7f0afd45df98;  0 drivers
L_0x5636840419e0 .functor BUFT 1, C8<770>, C4<0>, C4<0>, C4<0>;
v0x5636849061b0_0 .net8 "VGND", 0 0, L_0x5636840419e0;  1 drivers, strength-aware
L_0x563684041bb0 .functor BUFT 1, C8<771>, C4<0>, C4<0>, C4<0>;
v0x563684906250_0 .net8 "VPB", 0 0, L_0x563684041bb0;  1 drivers, strength-aware
L_0x563684041810 .functor BUFT 1, C8<771>, C4<0>, C4<0>, C4<0>;
v0x5636849062f0_0 .net8 "VPWR", 0 0, L_0x563684041810;  1 drivers, strength-aware
v0x563684906390_0 .net "X", 0 0, L_0x5636849be2d0;  1 drivers
S_0x563683dc8f50 .scope module, "sky130_fd_sc_hd__lpflow_lsbuf_lh_isowell_tap_4" "sky130_fd_sc_hd__lpflow_lsbuf_lh_isowell_tap_4" 2 82097;
 .timescale -9 -12;
    .port_info 0 /OUTPUT 1 "X";
    .port_info 1 /INPUT 1 "A";
o0x7f0afd45e0e8 .functor BUFZ 1, C4<z>; HiZ drive
L_0x5636849be3d0 .functor BUF 1, o0x7f0afd45e0e8, C4<0>, C4<0>, C4<0>;
v0x563684906430_0 .net "A", 0 0, o0x7f0afd45e0e8;  0 drivers
L_0x563684041f50 .functor BUFT 1, C8<770>, C4<0>, C4<0>, C4<0>;
v0x5636849064d0_0 .net8 "VGND", 0 0, L_0x563684041f50;  1 drivers, strength-aware
L_0x563684042190 .functor BUFT 1, C8<771>, C4<0>, C4<0>, C4<0>;
v0x563684906570_0 .net8 "VPB", 0 0, L_0x563684042190;  1 drivers, strength-aware
L_0x56368403fa70 .functor BUFT 1, C8<771>, C4<0>, C4<0>, C4<0>;
v0x563684906610_0 .net8 "VPWR", 0 0, L_0x56368403fa70;  1 drivers, strength-aware
v0x5636849066b0_0 .net "X", 0 0, L_0x5636849be3d0;  1 drivers
S_0x563683dc90e0 .scope module, "sky130_fd_sc_hd__macro_sparecell" "sky130_fd_sc_hd__macro_sparecell" 2 82437;
 .timescale -9 -12;
    .port_info 0 /OUTPUT 1 "LO";
P_0x563683dc9270 .param/str "CDS_CELLNAME" 0 2 82466, "scs8hd_macro_sparecell";
P_0x563683dc92b0 .param/str "CDS_LIBNAME" 0 2 82465, "scs8hd_macro";
P_0x563683dc92f0 .param/str "CDS_VIEWNAME" 0 2 82467, "schematic";
L_0x5636849bf030 .functor BUFT 1, C8<550>, C4<0>, C4<0>, C4<0>;
L_0x5636849bf0a0 .functor BUF 1, L_0x5636849bf030, C4<0>, C4<0>, C4<0>;
v0x563684909350_0 .net "LO", 0 0, L_0x5636849bf0a0;  1 drivers
v0x5636849093f0_0 .net "invleft", 0 0, L_0x5636849be570;  1 drivers
v0x563684909490_0 .net "invright", 0 0, L_0x5636849be730;  1 drivers
v0x563684909530_0 .net "nd2left", 0 0, L_0x5636849bef00;  1 drivers
v0x5636849095d0_0 .net "nd2right", 0 0, L_0x5636849bed90;  1 drivers
L_0x5636849befc0 .functor BUFT 1, C8<551>, C4<0>, C4<0>, C4<0>;
v0x563684909670_0 .net8 "net7", 0 0, L_0x5636849befc0;  1 drivers, strength-aware
v0x563684909710_0 .net "nor2left", 0 0, L_0x5636849be940;  1 drivers
v0x5636849097b0_0 .net "nor2right", 0 0, L_0x5636849bebd0;  1 drivers
v0x563684909850_0 .net8 "tielo", 0 0, L_0x5636849bf030;  1 drivers, strength-aware
S_0x563684906750 .scope module, "conb0" "sky130_fd_sc_hd__conb_1" 2 82461, 2 43374 1, S_0x563683dc90e0;
 .timescale -9 -12;
    .port_info 0 /OUTPUT 1 "HI";
    .port_info 1 /OUTPUT 1 "LO";
v0x5636849068e0_0 .net8 "HI", 0 0, L_0x5636849befc0;  alias, 1 drivers, strength-aware
v0x563684906980_0 .net8 "LO", 0 0, L_0x5636849bf030;  alias, 1 drivers, strength-aware
L_0x5636840359e0 .functor BUFT 1, C8<770>, C4<0>, C4<0>, C4<0>;
v0x563684906a20_0 .net8 "VGND", 0 0, L_0x5636840359e0;  1 drivers, strength-aware
L_0x563684035640 .functor BUFT 1, C8<770>, C4<0>, C4<0>, C4<0>;
v0x563684906ac0_0 .net8 "VNB", 0 0, L_0x563684035640;  1 drivers, strength-aware
L_0x563684034bd0 .functor BUFT 1, C8<771>, C4<0>, C4<0>, C4<0>;
v0x563684906b60_0 .net8 "VPB", 0 0, L_0x563684034bd0;  1 drivers, strength-aware
L_0x563684034f00 .functor BUFT 1, C8<771>, C4<0>, C4<0>, C4<0>;
v0x563684906c00_0 .net8 "VPWR", 0 0, L_0x563684034f00;  1 drivers, strength-aware
S_0x563684906ca0 .scope module, "inv0" "sky130_fd_sc_hd__inv_2" 2 82455, 2 70386 1, S_0x563683dc90e0;
 .timescale -9 -12;
    .port_info 0 /OUTPUT 1 "Y";
    .port_info 1 /INPUT 1 "A";
L_0x5636849be4d0 .functor NOT 1, L_0x5636849be940, C4<0>, C4<0>, C4<0>;
L_0x5636849be570 .functor BUF 1, L_0x5636849be4d0, C4<0>, C4<0>, C4<0>;
v0x563684906e30_0 .net "A", 0 0, L_0x5636849be940;  alias, 1 drivers
L_0x56368403ec60 .functor BUFT 1, C8<770>, C4<0>, C4<0>, C4<0>;
v0x563684906ed0_0 .net8 "VGND", 0 0, L_0x56368403ec60;  1 drivers, strength-aware
L_0x56368403e9a0 .functor BUFT 1, C8<770>, C4<0>, C4<0>, C4<0>;
v0x563684906f70_0 .net8 "VNB", 0 0, L_0x56368403e9a0;  1 drivers, strength-aware
L_0x56368403ef90 .functor BUFT 1, C8<771>, C4<0>, C4<0>, C4<0>;
v0x563684907010_0 .net8 "VPB", 0 0, L_0x56368403ef90;  1 drivers, strength-aware
L_0x56368403f160 .functor BUFT 1, C8<771>, C4<0>, C4<0>, C4<0>;
v0x5636849070b0_0 .net8 "VPWR", 0 0, L_0x56368403f160;  1 drivers, strength-aware
v0x563684907150_0 .net "Y", 0 0, L_0x5636849be570;  alias, 1 drivers
v0x5636849071f0_0 .net "not0_out_Y", 0 0, L_0x5636849be4d0;  1 drivers
S_0x563684907290 .scope module, "inv1" "sky130_fd_sc_hd__inv_2" 2 82456, 2 70386 1, S_0x563683dc90e0;
 .timescale -9 -12;
    .port_info 0 /OUTPUT 1 "Y";
    .port_info 1 /INPUT 1 "A";
L_0x5636849be6c0 .functor NOT 1, L_0x5636849bebd0, C4<0>, C4<0>, C4<0>;
L_0x5636849be730 .functor BUF 1, L_0x5636849be6c0, C4<0>, C4<0>, C4<0>;
v0x563684907420_0 .net "A", 0 0, L_0x5636849bebd0;  alias, 1 drivers
L_0x56368403fc40 .functor BUFT 1, C8<770>, C4<0>, C4<0>, C4<0>;
v0x5636849074c0_0 .net8 "VGND", 0 0, L_0x56368403fc40;  1 drivers, strength-aware
L_0x56368403f500 .functor BUFT 1, C8<770>, C4<0>, C4<0>, C4<0>;
v0x563684907560_0 .net8 "VNB", 0 0, L_0x56368403f500;  1 drivers, strength-aware
L_0x56368403bb90 .functor BUFT 1, C8<771>, C4<0>, C4<0>, C4<0>;
v0x563684907600_0 .net8 "VPB", 0 0, L_0x56368403bb90;  1 drivers, strength-aware
L_0x56368403cb00 .functor BUFT 1, C8<771>, C4<0>, C4<0>, C4<0>;
v0x5636849076a0_0 .net8 "VPWR", 0 0, L_0x56368403cb00;  1 drivers, strength-aware
v0x563684907740_0 .net "Y", 0 0, L_0x5636849be730;  alias, 1 drivers
v0x5636849077e0_0 .net "not0_out_Y", 0 0, L_0x5636849be6c0;  1 drivers
S_0x563684907880 .scope module, "nand20" "sky130_fd_sc_hd__nand2_2" 2 82459, 2 87831 1, S_0x563683dc90e0;
 .timescale -9 -12;
    .port_info 0 /OUTPUT 1 "Y";
    .port_info 1 /INPUT 1 "A";
    .port_info 2 /INPUT 1 "B";
L_0x5636849bed20 .functor NAND 1, L_0x5636849bf030, L_0x5636849bf030, C4<1>, C4<1>;
L_0x5636849bed90 .functor BUF 1, L_0x5636849bed20, C4<0>, C4<0>, C4<0>;
v0x563684907a10_0 .net8 "A", 0 0, L_0x5636849bf030;  alias, 1 drivers, strength-aware
v0x563684907ab0_0 .net8 "B", 0 0, L_0x5636849bf030;  alias, 1 drivers, strength-aware
L_0x563684039760 .functor BUFT 1, C8<770>, C4<0>, C4<0>, C4<0>;
v0x563684907b50_0 .net8 "VGND", 0 0, L_0x563684039760;  1 drivers, strength-aware
L_0x563684038860 .functor BUFT 1, C8<770>, C4<0>, C4<0>, C4<0>;
v0x563684907bf0_0 .net8 "VNB", 0 0, L_0x563684038860;  1 drivers, strength-aware
L_0x563684038e50 .functor BUFT 1, C8<771>, C4<0>, C4<0>, C4<0>;
v0x563684907c90_0 .net8 "VPB", 0 0, L_0x563684038e50;  1 drivers, strength-aware
L_0x563684039020 .functor BUFT 1, C8<771>, C4<0>, C4<0>, C4<0>;
v0x563684907d30_0 .net8 "VPWR", 0 0, L_0x563684039020;  1 drivers, strength-aware
v0x563684907dd0_0 .net "Y", 0 0, L_0x5636849bed90;  alias, 1 drivers
v0x563684907e70_0 .net "nand0_out_Y", 0 0, L_0x5636849bed20;  1 drivers
S_0x563684907f10 .scope module, "nand21" "sky130_fd_sc_hd__nand2_2" 2 82460, 2 87831 1, S_0x563683dc90e0;
 .timescale -9 -12;
    .port_info 0 /OUTPUT 1 "Y";
    .port_info 1 /INPUT 1 "A";
    .port_info 2 /INPUT 1 "B";
L_0x5636849bee90 .functor NAND 1, L_0x5636849bf030, L_0x5636849bf030, C4<1>, C4<1>;
L_0x5636849bef00 .functor BUF 1, L_0x5636849bee90, C4<0>, C4<0>, C4<0>;
v0x5636849080a0_0 .net8 "A", 0 0, L_0x5636849bf030;  alias, 1 drivers, strength-aware
v0x563684908140_0 .net8 "B", 0 0, L_0x5636849bf030;  alias, 1 drivers, strength-aware
L_0x563684039b00 .functor BUFT 1, C8<770>, C4<0>, C4<0>, C4<0>;
v0x563684908270_0 .net8 "VGND", 0 0, L_0x563684039b00;  1 drivers, strength-aware
L_0x5636840393c0 .functor BUFT 1, C8<770>, C4<0>, C4<0>, C4<0>;
v0x563684908310_0 .net8 "VNB", 0 0, L_0x5636840393c0;  1 drivers, strength-aware
L_0x563684034910 .functor BUFT 1, C8<771>, C4<0>, C4<0>, C4<0>;
v0x5636849083b0_0 .net8 "VPB", 0 0, L_0x563684034910;  1 drivers, strength-aware
L_0x563684035d80 .functor BUFT 1, C8<771>, C4<0>, C4<0>, C4<0>;
v0x563684908450_0 .net8 "VPWR", 0 0, L_0x563684035d80;  1 drivers, strength-aware
v0x5636849084f0_0 .net "Y", 0 0, L_0x5636849bef00;  alias, 1 drivers
v0x563684908590_0 .net "nand0_out_Y", 0 0, L_0x5636849bee90;  1 drivers
S_0x563684908630 .scope module, "nor20" "sky130_fd_sc_hd__nor2_2" 2 82457, 2 94987 1, S_0x563683dc90e0;
 .timescale -9 -12;
    .port_info 0 /OUTPUT 1 "Y";
    .port_info 1 /INPUT 1 "A";
    .port_info 2 /INPUT 1 "B";
L_0x5636849be840 .functor NOR 1, L_0x5636849bef00, L_0x5636849bef00, C4<0>, C4<0>;
L_0x5636849be940 .functor BUF 1, L_0x5636849be840, C4<0>, C4<0>, C4<0>;
v0x5636849087c0_0 .net "A", 0 0, L_0x5636849bef00;  alias, 1 drivers
v0x563684908860_0 .net "B", 0 0, L_0x5636849bef00;  alias, 1 drivers
L_0x56368403c930 .functor BUFT 1, C8<770>, C4<0>, C4<0>, C4<0>;
v0x563684908900_0 .net8 "VGND", 0 0, L_0x56368403c930;  1 drivers, strength-aware
L_0x56368403ba30 .functor BUFT 1, C8<770>, C4<0>, C4<0>, C4<0>;
v0x5636849089a0_0 .net8 "VNB", 0 0, L_0x56368403ba30;  1 drivers, strength-aware
L_0x56368403c020 .functor BUFT 1, C8<771>, C4<0>, C4<0>, C4<0>;
v0x563684908a40_0 .net8 "VPB", 0 0, L_0x56368403c020;  1 drivers, strength-aware
L_0x56368403c1f0 .functor BUFT 1, C8<771>, C4<0>, C4<0>, C4<0>;
v0x563684908ae0_0 .net8 "VPWR", 0 0, L_0x56368403c1f0;  1 drivers, strength-aware
v0x563684908b80_0 .net "Y", 0 0, L_0x5636849be940;  alias, 1 drivers
v0x563684908c20_0 .net "nor0_out_Y", 0 0, L_0x5636849be840;  1 drivers
S_0x563684908cc0 .scope module, "nor21" "sky130_fd_sc_hd__nor2_2" 2 82458, 2 94987 1, S_0x563683dc90e0;
 .timescale -9 -12;
    .port_info 0 /OUTPUT 1 "Y";
    .port_info 1 /INPUT 1 "A";
    .port_info 2 /INPUT 1 "B";
L_0x5636849bead0 .functor NOR 1, L_0x5636849bed90, L_0x5636849bed90, C4<0>, C4<0>;
L_0x5636849bebd0 .functor BUF 1, L_0x5636849bead0, C4<0>, C4<0>, C4<0>;
v0x563684908e50_0 .net "A", 0 0, L_0x5636849bed90;  alias, 1 drivers
v0x563684908ef0_0 .net "B", 0 0, L_0x5636849bed90;  alias, 1 drivers
L_0x56368403ccd0 .functor BUFT 1, C8<770>, C4<0>, C4<0>, C4<0>;
v0x563684908f90_0 .net8 "VGND", 0 0, L_0x56368403ccd0;  1 drivers, strength-aware
L_0x56368403c590 .functor BUFT 1, C8<770>, C4<0>, C4<0>, C4<0>;
v0x563684909030_0 .net8 "VNB", 0 0, L_0x56368403c590;  1 drivers, strength-aware
L_0x5636840389c0 .functor BUFT 1, C8<771>, C4<0>, C4<0>, C4<0>;
v0x5636849090d0_0 .net8 "VPB", 0 0, L_0x5636840389c0;  1 drivers, strength-aware
L_0x563684039930 .functor BUFT 1, C8<771>, C4<0>, C4<0>, C4<0>;
v0x563684909170_0 .net8 "VPWR", 0 0, L_0x563684039930;  1 drivers, strength-aware
v0x563684909210_0 .net "Y", 0 0, L_0x5636849bebd0;  alias, 1 drivers
v0x5636849092b0_0 .net "nor0_out_Y", 0 0, L_0x5636849bead0;  1 drivers
S_0x563683dcf1e0 .scope module, "sky130_fd_sc_hd__maj3_1" "sky130_fd_sc_hd__maj3_1" 2 82779;
 .timescale -9 -12;
    .port_info 0 /OUTPUT 1 "X";
    .port_info 1 /INPUT 1 "A";
    .port_info 2 /INPUT 1 "B";
    .port_info 3 /INPUT 1 "C";
o0x7f0afd45ee08 .functor BUFZ 1, C4<z>; HiZ drive
o0x7f0afd45edd8 .functor BUFZ 1, C4<z>; HiZ drive
L_0x5636849bf110 .functor OR 1, o0x7f0afd45ee08, o0x7f0afd45edd8, C4<0>, C4<0>;
o0x7f0afd45ee38 .functor BUFZ 1, C4<z>; HiZ drive
L_0x5636849bf180 .functor AND 1, L_0x5636849bf110, o0x7f0afd45ee38, C4<1>, C4<1>;
L_0x5636849bf1f0 .functor AND 1, o0x7f0afd45edd8, o0x7f0afd45ee08, C4<1>, C4<1>;
L_0x5636849bf260 .functor OR 1, L_0x5636849bf1f0, L_0x5636849bf180, C4<0>, C4<0>;
L_0x5636849bf370 .functor BUF 1, L_0x5636849bf260, C4<0>, C4<0>, C4<0>;
v0x563684909980_0 .net "A", 0 0, o0x7f0afd45edd8;  0 drivers
v0x563684909a20_0 .net "B", 0 0, o0x7f0afd45ee08;  0 drivers
v0x563684909ac0_0 .net "C", 0 0, o0x7f0afd45ee38;  0 drivers
L_0x5636840350d0 .functor BUFT 1, C8<770>, C4<0>, C4<0>, C4<0>;
v0x563684909b60_0 .net8 "VGND", 0 0, L_0x5636840350d0;  1 drivers, strength-aware
L_0x563684034d30 .functor BUFT 1, C8<770>, C4<0>, C4<0>, C4<0>;
v0x563684909c00_0 .net8 "VNB", 0 0, L_0x563684034d30;  1 drivers, strength-aware
L_0x563684035470 .functor BUFT 1, C8<771>, C4<0>, C4<0>, C4<0>;
v0x563684909ca0_0 .net8 "VPB", 0 0, L_0x563684035470;  1 drivers, strength-aware
L_0x563684036120 .functor BUFT 1, C8<771>, C4<0>, C4<0>, C4<0>;
v0x563684909d40_0 .net8 "VPWR", 0 0, L_0x563684036120;  1 drivers, strength-aware
v0x563684909de0_0 .net "X", 0 0, L_0x5636849bf370;  1 drivers
v0x563684909e80_0 .net "and0_out", 0 0, L_0x5636849bf180;  1 drivers
v0x563684909fb0_0 .net "and1_out", 0 0, L_0x5636849bf1f0;  1 drivers
v0x56368490a050_0 .net "or0_out", 0 0, L_0x5636849bf110;  1 drivers
v0x56368490a0f0_0 .net "or1_out_X", 0 0, L_0x5636849bf260;  1 drivers
S_0x563683dcf3e0 .scope module, "sky130_fd_sc_hd__maj3_2" "sky130_fd_sc_hd__maj3_2" 2 83129;
 .timescale -9 -12;
    .port_info 0 /OUTPUT 1 "X";
    .port_info 1 /INPUT 1 "A";
    .port_info 2 /INPUT 1 "B";
    .port_info 3 /INPUT 1 "C";
o0x7f0afd45f108 .functor BUFZ 1, C4<z>; HiZ drive
o0x7f0afd45f0d8 .functor BUFZ 1, C4<z>; HiZ drive
L_0x5636849bf430 .functor OR 1, o0x7f0afd45f108, o0x7f0afd45f0d8, C4<0>, C4<0>;
o0x7f0afd45f138 .functor BUFZ 1, C4<z>; HiZ drive
L_0x5636849bf4a0 .functor AND 1, L_0x5636849bf430, o0x7f0afd45f138, C4<1>, C4<1>;
L_0x5636849bf560 .functor AND 1, o0x7f0afd45f0d8, o0x7f0afd45f108, C4<1>, C4<1>;
L_0x5636849bf670 .functor OR 1, L_0x5636849bf560, L_0x5636849bf4a0, C4<0>, C4<0>;
L_0x5636849bf7d0 .functor BUF 1, L_0x5636849bf670, C4<0>, C4<0>, C4<0>;
v0x56368490a190_0 .net "A", 0 0, o0x7f0afd45f0d8;  0 drivers
v0x56368490a230_0 .net "B", 0 0, o0x7f0afd45f108;  0 drivers
v0x56368490a2d0_0 .net "C", 0 0, o0x7f0afd45f138;  0 drivers
L_0x563684035880 .functor BUFT 1, C8<770>, C4<0>, C4<0>, C4<0>;
v0x56368490a370_0 .net8 "VGND", 0 0, L_0x563684035880;  1 drivers, strength-aware
L_0x563684031e30 .functor BUFT 1, C8<770>, C4<0>, C4<0>, C4<0>;
v0x56368490a410_0 .net8 "VNB", 0 0, L_0x563684031e30;  1 drivers, strength-aware
L_0x563684030b20 .functor BUFT 1, C8<771>, C4<0>, C4<0>, C4<0>;
v0x56368490a4b0_0 .net8 "VPB", 0 0, L_0x563684030b20;  1 drivers, strength-aware
L_0x563684030860 .functor BUFT 1, C8<771>, C4<0>, C4<0>, C4<0>;
v0x56368490a550_0 .net8 "VPWR", 0 0, L_0x563684030860;  1 drivers, strength-aware
v0x56368490a5f0_0 .net "X", 0 0, L_0x5636849bf7d0;  1 drivers
v0x56368490a690_0 .net "and0_out", 0 0, L_0x5636849bf4a0;  1 drivers
v0x56368490a7c0_0 .net "and1_out", 0 0, L_0x5636849bf560;  1 drivers
v0x56368490a860_0 .net "or0_out", 0 0, L_0x5636849bf430;  1 drivers
v0x56368490a900_0 .net "or1_out_X", 0 0, L_0x5636849bf670;  1 drivers
S_0x563683dd5470 .scope module, "sky130_fd_sc_hd__maj3_4" "sky130_fd_sc_hd__maj3_4" 2 83479;
 .timescale -9 -12;
    .port_info 0 /OUTPUT 1 "X";
    .port_info 1 /INPUT 1 "A";
    .port_info 2 /INPUT 1 "B";
    .port_info 3 /INPUT 1 "C";
o0x7f0afd45f408 .functor BUFZ 1, C4<z>; HiZ drive
o0x7f0afd45f3d8 .functor BUFZ 1, C4<z>; HiZ drive
L_0x5636849bf890 .functor OR 1, o0x7f0afd45f408, o0x7f0afd45f3d8, C4<0>, C4<0>;
o0x7f0afd45f438 .functor BUFZ 1, C4<z>; HiZ drive
L_0x5636849bf900 .functor AND 1, L_0x5636849bf890, o0x7f0afd45f438, C4<1>, C4<1>;
L_0x5636849bf9c0 .functor AND 1, o0x7f0afd45f3d8, o0x7f0afd45f408, C4<1>, C4<1>;
L_0x5636849bfad0 .functor OR 1, L_0x5636849bf9c0, L_0x5636849bf900, C4<0>, C4<0>;
L_0x5636849bfbe0 .functor BUF 1, L_0x5636849bfad0, C4<0>, C4<0>, C4<0>;
v0x56368490a9a0_0 .net "A", 0 0, o0x7f0afd45f3d8;  0 drivers
v0x56368490aa40_0 .net "B", 0 0, o0x7f0afd45f408;  0 drivers
v0x56368490aae0_0 .net "C", 0 0, o0x7f0afd45f438;  0 drivers
L_0x563684030c80 .functor BUFT 1, C8<770>, C4<0>, C4<0>, C4<0>;
v0x56368490ab80_0 .net8 "VGND", 0 0, L_0x563684030c80;  1 drivers, strength-aware
L_0x563684031c60 .functor BUFT 1, C8<770>, C4<0>, C4<0>, C4<0>;
v0x56368490ac20_0 .net8 "VNB", 0 0, L_0x563684031c60;  1 drivers, strength-aware
L_0x563684031350 .functor BUFT 1, C8<771>, C4<0>, C4<0>, C4<0>;
v0x56368490acc0_0 .net8 "VPB", 0 0, L_0x563684031350;  1 drivers, strength-aware
L_0x563684031180 .functor BUFT 1, C8<771>, C4<0>, C4<0>, C4<0>;
v0x56368490ad60_0 .net8 "VPWR", 0 0, L_0x563684031180;  1 drivers, strength-aware
v0x56368490ae00_0 .net "X", 0 0, L_0x5636849bfbe0;  1 drivers
v0x56368490aea0_0 .net "and0_out", 0 0, L_0x5636849bf900;  1 drivers
v0x56368490afd0_0 .net "and1_out", 0 0, L_0x5636849bf9c0;  1 drivers
v0x56368490b070_0 .net "or0_out", 0 0, L_0x5636849bf890;  1 drivers
v0x56368490b110_0 .net "or1_out_X", 0 0, L_0x5636849bfad0;  1 drivers
S_0x563683dd5670 .scope module, "sky130_fd_sc_hd__mux2_1" "sky130_fd_sc_hd__mux2_1" 2 83815;
 .timescale -9 -12;
    .port_info 0 /OUTPUT 1 "X";
    .port_info 1 /INPUT 1 "A0";
    .port_info 2 /INPUT 1 "A1";
    .port_info 3 /INPUT 1 "S";
o0x7f0afd45f6d8 .functor BUFZ 1, C4<z>; HiZ drive
o0x7f0afd45f708 .functor BUFZ 1, C4<z>; HiZ drive
o0x7f0afd45f738 .functor BUFZ 1, C4<z>; HiZ drive
L_0x5636849bfca0 .udp UDP_sky130_fd_sc_hd__udp_mux_2to1, o0x7f0afd45f6d8, o0x7f0afd45f708, o0x7f0afd45f738;
L_0x5636849bfd10 .functor BUF 1, L_0x5636849bfca0, C4<0>, C4<0>, C4<0>;
v0x56368490b1b0_0 .net "A0", 0 0, o0x7f0afd45f6d8;  0 drivers
v0x56368490b250_0 .net "A1", 0 0, o0x7f0afd45f708;  0 drivers
v0x56368490b2f0_0 .net "S", 0 0, o0x7f0afd45f738;  0 drivers
L_0x563684032000 .functor BUFT 1, C8<770>, C4<0>, C4<0>, C4<0>;
v0x56368490b390_0 .net8 "VGND", 0 0, L_0x563684032000;  1 drivers, strength-aware
L_0x5636840321d0 .functor BUFT 1, C8<770>, C4<0>, C4<0>, C4<0>;
v0x56368490b430_0 .net8 "VNB", 0 0, L_0x5636840321d0;  1 drivers, strength-aware
L_0x5636840323a0 .functor BUFT 1, C8<771>, C4<0>, C4<0>, C4<0>;
v0x56368490b4d0_0 .net8 "VPB", 0 0, L_0x5636840323a0;  1 drivers, strength-aware
L_0x56368402ca70 .functor BUFT 1, C8<771>, C4<0>, C4<0>, C4<0>;
v0x56368490b570_0 .net8 "VPWR", 0 0, L_0x56368402ca70;  1 drivers, strength-aware
v0x56368490b610_0 .net "X", 0 0, L_0x5636849bfd10;  1 drivers
v0x56368490b6b0_0 .net "mux_2to10_out_X", 0 0, L_0x5636849bfca0;  1 drivers
S_0x563683f2e680 .scope module, "sky130_fd_sc_hd__mux2_2" "sky130_fd_sc_hd__mux2_2" 2 84145;
 .timescale -9 -12;
    .port_info 0 /OUTPUT 1 "X";
    .port_info 1 /INPUT 1 "A0";
    .port_info 2 /INPUT 1 "A1";
    .port_info 3 /INPUT 1 "S";
o0x7f0afd45f948 .functor BUFZ 1, C4<z>; HiZ drive
o0x7f0afd45f978 .functor BUFZ 1, C4<z>; HiZ drive
o0x7f0afd45f9a8 .functor BUFZ 1, C4<z>; HiZ drive
L_0x5636849bfe00 .udp UDP_sky130_fd_sc_hd__udp_mux_2to1, o0x7f0afd45f948, o0x7f0afd45f978, o0x7f0afd45f9a8;
L_0x5636849bff30 .functor BUF 1, L_0x5636849bfe00, C4<0>, C4<0>, C4<0>;
v0x56368490b7e0_0 .net "A0", 0 0, o0x7f0afd45f948;  0 drivers
v0x56368490b880_0 .net "A1", 0 0, o0x7f0afd45f978;  0 drivers
v0x56368490b920_0 .net "S", 0 0, o0x7f0afd45f9a8;  0 drivers
L_0x56368402cbd0 .functor BUFT 1, C8<770>, C4<0>, C4<0>, C4<0>;
v0x56368490b9c0_0 .net8 "VGND", 0 0, L_0x56368402cbd0;  1 drivers, strength-aware
L_0x56368402db40 .functor BUFT 1, C8<770>, C4<0>, C4<0>, C4<0>;
v0x56368490ba60_0 .net8 "VNB", 0 0, L_0x56368402db40;  1 drivers, strength-aware
L_0x56368402d7a0 .functor BUFT 1, C8<771>, C4<0>, C4<0>, C4<0>;
v0x56368490bb00_0 .net8 "VPB", 0 0, L_0x56368402d7a0;  1 drivers, strength-aware
L_0x56368402cd30 .functor BUFT 1, C8<771>, C4<0>, C4<0>, C4<0>;
v0x56368490bba0_0 .net8 "VPWR", 0 0, L_0x56368402cd30;  1 drivers, strength-aware
v0x56368490bc40_0 .net "X", 0 0, L_0x5636849bff30;  1 drivers
v0x56368490bce0_0 .net "mux_2to10_out_X", 0 0, L_0x5636849bfe00;  1 drivers
S_0x563683f2e880 .scope module, "sky130_fd_sc_hd__mux2_4" "sky130_fd_sc_hd__mux2_4" 2 84475;
 .timescale -9 -12;
    .port_info 0 /OUTPUT 1 "X";
    .port_info 1 /INPUT 1 "A0";
    .port_info 2 /INPUT 1 "A1";
    .port_info 3 /INPUT 1 "S";
o0x7f0afd45fbb8 .functor BUFZ 1, C4<z>; HiZ drive
o0x7f0afd45fbe8 .functor BUFZ 1, C4<z>; HiZ drive
o0x7f0afd45fc18 .functor BUFZ 1, C4<z>; HiZ drive
L_0x5636849c0020 .udp UDP_sky130_fd_sc_hd__udp_mux_2to1, o0x7f0afd45fbb8, o0x7f0afd45fbe8, o0x7f0afd45fc18;
L_0x5636849c0150 .functor BUF 1, L_0x5636849c0020, C4<0>, C4<0>, C4<0>;
v0x56368490be10_0 .net "A0", 0 0, o0x7f0afd45fbb8;  0 drivers
v0x56368490beb0_0 .net "A1", 0 0, o0x7f0afd45fbe8;  0 drivers
v0x56368490bf50_0 .net "S", 0 0, o0x7f0afd45fc18;  0 drivers
L_0x56368402d060 .functor BUFT 1, C8<770>, C4<0>, C4<0>, C4<0>;
v0x56368490bff0_0 .net8 "VGND", 0 0, L_0x56368402d060;  1 drivers, strength-aware
L_0x56368402d230 .functor BUFT 1, C8<770>, C4<0>, C4<0>, C4<0>;
v0x56368490c090_0 .net8 "VNB", 0 0, L_0x56368402d230;  1 drivers, strength-aware
L_0x56368402ce90 .functor BUFT 1, C8<771>, C4<0>, C4<0>, C4<0>;
v0x56368490c130_0 .net8 "VPB", 0 0, L_0x56368402ce90;  1 drivers, strength-aware
L_0x56368402d5d0 .functor BUFT 1, C8<771>, C4<0>, C4<0>, C4<0>;
v0x56368490c1d0_0 .net8 "VPWR", 0 0, L_0x56368402d5d0;  1 drivers, strength-aware
v0x56368490c270_0 .net "X", 0 0, L_0x5636849c0150;  1 drivers
v0x56368490c310_0 .net "mux_2to10_out_X", 0 0, L_0x5636849c0020;  1 drivers
S_0x563683f367e0 .scope module, "sky130_fd_sc_hd__mux2_8" "sky130_fd_sc_hd__mux2_8" 2 84805;
 .timescale -9 -12;
    .port_info 0 /OUTPUT 1 "X";
    .port_info 1 /INPUT 1 "A0";
    .port_info 2 /INPUT 1 "A1";
    .port_info 3 /INPUT 1 "S";
o0x7f0afd45fe28 .functor BUFZ 1, C4<z>; HiZ drive
o0x7f0afd45fe58 .functor BUFZ 1, C4<z>; HiZ drive
o0x7f0afd45fe88 .functor BUFZ 1, C4<z>; HiZ drive
L_0x5636849c0240 .udp UDP_sky130_fd_sc_hd__udp_mux_2to1, o0x7f0afd45fe28, o0x7f0afd45fe58, o0x7f0afd45fe88;
L_0x5636849c0340 .functor BUF 1, L_0x5636849c0240, C4<0>, C4<0>, C4<0>;
v0x56368490c440_0 .net "A0", 0 0, o0x7f0afd45fe28;  0 drivers
v0x56368490c4e0_0 .net "A1", 0 0, o0x7f0afd45fe58;  0 drivers
v0x56368490c580_0 .net "S", 0 0, o0x7f0afd45fe88;  0 drivers
L_0x56368402e450 .functor BUFT 1, C8<770>, C4<0>, C4<0>, C4<0>;
v0x56368490c620_0 .net8 "VGND", 0 0, L_0x56368402e450;  1 drivers, strength-aware
L_0x56368402d9e0 .functor BUFT 1, C8<770>, C4<0>, C4<0>, C4<0>;
v0x56368490c6c0_0 .net8 "VNB", 0 0, L_0x56368402d9e0;  1 drivers, strength-aware
L_0x563684029880 .functor BUFT 1, C8<771>, C4<0>, C4<0>, C4<0>;
v0x56368490c760_0 .net8 "VPB", 0 0, L_0x563684029880;  1 drivers, strength-aware
L_0x563684028570 .functor BUFT 1, C8<771>, C4<0>, C4<0>, C4<0>;
v0x56368490c800_0 .net8 "VPWR", 0 0, L_0x563684028570;  1 drivers, strength-aware
v0x56368490c8a0_0 .net "X", 0 0, L_0x5636849c0340;  1 drivers
v0x56368490c940_0 .net "mux_2to10_out_X", 0 0, L_0x5636849c0240;  1 drivers
S_0x563683f369e0 .scope module, "sky130_fd_sc_hd__mux2i_1" "sky130_fd_sc_hd__mux2i_1" 2 85135;
 .timescale -9 -12;
    .port_info 0 /OUTPUT 1 "Y";
    .port_info 1 /INPUT 1 "A0";
    .port_info 2 /INPUT 1 "A1";
    .port_info 3 /INPUT 1 "S";
UDP_sky130_fd_sc_hd__udp_mux_2to1_N .udp/comb "sky130_fd_sc_hd__udp_mux_2to1_N", 3
 ,"0?01"
 ,"1?00"
 ,"?011"
 ,"?110"
 ,"00?1"
 ,"11?0";
o0x7f0afd460098 .functor BUFZ 1, C4<z>; HiZ drive
o0x7f0afd4600c8 .functor BUFZ 1, C4<z>; HiZ drive
o0x7f0afd4600f8 .functor BUFZ 1, C4<z>; HiZ drive
L_0x5636849c0430 .udp UDP_sky130_fd_sc_hd__udp_mux_2to1_N, o0x7f0afd460098, o0x7f0afd4600c8, o0x7f0afd4600f8;
L_0x5636849c0560 .functor BUF 1, L_0x5636849c0430, C4<0>, C4<0>, C4<0>;
v0x56368490ca70_0 .net "A0", 0 0, o0x7f0afd460098;  0 drivers
v0x56368490cb10_0 .net "A1", 0 0, o0x7f0afd4600c8;  0 drivers
v0x56368490cbb0_0 .net "S", 0 0, o0x7f0afd4600f8;  0 drivers
L_0x563684028150 .functor BUFT 1, C8<770>, C4<0>, C4<0>, C4<0>;
v0x56368490cc50_0 .net8 "VGND", 0 0, L_0x563684028150;  1 drivers, strength-aware
L_0x563684029140 .functor BUFT 1, C8<770>, C4<0>, C4<0>, C4<0>;
v0x56368490ccf0_0 .net8 "VNB", 0 0, L_0x563684029140;  1 drivers, strength-aware
L_0x5636840286d0 .functor BUFT 1, C8<771>, C4<0>, C4<0>, C4<0>;
v0x56368490cd90_0 .net8 "VPB", 0 0, L_0x5636840286d0;  1 drivers, strength-aware
L_0x563684028a00 .functor BUFT 1, C8<771>, C4<0>, C4<0>, C4<0>;
v0x56368490ce30_0 .net8 "VPWR", 0 0, L_0x563684028a00;  1 drivers, strength-aware
v0x56368490ced0_0 .net "Y", 0 0, L_0x5636849c0560;  1 drivers
v0x56368490cf70_0 .net "mux_2to1_n0_out_Y", 0 0, L_0x5636849c0430;  1 drivers
S_0x563683f3e940 .scope module, "sky130_fd_sc_hd__mux2i_2" "sky130_fd_sc_hd__mux2i_2" 2 85465;
 .timescale -9 -12;
    .port_info 0 /OUTPUT 1 "Y";
    .port_info 1 /INPUT 1 "A0";
    .port_info 2 /INPUT 1 "A1";
    .port_info 3 /INPUT 1 "S";
o0x7f0afd460308 .functor BUFZ 1, C4<z>; HiZ drive
o0x7f0afd460338 .functor BUFZ 1, C4<z>; HiZ drive
o0x7f0afd460368 .functor BUFZ 1, C4<z>; HiZ drive
L_0x5636849c0650 .udp UDP_sky130_fd_sc_hd__udp_mux_2to1_N, o0x7f0afd460308, o0x7f0afd460338, o0x7f0afd460368;
L_0x5636849c0750 .functor BUF 1, L_0x5636849c0650, C4<0>, C4<0>, C4<0>;
v0x56368490d0a0_0 .net "A0", 0 0, o0x7f0afd460308;  0 drivers
v0x56368490d140_0 .net "A1", 0 0, o0x7f0afd460338;  0 drivers
v0x56368490d1e0_0 .net "S", 0 0, o0x7f0afd460368;  0 drivers
L_0x563684028bd0 .functor BUFT 1, C8<770>, C4<0>, C4<0>, C4<0>;
v0x56368490d280_0 .net8 "VGND", 0 0, L_0x563684028bd0;  1 drivers, strength-aware
L_0x563684028830 .functor BUFT 1, C8<770>, C4<0>, C4<0>, C4<0>;
v0x56368490d320_0 .net8 "VNB", 0 0, L_0x563684028830;  1 drivers, strength-aware
L_0x563684028f70 .functor BUFT 1, C8<771>, C4<0>, C4<0>, C4<0>;
v0x56368490d3c0_0 .net8 "VPB", 0 0, L_0x563684028f70;  1 drivers, strength-aware
L_0x563684029c20 .functor BUFT 1, C8<771>, C4<0>, C4<0>, C4<0>;
v0x56368490d460_0 .net8 "VPWR", 0 0, L_0x563684029c20;  1 drivers, strength-aware
v0x56368490d500_0 .net "Y", 0 0, L_0x5636849c0750;  1 drivers
v0x56368490d5a0_0 .net "mux_2to1_n0_out_Y", 0 0, L_0x5636849c0650;  1 drivers
S_0x563683f3eb40 .scope module, "sky130_fd_sc_hd__mux2i_4" "sky130_fd_sc_hd__mux2i_4" 2 85795;
 .timescale -9 -12;
    .port_info 0 /OUTPUT 1 "Y";
    .port_info 1 /INPUT 1 "A0";
    .port_info 2 /INPUT 1 "A1";
    .port_info 3 /INPUT 1 "S";
o0x7f0afd460578 .functor BUFZ 1, C4<z>; HiZ drive
o0x7f0afd4605a8 .functor BUFZ 1, C4<z>; HiZ drive
o0x7f0afd4605d8 .functor BUFZ 1, C4<z>; HiZ drive
L_0x5636849c0840 .udp UDP_sky130_fd_sc_hd__udp_mux_2to1_N, o0x7f0afd460578, o0x7f0afd4605a8, o0x7f0afd4605d8;
L_0x5636849c0970 .functor BUF 1, L_0x5636849c0840, C4<0>, C4<0>, C4<0>;
v0x56368490d6d0_0 .net "A0", 0 0, o0x7f0afd460578;  0 drivers
v0x56368490d770_0 .net "A1", 0 0, o0x7f0afd4605a8;  0 drivers
v0x56368490d810_0 .net "S", 0 0, o0x7f0afd4605d8;  0 drivers
L_0x563684029380 .functor BUFT 1, C8<770>, C4<0>, C4<0>, C4<0>;
v0x56368490d8b0_0 .net8 "VGND", 0 0, L_0x563684029380;  1 drivers, strength-aware
L_0x563684024fa0 .functor BUFT 1, C8<770>, C4<0>, C4<0>, C4<0>;
v0x56368490d950_0 .net8 "VNB", 0 0, L_0x563684024fa0;  1 drivers, strength-aware
L_0x563684023c90 .functor BUFT 1, C8<771>, C4<0>, C4<0>, C4<0>;
v0x56368490d9f0_0 .net8 "VPB", 0 0, L_0x563684023c90;  1 drivers, strength-aware
L_0x563684023870 .functor BUFT 1, C8<771>, C4<0>, C4<0>, C4<0>;
v0x56368490da90_0 .net8 "VPWR", 0 0, L_0x563684023870;  1 drivers, strength-aware
v0x56368490db30_0 .net "Y", 0 0, L_0x5636849c0970;  1 drivers
v0x56368490dbd0_0 .net "mux_2to1_n0_out_Y", 0 0, L_0x5636849c0840;  1 drivers
S_0x563683f46aa0 .scope module, "sky130_fd_sc_hd__mux4_1" "sky130_fd_sc_hd__mux4_1" 2 86201;
 .timescale -9 -12;
    .port_info 0 /OUTPUT 1 "X";
    .port_info 1 /INPUT 1 "A0";
    .port_info 2 /INPUT 1 "A1";
    .port_info 3 /INPUT 1 "A2";
    .port_info 4 /INPUT 1 "A3";
    .port_info 5 /INPUT 1 "S0";
    .port_info 6 /INPUT 1 "S1";
UDP_sky130_fd_sc_hd__udp_mux_4to2 .udp/comb "sky130_fd_sc_hd__udp_mux_4to2", 6
 ,"0???000"
 ,"1???001"
 ,"?0??100"
 ,"?1??101"
 ,"??0?010"
 ,"??1?011"
 ,"???0110"
 ,"???1111"
 ,"0000??0"
 ,"1111??1"
 ,"00???00"
 ,"11???01"
 ,"??00?10"
 ,"??11?11"
 ,"0?0?0?0"
 ,"1?1?0?1"
 ,"?0?01?0"
 ,"?1?11?1";
o0x7f0afd4607e8 .functor BUFZ 1, C4<z>; HiZ drive
o0x7f0afd460818 .functor BUFZ 1, C4<z>; HiZ drive
o0x7f0afd460848 .functor BUFZ 1, C4<z>; HiZ drive
o0x7f0afd460878 .functor BUFZ 1, C4<z>; HiZ drive
o0x7f0afd4608a8 .functor BUFZ 1, C4<z>; HiZ drive
o0x7f0afd4608d8 .functor BUFZ 1, C4<z>; HiZ drive
L_0x5636849c0a60 .udp UDP_sky130_fd_sc_hd__udp_mux_4to2, o0x7f0afd4607e8, o0x7f0afd460818, o0x7f0afd460848, o0x7f0afd460878, o0x7f0afd4608a8, o0x7f0afd4608d8;
L_0x5636849c0d50 .functor BUF 1, L_0x5636849c0a60, C4<0>, C4<0>, C4<0>;
v0x56368490dd00_0 .net "A0", 0 0, o0x7f0afd4607e8;  0 drivers
v0x56368490dda0_0 .net "A1", 0 0, o0x7f0afd460818;  0 drivers
v0x56368490de40_0 .net "A2", 0 0, o0x7f0afd460848;  0 drivers
v0x56368490dee0_0 .net "A3", 0 0, o0x7f0afd460878;  0 drivers
v0x56368490df80_0 .net "S0", 0 0, o0x7f0afd4608a8;  0 drivers
v0x56368490e020_0 .net "S1", 0 0, o0x7f0afd4608d8;  0 drivers
L_0x563684024860 .functor BUFT 1, C8<770>, C4<0>, C4<0>, C4<0>;
v0x56368490e0c0_0 .net8 "VGND", 0 0, L_0x563684024860;  1 drivers, strength-aware
L_0x563684023df0 .functor BUFT 1, C8<770>, C4<0>, C4<0>, C4<0>;
v0x56368490e160_0 .net8 "VNB", 0 0, L_0x563684023df0;  1 drivers, strength-aware
L_0x563684024120 .functor BUFT 1, C8<771>, C4<0>, C4<0>, C4<0>;
v0x56368490e200_0 .net8 "VPB", 0 0, L_0x563684024120;  1 drivers, strength-aware
L_0x5636840244c0 .functor BUFT 1, C8<771>, C4<0>, C4<0>, C4<0>;
v0x56368490e330_0 .net8 "VPWR", 0 0, L_0x5636840244c0;  1 drivers, strength-aware
v0x56368490e3d0_0 .net "X", 0 0, L_0x5636849c0d50;  1 drivers
v0x56368490e470_0 .net "mux_4to20_out_X", 0 0, L_0x5636849c0a60;  1 drivers
S_0x563683f46ce0 .scope module, "sky130_fd_sc_hd__mux4_2" "sky130_fd_sc_hd__mux4_2" 2 86671;
 .timescale -9 -12;
    .port_info 0 /OUTPUT 1 "X";
    .port_info 1 /INPUT 1 "A0";
    .port_info 2 /INPUT 1 "A1";
    .port_info 3 /INPUT 1 "A2";
    .port_info 4 /INPUT 1 "A3";
    .port_info 5 /INPUT 1 "S0";
    .port_info 6 /INPUT 1 "S1";
o0x7f0afd460b78 .functor BUFZ 1, C4<z>; HiZ drive
o0x7f0afd460ba8 .functor BUFZ 1, C4<z>; HiZ drive
o0x7f0afd460bd8 .functor BUFZ 1, C4<z>; HiZ drive
o0x7f0afd460c08 .functor BUFZ 1, C4<z>; HiZ drive
o0x7f0afd460c38 .functor BUFZ 1, C4<z>; HiZ drive
o0x7f0afd460c68 .functor BUFZ 1, C4<z>; HiZ drive
L_0x5636849c0e40 .udp UDP_sky130_fd_sc_hd__udp_mux_4to2, o0x7f0afd460b78, o0x7f0afd460ba8, o0x7f0afd460bd8, o0x7f0afd460c08, o0x7f0afd460c38, o0x7f0afd460c68;
L_0x5636849c0fd0 .functor BUF 1, L_0x5636849c0e40, C4<0>, C4<0>, C4<0>;
v0x56368490e510_0 .net "A0", 0 0, o0x7f0afd460b78;  0 drivers
v0x56368490e5b0_0 .net "A1", 0 0, o0x7f0afd460ba8;  0 drivers
v0x56368490e650_0 .net "A2", 0 0, o0x7f0afd460bd8;  0 drivers
v0x56368490e6f0_0 .net "A3", 0 0, o0x7f0afd460c08;  0 drivers
v0x56368490e790_0 .net "S0", 0 0, o0x7f0afd460c38;  0 drivers
v0x56368490e830_0 .net "S1", 0 0, o0x7f0afd460c68;  0 drivers
L_0x563684023f50 .functor BUFT 1, C8<770>, C4<0>, C4<0>, C4<0>;
v0x56368490e8d0_0 .net8 "VGND", 0 0, L_0x563684023f50;  1 drivers, strength-aware
L_0x563684024690 .functor BUFT 1, C8<770>, C4<0>, C4<0>, C4<0>;
v0x56368490e970_0 .net8 "VNB", 0 0, L_0x563684024690;  1 drivers, strength-aware
L_0x563684025340 .functor BUFT 1, C8<771>, C4<0>, C4<0>, C4<0>;
v0x56368490ea10_0 .net8 "VPB", 0 0, L_0x563684025340;  1 drivers, strength-aware
L_0x563684024aa0 .functor BUFT 1, C8<771>, C4<0>, C4<0>, C4<0>;
v0x56368490eb40_0 .net8 "VPWR", 0 0, L_0x563684024aa0;  1 drivers, strength-aware
v0x56368490ebe0_0 .net "X", 0 0, L_0x5636849c0fd0;  1 drivers
v0x56368490ec80_0 .net "mux_4to20_out_X", 0 0, L_0x5636849c0e40;  1 drivers
S_0x563683f4ec00 .scope module, "sky130_fd_sc_hd__mux4_4" "sky130_fd_sc_hd__mux4_4" 2 87141;
 .timescale -9 -12;
    .port_info 0 /OUTPUT 1 "X";
    .port_info 1 /INPUT 1 "A0";
    .port_info 2 /INPUT 1 "A1";
    .port_info 3 /INPUT 1 "A2";
    .port_info 4 /INPUT 1 "A3";
    .port_info 5 /INPUT 1 "S0";
    .port_info 6 /INPUT 1 "S1";
o0x7f0afd460f08 .functor BUFZ 1, C4<z>; HiZ drive
o0x7f0afd460f38 .functor BUFZ 1, C4<z>; HiZ drive
o0x7f0afd460f68 .functor BUFZ 1, C4<z>; HiZ drive
o0x7f0afd460f98 .functor BUFZ 1, C4<z>; HiZ drive
o0x7f0afd460fc8 .functor BUFZ 1, C4<z>; HiZ drive
o0x7f0afd460ff8 .functor BUFZ 1, C4<z>; HiZ drive
L_0x5636849c10c0 .udp UDP_sky130_fd_sc_hd__udp_mux_4to2, o0x7f0afd460f08, o0x7f0afd460f38, o0x7f0afd460f68, o0x7f0afd460f98, o0x7f0afd460fc8, o0x7f0afd460ff8;
L_0x5636849c1220 .functor BUF 1, L_0x5636849c10c0, C4<0>, C4<0>, C4<0>;
v0x56368490ed20_0 .net "A0", 0 0, o0x7f0afd460f08;  0 drivers
v0x56368490edc0_0 .net "A1", 0 0, o0x7f0afd460f38;  0 drivers
v0x56368490ee60_0 .net "A2", 0 0, o0x7f0afd460f68;  0 drivers
v0x56368490ef00_0 .net "A3", 0 0, o0x7f0afd460f98;  0 drivers
v0x56368490efa0_0 .net "S0", 0 0, o0x7f0afd460fc8;  0 drivers
v0x56368490f040_0 .net "S1", 0 0, o0x7f0afd460ff8;  0 drivers
L_0x563684020c10 .functor BUFT 1, C8<770>, C4<0>, C4<0>, C4<0>;
v0x56368490f0e0_0 .net8 "VGND", 0 0, L_0x563684020c10;  1 drivers, strength-aware
L_0x56368401f900 .functor BUFT 1, C8<770>, C4<0>, C4<0>, C4<0>;
v0x56368490f180_0 .net8 "VNB", 0 0, L_0x56368401f900;  1 drivers, strength-aware
L_0x56368401f640 .functor BUFT 1, C8<771>, C4<0>, C4<0>, C4<0>;
v0x56368490f220_0 .net8 "VPB", 0 0, L_0x56368401f640;  1 drivers, strength-aware
L_0x5636840204d0 .functor BUFT 1, C8<771>, C4<0>, C4<0>, C4<0>;
v0x56368490f350_0 .net8 "VPWR", 0 0, L_0x5636840204d0;  1 drivers, strength-aware
v0x56368490f3f0_0 .net "X", 0 0, L_0x5636849c1220;  1 drivers
v0x56368490f490_0 .net "mux_4to20_out_X", 0 0, L_0x5636849c10c0;  1 drivers
S_0x563683f4ee40 .scope module, "sky130_fd_sc_hd__nand2_1" "sky130_fd_sc_hd__nand2_1" 2 87521;
 .timescale -9 -12;
    .port_info 0 /OUTPUT 1 "Y";
    .port_info 1 /INPUT 1 "A";
    .port_info 2 /INPUT 1 "B";
o0x7f0afd4612c8 .functor BUFZ 1, C4<z>; HiZ drive
o0x7f0afd461298 .functor BUFZ 1, C4<z>; HiZ drive
L_0x5636849c1310 .functor NAND 1, o0x7f0afd4612c8, o0x7f0afd461298, C4<1>, C4<1>;
L_0x5636849c13e0 .functor BUF 1, L_0x5636849c1310, C4<0>, C4<0>, C4<0>;
v0x56368490f530_0 .net "A", 0 0, o0x7f0afd461298;  0 drivers
v0x56368490f5d0_0 .net "B", 0 0, o0x7f0afd4612c8;  0 drivers
L_0x563684020a40 .functor BUFT 1, C8<770>, C4<0>, C4<0>, C4<0>;
v0x56368490f670_0 .net8 "VGND", 0 0, L_0x563684020a40;  1 drivers, strength-aware
L_0x563684020130 .functor BUFT 1, C8<770>, C4<0>, C4<0>, C4<0>;
v0x56368490f710_0 .net8 "VNB", 0 0, L_0x563684020130;  1 drivers, strength-aware
L_0x56368401ff60 .functor BUFT 1, C8<771>, C4<0>, C4<0>, C4<0>;
v0x56368490f7b0_0 .net8 "VPB", 0 0, L_0x56368401ff60;  1 drivers, strength-aware
L_0x563684020de0 .functor BUFT 1, C8<771>, C4<0>, C4<0>, C4<0>;
v0x56368490f850_0 .net8 "VPWR", 0 0, L_0x563684020de0;  1 drivers, strength-aware
v0x56368490f8f0_0 .net "Y", 0 0, L_0x5636849c13e0;  1 drivers
v0x56368490f990_0 .net "nand0_out_Y", 0 0, L_0x5636849c1310;  1 drivers
S_0x563683f56d60 .scope module, "sky130_fd_sc_hd__nand2_4" "sky130_fd_sc_hd__nand2_4" 2 88141;
 .timescale -9 -12;
    .port_info 0 /OUTPUT 1 "Y";
    .port_info 1 /INPUT 1 "A";
    .port_info 2 /INPUT 1 "B";
o0x7f0afd4614d8 .functor BUFZ 1, C4<z>; HiZ drive
o0x7f0afd4614a8 .functor BUFZ 1, C4<z>; HiZ drive
L_0x5636849c1510 .functor NAND 1, o0x7f0afd4614d8, o0x7f0afd4614a8, C4<1>, C4<1>;
L_0x5636849c15b0 .functor BUF 1, L_0x5636849c1510, C4<0>, C4<0>, C4<0>;
v0x56368490fa30_0 .net "A", 0 0, o0x7f0afd4614a8;  0 drivers
v0x56368490fad0_0 .net "B", 0 0, o0x7f0afd4614d8;  0 drivers
L_0x563684020fb0 .functor BUFT 1, C8<770>, C4<0>, C4<0>, C4<0>;
v0x56368490fb70_0 .net8 "VGND", 0 0, L_0x563684020fb0;  1 drivers, strength-aware
L_0x563684021180 .functor BUFT 1, C8<770>, C4<0>, C4<0>, C4<0>;
v0x56368490fc10_0 .net8 "VNB", 0 0, L_0x563684021180;  1 drivers, strength-aware
L_0x56368401b690 .functor BUFT 1, C8<771>, C4<0>, C4<0>, C4<0>;
v0x56368490fcb0_0 .net8 "VPB", 0 0, L_0x56368401b690;  1 drivers, strength-aware
L_0x56368401cb00 .functor BUFT 1, C8<771>, C4<0>, C4<0>, C4<0>;
v0x56368490fd50_0 .net8 "VPWR", 0 0, L_0x56368401cb00;  1 drivers, strength-aware
v0x56368490fdf0_0 .net "Y", 0 0, L_0x5636849c15b0;  1 drivers
v0x56368490fe90_0 .net "nand0_out_Y", 0 0, L_0x5636849c1510;  1 drivers
S_0x563683f56f40 .scope module, "sky130_fd_sc_hd__nand2_8" "sky130_fd_sc_hd__nand2_8" 2 88451;
 .timescale -9 -12;
    .port_info 0 /OUTPUT 1 "Y";
    .port_info 1 /INPUT 1 "A";
    .port_info 2 /INPUT 1 "B";
o0x7f0afd4616e8 .functor BUFZ 1, C4<z>; HiZ drive
o0x7f0afd4616b8 .functor BUFZ 1, C4<z>; HiZ drive
L_0x5636849c16a0 .functor NAND 1, o0x7f0afd4616e8, o0x7f0afd4616b8, C4<1>, C4<1>;
L_0x5636849c1770 .functor BUF 1, L_0x5636849c16a0, C4<0>, C4<0>, C4<0>;
v0x56368490ff30_0 .net "A", 0 0, o0x7f0afd4616b8;  0 drivers
v0x56368490ffd0_0 .net "B", 0 0, o0x7f0afd4616e8;  0 drivers
L_0x56368401c760 .functor BUFT 1, C8<770>, C4<0>, C4<0>, C4<0>;
v0x563684910070_0 .net8 "VGND", 0 0, L_0x56368401c760;  1 drivers, strength-aware
L_0x56368401c3c0 .functor BUFT 1, C8<770>, C4<0>, C4<0>, C4<0>;
v0x563684910110_0 .net8 "VNB", 0 0, L_0x56368401c3c0;  1 drivers, strength-aware
L_0x56368401b950 .functor BUFT 1, C8<771>, C4<0>, C4<0>, C4<0>;
v0x5636849101b0_0 .net8 "VPB", 0 0, L_0x56368401b950;  1 drivers, strength-aware
L_0x56368401bc80 .functor BUFT 1, C8<771>, C4<0>, C4<0>, C4<0>;
v0x563684910250_0 .net8 "VPWR", 0 0, L_0x56368401bc80;  1 drivers, strength-aware
v0x5636849102f0_0 .net "Y", 0 0, L_0x5636849c1770;  1 drivers
v0x563684910390_0 .net "nand0_out_Y", 0 0, L_0x5636849c16a0;  1 drivers
S_0x563683e29c30 .scope module, "sky130_fd_sc_hd__nand2b_1" "sky130_fd_sc_hd__nand2b_1" 2 88767;
 .timescale -9 -12;
    .port_info 0 /OUTPUT 1 "Y";
    .port_info 1 /INPUT 1 "A_N";
    .port_info 2 /INPUT 1 "B";
o0x7f0afd4618f8 .functor BUFZ 1, C4<z>; HiZ drive
L_0x5636849c18a0 .functor NOT 1, o0x7f0afd4618f8, C4<0>, C4<0>, C4<0>;
o0x7f0afd4618c8 .functor BUFZ 1, C4<z>; HiZ drive
L_0x5636849c1910 .functor OR 1, L_0x5636849c18a0, o0x7f0afd4618c8, C4<0>, C4<0>;
L_0x5636849c1a00 .functor BUF 1, L_0x5636849c1910, C4<0>, C4<0>, C4<0>;
v0x563684910430_0 .net "A_N", 0 0, o0x7f0afd4618c8;  0 drivers
v0x5636849104d0_0 .net "B", 0 0, o0x7f0afd4618f8;  0 drivers
L_0x56368401be50 .functor BUFT 1, C8<770>, C4<0>, C4<0>, C4<0>;
v0x563684910570_0 .net8 "VGND", 0 0, L_0x56368401be50;  1 drivers, strength-aware
L_0x56368401bab0 .functor BUFT 1, C8<770>, C4<0>, C4<0>, C4<0>;
v0x563684910610_0 .net8 "VNB", 0 0, L_0x56368401bab0;  1 drivers, strength-aware
L_0x56368401c1f0 .functor BUFT 1, C8<771>, C4<0>, C4<0>, C4<0>;
v0x5636849106b0_0 .net8 "VPB", 0 0, L_0x56368401c1f0;  1 drivers, strength-aware
L_0x56368401cea0 .functor BUFT 1, C8<771>, C4<0>, C4<0>, C4<0>;
v0x563684910750_0 .net8 "VPWR", 0 0, L_0x56368401cea0;  1 drivers, strength-aware
v0x5636849107f0_0 .net "Y", 0 0, L_0x5636849c1a00;  1 drivers
v0x563684910890_0 .net "not0_out", 0 0, L_0x5636849c18a0;  1 drivers
v0x563684910930_0 .net "or0_out_Y", 0 0, L_0x5636849c1910;  1 drivers
S_0x563683e29e10 .scope module, "sky130_fd_sc_hd__nand2b_2" "sky130_fd_sc_hd__nand2b_2" 2 89085;
 .timescale -9 -12;
    .port_info 0 /OUTPUT 1 "Y";
    .port_info 1 /INPUT 1 "A_N";
    .port_info 2 /INPUT 1 "B";
o0x7f0afd461b38 .functor BUFZ 1, C4<z>; HiZ drive
L_0x5636849c1af0 .functor NOT 1, o0x7f0afd461b38, C4<0>, C4<0>, C4<0>;
o0x7f0afd461b08 .functor BUFZ 1, C4<z>; HiZ drive
L_0x5636849c1b90 .functor OR 1, L_0x5636849c1af0, o0x7f0afd461b08, C4<0>, C4<0>;
L_0x5636849c1cc0 .functor BUF 1, L_0x5636849c1b90, C4<0>, C4<0>, C4<0>;
v0x563684910a60_0 .net "A_N", 0 0, o0x7f0afd461b08;  0 drivers
v0x563684910b00_0 .net "B", 0 0, o0x7f0afd461b38;  0 drivers
L_0x56368401c600 .functor BUFT 1, C8<770>, C4<0>, C4<0>, C4<0>;
v0x563684910ba0_0 .net8 "VGND", 0 0, L_0x56368401c600;  1 drivers, strength-aware
L_0x5636840189f0 .functor BUFT 1, C8<770>, C4<0>, C4<0>, C4<0>;
v0x563684910c40_0 .net8 "VNB", 0 0, L_0x5636840189f0;  1 drivers, strength-aware
L_0x5636840176e0 .functor BUFT 1, C8<771>, C4<0>, C4<0>, C4<0>;
v0x563684910ce0_0 .net8 "VPB", 0 0, L_0x5636840176e0;  1 drivers, strength-aware
L_0x563684017420 .functor BUFT 1, C8<771>, C4<0>, C4<0>, C4<0>;
v0x563684910d80_0 .net8 "VPWR", 0 0, L_0x563684017420;  1 drivers, strength-aware
v0x563684910e20_0 .net "Y", 0 0, L_0x5636849c1cc0;  1 drivers
v0x563684910ec0_0 .net "not0_out", 0 0, L_0x5636849c1af0;  1 drivers
v0x563684910f60_0 .net "or0_out_Y", 0 0, L_0x5636849c1b90;  1 drivers
S_0x563683e2e8e0 .scope module, "sky130_fd_sc_hd__nand2b_4" "sky130_fd_sc_hd__nand2b_4" 2 89403;
 .timescale -9 -12;
    .port_info 0 /OUTPUT 1 "Y";
    .port_info 1 /INPUT 1 "A_N";
    .port_info 2 /INPUT 1 "B";
o0x7f0afd461d78 .functor BUFZ 1, C4<z>; HiZ drive
L_0x5636849c1d80 .functor NOT 1, o0x7f0afd461d78, C4<0>, C4<0>, C4<0>;
o0x7f0afd461d48 .functor BUFZ 1, C4<z>; HiZ drive
L_0x5636849c1e20 .functor OR 1, L_0x5636849c1d80, o0x7f0afd461d48, C4<0>, C4<0>;
L_0x5636849c1f10 .functor BUF 1, L_0x5636849c1e20, C4<0>, C4<0>, C4<0>;
v0x563684911090_0 .net "A_N", 0 0, o0x7f0afd461d48;  0 drivers
v0x563684911130_0 .net "B", 0 0, o0x7f0afd461d78;  0 drivers
L_0x563684017840 .functor BUFT 1, C8<770>, C4<0>, C4<0>, C4<0>;
v0x5636849111d0_0 .net8 "VGND", 0 0, L_0x563684017840;  1 drivers, strength-aware
L_0x563684018820 .functor BUFT 1, C8<770>, C4<0>, C4<0>, C4<0>;
v0x563684911270_0 .net8 "VNB", 0 0, L_0x563684018820;  1 drivers, strength-aware
L_0x563684017f10 .functor BUFT 1, C8<771>, C4<0>, C4<0>, C4<0>;
v0x563684911310_0 .net8 "VPB", 0 0, L_0x563684017f10;  1 drivers, strength-aware
L_0x563684017d40 .functor BUFT 1, C8<771>, C4<0>, C4<0>, C4<0>;
v0x5636849113b0_0 .net8 "VPWR", 0 0, L_0x563684017d40;  1 drivers, strength-aware
v0x563684911450_0 .net "Y", 0 0, L_0x5636849c1f10;  1 drivers
v0x5636849114f0_0 .net "not0_out", 0 0, L_0x5636849c1d80;  1 drivers
v0x563684911590_0 .net "or0_out_Y", 0 0, L_0x5636849c1e20;  1 drivers
S_0x563683e2eac0 .scope module, "sky130_fd_sc_hd__nand3_1" "sky130_fd_sc_hd__nand3_1" 2 89722;
 .timescale -9 -12;
    .port_info 0 /OUTPUT 1 "Y";
    .port_info 1 /INPUT 1 "A";
    .port_info 2 /INPUT 1 "B";
    .port_info 3 /INPUT 1 "C";
o0x7f0afd461fb8 .functor BUFZ 1, C4<z>; HiZ drive
o0x7f0afd461f88 .functor BUFZ 1, C4<z>; HiZ drive
o0x7f0afd461fe8 .functor BUFZ 1, C4<z>; HiZ drive
L_0x5636849c2000 .functor NAND 1, o0x7f0afd461fb8, o0x7f0afd461f88, o0x7f0afd461fe8, C4<1>;
L_0x5636849c2130 .functor BUF 1, L_0x5636849c2000, C4<0>, C4<0>, C4<0>;
v0x5636849116c0_0 .net "A", 0 0, o0x7f0afd461f88;  0 drivers
v0x563684911760_0 .net "B", 0 0, o0x7f0afd461fb8;  0 drivers
v0x563684911800_0 .net "C", 0 0, o0x7f0afd461fe8;  0 drivers
L_0x563684018bc0 .functor BUFT 1, C8<770>, C4<0>, C4<0>, C4<0>;
v0x5636849118a0_0 .net8 "VGND", 0 0, L_0x563684018bc0;  1 drivers, strength-aware
L_0x563684018d90 .functor BUFT 1, C8<770>, C4<0>, C4<0>, C4<0>;
v0x563684911940_0 .net8 "VNB", 0 0, L_0x563684018d90;  1 drivers, strength-aware
L_0x563684018f60 .functor BUFT 1, C8<771>, C4<0>, C4<0>, C4<0>;
v0x5636849119e0_0 .net8 "VPB", 0 0, L_0x563684018f60;  1 drivers, strength-aware
L_0x563684013020 .functor BUFT 1, C8<771>, C4<0>, C4<0>, C4<0>;
v0x563684911a80_0 .net8 "VPWR", 0 0, L_0x563684013020;  1 drivers, strength-aware
v0x563684911b20_0 .net "Y", 0 0, L_0x5636849c2130;  1 drivers
v0x563684911bc0_0 .net "nand0_out_Y", 0 0, L_0x5636849c2000;  1 drivers
S_0x563683e335d0 .scope module, "sky130_fd_sc_hd__nand3_2" "sky130_fd_sc_hd__nand3_2" 2 90042;
 .timescale -9 -12;
    .port_info 0 /OUTPUT 1 "Y";
    .port_info 1 /INPUT 1 "A";
    .port_info 2 /INPUT 1 "B";
    .port_info 3 /INPUT 1 "C";
o0x7f0afd462228 .functor BUFZ 1, C4<z>; HiZ drive
o0x7f0afd4621f8 .functor BUFZ 1, C4<z>; HiZ drive
o0x7f0afd462258 .functor BUFZ 1, C4<z>; HiZ drive
L_0x5636849c2260 .functor NAND 1, o0x7f0afd462228, o0x7f0afd4621f8, o0x7f0afd462258, C4<1>;
L_0x5636849c2360 .functor BUF 1, L_0x5636849c2260, C4<0>, C4<0>, C4<0>;
v0x563684911cf0_0 .net "A", 0 0, o0x7f0afd4621f8;  0 drivers
v0x563684911d90_0 .net "B", 0 0, o0x7f0afd462228;  0 drivers
v0x563684911e30_0 .net "C", 0 0, o0x7f0afd462258;  0 drivers
L_0x563684013180 .functor BUFT 1, C8<770>, C4<0>, C4<0>, C4<0>;
v0x563684911ed0_0 .net8 "VGND", 0 0, L_0x563684013180;  1 drivers, strength-aware
L_0x5636840142c0 .functor BUFT 1, C8<770>, C4<0>, C4<0>, C4<0>;
v0x563684911f70_0 .net8 "VNB", 0 0, L_0x5636840142c0;  1 drivers, strength-aware
L_0x563684013d50 .functor BUFT 1, C8<771>, C4<0>, C4<0>, C4<0>;
v0x563684912010_0 .net8 "VPB", 0 0, L_0x563684013d50;  1 drivers, strength-aware
L_0x5636840132e0 .functor BUFT 1, C8<771>, C4<0>, C4<0>, C4<0>;
v0x5636849120b0_0 .net8 "VPWR", 0 0, L_0x5636840132e0;  1 drivers, strength-aware
v0x563684912150_0 .net "Y", 0 0, L_0x5636849c2360;  1 drivers
v0x5636849121f0_0 .net "nand0_out_Y", 0 0, L_0x5636849c2260;  1 drivers
S_0x563683e337d0 .scope module, "sky130_fd_sc_hd__nand3_4" "sky130_fd_sc_hd__nand3_4" 2 90362;
 .timescale -9 -12;
    .port_info 0 /OUTPUT 1 "Y";
    .port_info 1 /INPUT 1 "A";
    .port_info 2 /INPUT 1 "B";
    .port_info 3 /INPUT 1 "C";
o0x7f0afd462498 .functor BUFZ 1, C4<z>; HiZ drive
o0x7f0afd462468 .functor BUFZ 1, C4<z>; HiZ drive
o0x7f0afd4624c8 .functor BUFZ 1, C4<z>; HiZ drive
L_0x5636849c2450 .functor NAND 1, o0x7f0afd462498, o0x7f0afd462468, o0x7f0afd4624c8, C4<1>;
L_0x5636849c2580 .functor BUF 1, L_0x5636849c2450, C4<0>, C4<0>, C4<0>;
v0x563684912320_0 .net "A", 0 0, o0x7f0afd462468;  0 drivers
v0x5636849123c0_0 .net "B", 0 0, o0x7f0afd462498;  0 drivers
v0x563684912460_0 .net "C", 0 0, o0x7f0afd4624c8;  0 drivers
L_0x563684013610 .functor BUFT 1, C8<770>, C4<0>, C4<0>, C4<0>;
v0x563684912500_0 .net8 "VGND", 0 0, L_0x563684013610;  1 drivers, strength-aware
L_0x5636840137e0 .functor BUFT 1, C8<770>, C4<0>, C4<0>, C4<0>;
v0x5636849125a0_0 .net8 "VNB", 0 0, L_0x5636840137e0;  1 drivers, strength-aware
L_0x563684013440 .functor BUFT 1, C8<771>, C4<0>, C4<0>, C4<0>;
v0x563684912640_0 .net8 "VPB", 0 0, L_0x563684013440;  1 drivers, strength-aware
L_0x563684013b80 .functor BUFT 1, C8<771>, C4<0>, C4<0>, C4<0>;
v0x5636849126e0_0 .net8 "VPWR", 0 0, L_0x563684013b80;  1 drivers, strength-aware
v0x563684912780_0 .net "Y", 0 0, L_0x5636849c2580;  1 drivers
v0x563684912820_0 .net "nand0_out_Y", 0 0, L_0x5636849c2450;  1 drivers
S_0x563683e382f0 .scope module, "sky130_fd_sc_hd__nand3b_1" "sky130_fd_sc_hd__nand3b_1" 2 90688;
 .timescale -9 -12;
    .port_info 0 /OUTPUT 1 "Y";
    .port_info 1 /INPUT 1 "A_N";
    .port_info 2 /INPUT 1 "B";
    .port_info 3 /INPUT 1 "C";
o0x7f0afd4626d8 .functor BUFZ 1, C4<z>; HiZ drive
L_0x5636849c26b0 .functor NOT 1, o0x7f0afd4626d8, C4<0>, C4<0>, C4<0>;
o0x7f0afd462708 .functor BUFZ 1, C4<z>; HiZ drive
o0x7f0afd462738 .functor BUFZ 1, C4<z>; HiZ drive
L_0x5636849c2720 .functor NAND 1, o0x7f0afd462708, L_0x5636849c26b0, o0x7f0afd462738, C4<1>;
L_0x5636849c2870 .functor BUF 1, L_0x5636849c2720, C4<0>, C4<0>, C4<0>;
v0x563684912950_0 .net "A_N", 0 0, o0x7f0afd4626d8;  0 drivers
v0x5636849129f0_0 .net "B", 0 0, o0x7f0afd462708;  0 drivers
v0x563684912a90_0 .net "C", 0 0, o0x7f0afd462738;  0 drivers
L_0x563684014bd0 .functor BUFT 1, C8<770>, C4<0>, C4<0>, C4<0>;
v0x563684912b30_0 .net8 "VGND", 0 0, L_0x563684014bd0;  1 drivers, strength-aware
L_0x563684013f20 .functor BUFT 1, C8<770>, C4<0>, C4<0>, C4<0>;
v0x563684912bd0_0 .net8 "VNB", 0 0, L_0x563684013f20;  1 drivers, strength-aware
L_0x56368400eb10 .functor BUFT 1, C8<771>, C4<0>, C4<0>, C4<0>;
v0x563684912c70_0 .net8 "VPB", 0 0, L_0x56368400eb10;  1 drivers, strength-aware
L_0x56368400ff80 .functor BUFT 1, C8<771>, C4<0>, C4<0>, C4<0>;
v0x563684912d10_0 .net8 "VPWR", 0 0, L_0x56368400ff80;  1 drivers, strength-aware
v0x563684912db0_0 .net "Y", 0 0, L_0x5636849c2870;  1 drivers
v0x563684912e50_0 .net "nand0_out_Y", 0 0, L_0x5636849c2720;  1 drivers
v0x563684912f80_0 .net "not0_out", 0 0, L_0x5636849c26b0;  1 drivers
S_0x563683e384f0 .scope module, "sky130_fd_sc_hd__nand3b_2" "sky130_fd_sc_hd__nand3b_2" 2 91016;
 .timescale -9 -12;
    .port_info 0 /OUTPUT 1 "Y";
    .port_info 1 /INPUT 1 "A_N";
    .port_info 2 /INPUT 1 "B";
    .port_info 3 /INPUT 1 "C";
o0x7f0afd462978 .functor BUFZ 1, C4<z>; HiZ drive
L_0x5636849c2960 .functor NOT 1, o0x7f0afd462978, C4<0>, C4<0>, C4<0>;
o0x7f0afd4629a8 .functor BUFZ 1, C4<z>; HiZ drive
o0x7f0afd4629d8 .functor BUFZ 1, C4<z>; HiZ drive
L_0x5636849c2a00 .functor NAND 1, o0x7f0afd4629a8, L_0x5636849c2960, o0x7f0afd4629d8, C4<1>;
L_0x5636849c2b90 .functor BUF 1, L_0x5636849c2a00, C4<0>, C4<0>, C4<0>;
v0x563684913020_0 .net "A_N", 0 0, o0x7f0afd462978;  0 drivers
v0x5636849130c0_0 .net "B", 0 0, o0x7f0afd4629a8;  0 drivers
v0x563684913160_0 .net "C", 0 0, o0x7f0afd4629d8;  0 drivers
L_0x56368400fbe0 .functor BUFT 1, C8<770>, C4<0>, C4<0>, C4<0>;
v0x563684913200_0 .net8 "VGND", 0 0, L_0x56368400fbe0;  1 drivers, strength-aware
L_0x56368400e9b0 .functor BUFT 1, C8<770>, C4<0>, C4<0>, C4<0>;
v0x5636849132a0_0 .net8 "VNB", 0 0, L_0x56368400e9b0;  1 drivers, strength-aware
L_0x56368400f840 .functor BUFT 1, C8<771>, C4<0>, C4<0>, C4<0>;
v0x563684913340_0 .net8 "VPB", 0 0, L_0x56368400f840;  1 drivers, strength-aware
L_0x56368400fdb0 .functor BUFT 1, C8<771>, C4<0>, C4<0>, C4<0>;
v0x5636849133e0_0 .net8 "VPWR", 0 0, L_0x56368400fdb0;  1 drivers, strength-aware
v0x563684913480_0 .net "Y", 0 0, L_0x5636849c2b90;  1 drivers
v0x563684913520_0 .net "nand0_out_Y", 0 0, L_0x5636849c2a00;  1 drivers
v0x563684913650_0 .net "not0_out", 0 0, L_0x5636849c2960;  1 drivers
S_0x563683e3cfc0 .scope module, "sky130_fd_sc_hd__nand3b_4" "sky130_fd_sc_hd__nand3b_4" 2 91344;
 .timescale -9 -12;
    .port_info 0 /OUTPUT 1 "Y";
    .port_info 1 /INPUT 1 "A_N";
    .port_info 2 /INPUT 1 "B";
    .port_info 3 /INPUT 1 "C";
o0x7f0afd462c18 .functor BUFZ 1, C4<z>; HiZ drive
L_0x5636849c2c50 .functor NOT 1, o0x7f0afd462c18, C4<0>, C4<0>, C4<0>;
o0x7f0afd462c48 .functor BUFZ 1, C4<z>; HiZ drive
o0x7f0afd462c78 .functor BUFZ 1, C4<z>; HiZ drive
L_0x5636849c2cf0 .functor NAND 1, o0x7f0afd462c48, L_0x5636849c2c50, o0x7f0afd462c78, C4<1>;
L_0x5636849c2e40 .functor BUF 1, L_0x5636849c2cf0, C4<0>, C4<0>, C4<0>;
v0x5636849136f0_0 .net "A_N", 0 0, o0x7f0afd462c18;  0 drivers
v0x563684913790_0 .net "B", 0 0, o0x7f0afd462c48;  0 drivers
v0x563684913830_0 .net "C", 0 0, o0x7f0afd462c78;  0 drivers
L_0x56368400f4a0 .functor BUFT 1, C8<770>, C4<0>, C4<0>, C4<0>;
v0x5636849138d0_0 .net8 "VGND", 0 0, L_0x56368400f4a0;  1 drivers, strength-aware
L_0x56368400f2d0 .functor BUFT 1, C8<770>, C4<0>, C4<0>, C4<0>;
v0x563684913970_0 .net8 "VNB", 0 0, L_0x56368400f2d0;  1 drivers, strength-aware
L_0x563684010150 .functor BUFT 1, C8<771>, C4<0>, C4<0>, C4<0>;
v0x563684913a10_0 .net8 "VPB", 0 0, L_0x563684010150;  1 drivers, strength-aware
L_0x56368400f670 .functor BUFT 1, C8<771>, C4<0>, C4<0>, C4<0>;
v0x563684913ab0_0 .net8 "VPWR", 0 0, L_0x56368400f670;  1 drivers, strength-aware
v0x563684913b50_0 .net "Y", 0 0, L_0x5636849c2e40;  1 drivers
v0x563684913bf0_0 .net "nand0_out_Y", 0 0, L_0x5636849c2cf0;  1 drivers
v0x563684913d20_0 .net "not0_out", 0 0, L_0x5636849c2c50;  1 drivers
S_0x563683e3d1c0 .scope module, "sky130_fd_sc_hd__nand4_1" "sky130_fd_sc_hd__nand4_1" 2 91673;
 .timescale -9 -12;
    .port_info 0 /OUTPUT 1 "Y";
    .port_info 1 /INPUT 1 "A";
    .port_info 2 /INPUT 1 "B";
    .port_info 3 /INPUT 1 "C";
    .port_info 4 /INPUT 1 "D";
o0x7f0afd462f48 .functor BUFZ 1, C4<z>; HiZ drive
o0x7f0afd462f18 .functor BUFZ 1, C4<z>; HiZ drive
o0x7f0afd462ee8 .functor BUFZ 1, C4<z>; HiZ drive
o0x7f0afd462eb8 .functor BUFZ 1, C4<z>; HiZ drive
L_0x5636849c2f30 .functor NAND 1, o0x7f0afd462f48, o0x7f0afd462f18, o0x7f0afd462ee8, o0x7f0afd462eb8;
L_0x5636849c3090 .functor BUF 1, L_0x5636849c2f30, C4<0>, C4<0>, C4<0>;
v0x563684913dc0_0 .net "A", 0 0, o0x7f0afd462eb8;  0 drivers
v0x563684913e60_0 .net "B", 0 0, o0x7f0afd462ee8;  0 drivers
v0x563684913f00_0 .net "C", 0 0, o0x7f0afd462f18;  0 drivers
v0x563684913fa0_0 .net "D", 0 0, o0x7f0afd462f48;  0 drivers
L_0x5636840104f0 .functor BUFT 1, C8<770>, C4<0>, C4<0>, C4<0>;
v0x563684914040_0 .net8 "VGND", 0 0, L_0x5636840104f0;  1 drivers, strength-aware
L_0x56368400a380 .functor BUFT 1, C8<770>, C4<0>, C4<0>, C4<0>;
v0x5636849140e0_0 .net8 "VNB", 0 0, L_0x56368400a380;  1 drivers, strength-aware
L_0x56368400b7f0 .functor BUFT 1, C8<771>, C4<0>, C4<0>, C4<0>;
v0x563684914180_0 .net8 "VPB", 0 0, L_0x56368400b7f0;  1 drivers, strength-aware
L_0x56368400b450 .functor BUFT 1, C8<771>, C4<0>, C4<0>, C4<0>;
v0x563684914220_0 .net8 "VPWR", 0 0, L_0x56368400b450;  1 drivers, strength-aware
v0x5636849142c0_0 .net "Y", 0 0, L_0x5636849c3090;  1 drivers
v0x5636849143f0_0 .net "nand0_out_Y", 0 0, L_0x5636849c2f30;  1 drivers
S_0x563683e41cb0 .scope module, "sky130_fd_sc_hd__nand4_2" "sky130_fd_sc_hd__nand4_2" 2 92003;
 .timescale -9 -12;
    .port_info 0 /OUTPUT 1 "Y";
    .port_info 1 /INPUT 1 "A";
    .port_info 2 /INPUT 1 "B";
    .port_info 3 /INPUT 1 "C";
    .port_info 4 /INPUT 1 "D";
o0x7f0afd463218 .functor BUFZ 1, C4<z>; HiZ drive
o0x7f0afd4631e8 .functor BUFZ 1, C4<z>; HiZ drive
o0x7f0afd4631b8 .functor BUFZ 1, C4<z>; HiZ drive
o0x7f0afd463188 .functor BUFZ 1, C4<z>; HiZ drive
L_0x5636849c31c0 .functor NAND 1, o0x7f0afd463218, o0x7f0afd4631e8, o0x7f0afd4631b8, o0x7f0afd463188;
L_0x5636849c32f0 .functor BUF 1, L_0x5636849c31c0, C4<0>, C4<0>, C4<0>;
v0x563684914490_0 .net "A", 0 0, o0x7f0afd463188;  0 drivers
v0x563684914530_0 .net "B", 0 0, o0x7f0afd4631b8;  0 drivers
v0x5636849145d0_0 .net "C", 0 0, o0x7f0afd4631e8;  0 drivers
v0x563684914670_0 .net "D", 0 0, o0x7f0afd463218;  0 drivers
L_0x56368400a220 .functor BUFT 1, C8<770>, C4<0>, C4<0>, C4<0>;
v0x563684914710_0 .net8 "VGND", 0 0, L_0x56368400a220;  1 drivers, strength-aware
L_0x56368400b0b0 .functor BUFT 1, C8<770>, C4<0>, C4<0>, C4<0>;
v0x5636849147b0_0 .net8 "VNB", 0 0, L_0x56368400b0b0;  1 drivers, strength-aware
L_0x56368400b620 .functor BUFT 1, C8<771>, C4<0>, C4<0>, C4<0>;
v0x563684914850_0 .net8 "VPB", 0 0, L_0x56368400b620;  1 drivers, strength-aware
L_0x56368400a970 .functor BUFT 1, C8<771>, C4<0>, C4<0>, C4<0>;
v0x5636849148f0_0 .net8 "VPWR", 0 0, L_0x56368400a970;  1 drivers, strength-aware
v0x563684914990_0 .net "Y", 0 0, L_0x5636849c32f0;  1 drivers
v0x563684914ac0_0 .net "nand0_out_Y", 0 0, L_0x5636849c31c0;  1 drivers
S_0x563683e41e40 .scope module, "sky130_fd_sc_hd__nand4_4" "sky130_fd_sc_hd__nand4_4" 2 92333;
 .timescale -9 -12;
    .port_info 0 /OUTPUT 1 "Y";
    .port_info 1 /INPUT 1 "A";
    .port_info 2 /INPUT 1 "B";
    .port_info 3 /INPUT 1 "C";
    .port_info 4 /INPUT 1 "D";
o0x7f0afd4634e8 .functor BUFZ 1, C4<z>; HiZ drive
o0x7f0afd4634b8 .functor BUFZ 1, C4<z>; HiZ drive
o0x7f0afd463488 .functor BUFZ 1, C4<z>; HiZ drive
o0x7f0afd463458 .functor BUFZ 1, C4<z>; HiZ drive
L_0x5636849c33e0 .functor NAND 1, o0x7f0afd4634e8, o0x7f0afd4634b8, o0x7f0afd463488, o0x7f0afd463458;
L_0x5636849c3540 .functor BUF 1, L_0x5636849c33e0, C4<0>, C4<0>, C4<0>;
v0x563684914b60_0 .net "A", 0 0, o0x7f0afd463458;  0 drivers
v0x563684914c00_0 .net "B", 0 0, o0x7f0afd463488;  0 drivers
v0x563684914ca0_0 .net "C", 0 0, o0x7f0afd4634b8;  0 drivers
v0x563684914d40_0 .net "D", 0 0, o0x7f0afd4634e8;  0 drivers
L_0x56368400ab40 .functor BUFT 1, C8<770>, C4<0>, C4<0>, C4<0>;
v0x563684914de0_0 .net8 "VGND", 0 0, L_0x56368400ab40;  1 drivers, strength-aware
L_0x56368400b9c0 .functor BUFT 1, C8<770>, C4<0>, C4<0>, C4<0>;
v0x563684914e80_0 .net8 "VNB", 0 0, L_0x56368400b9c0;  1 drivers, strength-aware
L_0x56368400aee0 .functor BUFT 1, C8<771>, C4<0>, C4<0>, C4<0>;
v0x563684914f20_0 .net8 "VPB", 0 0, L_0x56368400aee0;  1 drivers, strength-aware
L_0x56368400bd60 .functor BUFT 1, C8<771>, C4<0>, C4<0>, C4<0>;
v0x563684914fc0_0 .net8 "VPWR", 0 0, L_0x56368400bd60;  1 drivers, strength-aware
v0x563684915060_0 .net "Y", 0 0, L_0x5636849c3540;  1 drivers
v0x563684915190_0 .net "nand0_out_Y", 0 0, L_0x5636849c33e0;  1 drivers
S_0x563683e41fd0 .scope module, "sky130_fd_sc_hd__nand4b_1" "sky130_fd_sc_hd__nand4b_1" 2 92669;
 .timescale -9 -12;
    .port_info 0 /OUTPUT 1 "Y";
    .port_info 1 /INPUT 1 "A_N";
    .port_info 2 /INPUT 1 "B";
    .port_info 3 /INPUT 1 "C";
    .port_info 4 /INPUT 1 "D";
o0x7f0afd463728 .functor BUFZ 1, C4<z>; HiZ drive
L_0x5636849c3670 .functor NOT 1, o0x7f0afd463728, C4<0>, C4<0>, C4<0>;
o0x7f0afd4637b8 .functor BUFZ 1, C4<z>; HiZ drive
o0x7f0afd463788 .functor BUFZ 1, C4<z>; HiZ drive
o0x7f0afd463758 .functor BUFZ 1, C4<z>; HiZ drive
L_0x5636849c36e0 .functor NAND 1, o0x7f0afd4637b8, o0x7f0afd463788, o0x7f0afd463758, L_0x5636849c3670;
L_0x5636849c3890 .functor BUF 1, L_0x5636849c36e0, C4<0>, C4<0>, C4<0>;
v0x563684915230_0 .net "A_N", 0 0, o0x7f0afd463728;  0 drivers
v0x5636849152d0_0 .net "B", 0 0, o0x7f0afd463758;  0 drivers
v0x563684915370_0 .net "C", 0 0, o0x7f0afd463788;  0 drivers
v0x563684915410_0 .net "D", 0 0, o0x7f0afd4637b8;  0 drivers
L_0x5636840047c0 .functor BUFT 1, C8<770>, C4<0>, C4<0>, C4<0>;
v0x5636849154b0_0 .net8 "VGND", 0 0, L_0x5636840047c0;  1 drivers, strength-aware
L_0x563684005890 .functor BUFT 1, C8<770>, C4<0>, C4<0>, C4<0>;
v0x563684915550_0 .net8 "VNB", 0 0, L_0x563684005890;  1 drivers, strength-aware
L_0x563684005fd0 .functor BUFT 1, C8<771>, C4<0>, C4<0>, C4<0>;
v0x5636849155f0_0 .net8 "VPB", 0 0, L_0x563684005fd0;  1 drivers, strength-aware
L_0x5636840043a0 .functor BUFT 1, C8<771>, C4<0>, C4<0>, C4<0>;
v0x563684915690_0 .net8 "VPWR", 0 0, L_0x5636840043a0;  1 drivers, strength-aware
v0x563684915730_0 .net "Y", 0 0, L_0x5636849c3890;  1 drivers
v0x563684915860_0 .net "nand0_out_Y", 0 0, L_0x5636849c36e0;  1 drivers
v0x563684915900_0 .net "not0_out", 0 0, L_0x5636849c3670;  1 drivers
S_0x563683e469a0 .scope module, "sky130_fd_sc_hd__nand4b_2" "sky130_fd_sc_hd__nand4b_2" 2 93007;
 .timescale -9 -12;
    .port_info 0 /OUTPUT 1 "Y";
    .port_info 1 /INPUT 1 "A_N";
    .port_info 2 /INPUT 1 "B";
    .port_info 3 /INPUT 1 "C";
    .port_info 4 /INPUT 1 "D";
o0x7f0afd463a28 .functor BUFZ 1, C4<z>; HiZ drive
L_0x5636849c3950 .functor NOT 1, o0x7f0afd463a28, C4<0>, C4<0>, C4<0>;
o0x7f0afd463ab8 .functor BUFZ 1, C4<z>; HiZ drive
o0x7f0afd463a88 .functor BUFZ 1, C4<z>; HiZ drive
o0x7f0afd463a58 .functor BUFZ 1, C4<z>; HiZ drive
L_0x5636849c39f0 .functor NAND 1, o0x7f0afd463ab8, o0x7f0afd463a88, o0x7f0afd463a58, L_0x5636849c3950;
L_0x5636849c3be0 .functor BUF 1, L_0x5636849c39f0, C4<0>, C4<0>, C4<0>;
v0x5636849159a0_0 .net "A_N", 0 0, o0x7f0afd463a28;  0 drivers
v0x563684915a40_0 .net "B", 0 0, o0x7f0afd463a58;  0 drivers
v0x563684915ae0_0 .net "C", 0 0, o0x7f0afd463a88;  0 drivers
v0x563684915b80_0 .net "D", 0 0, o0x7f0afd463ab8;  0 drivers
L_0x563684005320 .functor BUFT 1, C8<770>, C4<0>, C4<0>, C4<0>;
v0x563684915c20_0 .net8 "VGND", 0 0, L_0x563684005320;  1 drivers, strength-aware
L_0x563684005a60 .functor BUFT 1, C8<770>, C4<0>, C4<0>, C4<0>;
v0x563684915cc0_0 .net8 "VNB", 0 0, L_0x563684005a60;  1 drivers, strength-aware
L_0x5636840054f0 .functor BUFT 1, C8<771>, C4<0>, C4<0>, C4<0>;
v0x563684915d60_0 .net8 "VPB", 0 0, L_0x5636840054f0;  1 drivers, strength-aware
L_0x563684005c30 .functor BUFT 1, C8<771>, C4<0>, C4<0>, C4<0>;
v0x563684915e00_0 .net8 "VPWR", 0 0, L_0x563684005c30;  1 drivers, strength-aware
v0x563684915ea0_0 .net "Y", 0 0, L_0x5636849c3be0;  1 drivers
v0x563684915fd0_0 .net "nand0_out_Y", 0 0, L_0x5636849c39f0;  1 drivers
v0x563684916070_0 .net "not0_out", 0 0, L_0x5636849c3950;  1 drivers
S_0x563683e46b30 .scope module, "sky130_fd_sc_hd__nand4b_4" "sky130_fd_sc_hd__nand4b_4" 2 93345;
 .timescale -9 -12;
    .port_info 0 /OUTPUT 1 "Y";
    .port_info 1 /INPUT 1 "A_N";
    .port_info 2 /INPUT 1 "B";
    .port_info 3 /INPUT 1 "C";
    .port_info 4 /INPUT 1 "D";
o0x7f0afd463d28 .functor BUFZ 1, C4<z>; HiZ drive
L_0x5636849c3ca0 .functor NOT 1, o0x7f0afd463d28, C4<0>, C4<0>, C4<0>;
o0x7f0afd463db8 .functor BUFZ 1, C4<z>; HiZ drive
o0x7f0afd463d88 .functor BUFZ 1, C4<z>; HiZ drive
o0x7f0afd463d58 .functor BUFZ 1, C4<z>; HiZ drive
L_0x5636849c3d10 .functor NAND 1, o0x7f0afd463db8, o0x7f0afd463d88, o0x7f0afd463d58, L_0x5636849c3ca0;
L_0x5636849c3ec0 .functor BUF 1, L_0x5636849c3d10, C4<0>, C4<0>, C4<0>;
v0x563684916110_0 .net "A_N", 0 0, o0x7f0afd463d28;  0 drivers
v0x5636849161b0_0 .net "B", 0 0, o0x7f0afd463d58;  0 drivers
v0x563684916250_0 .net "C", 0 0, o0x7f0afd463d88;  0 drivers
v0x5636849162f0_0 .net "D", 0 0, o0x7f0afd463db8;  0 drivers
L_0x563684005150 .functor BUFT 1, C8<770>, C4<0>, C4<0>, C4<0>;
v0x563684916390_0 .net8 "VGND", 0 0, L_0x563684005150;  1 drivers, strength-aware
L_0x563684004f80 .functor BUFT 1, C8<770>, C4<0>, C4<0>, C4<0>;
v0x563684916430_0 .net8 "VNB", 0 0, L_0x563684004f80;  1 drivers, strength-aware
L_0x5636840061a0 .functor BUFT 1, C8<771>, C4<0>, C4<0>, C4<0>;
v0x5636849164d0_0 .net8 "VPB", 0 0, L_0x5636840061a0;  1 drivers, strength-aware
L_0x5636840056c0 .functor BUFT 1, C8<771>, C4<0>, C4<0>, C4<0>;
v0x563684916570_0 .net8 "VPWR", 0 0, L_0x5636840056c0;  1 drivers, strength-aware
v0x563684916610_0 .net "Y", 0 0, L_0x5636849c3ec0;  1 drivers
v0x563684916740_0 .net "nand0_out_Y", 0 0, L_0x5636849c3d10;  1 drivers
v0x5636849167e0_0 .net "not0_out", 0 0, L_0x5636849c3ca0;  1 drivers
S_0x563683e46cc0 .scope module, "sky130_fd_sc_hd__nand4bb_1" "sky130_fd_sc_hd__nand4bb_1" 2 93683;
 .timescale -9 -12;
    .port_info 0 /OUTPUT 1 "Y";
    .port_info 1 /INPUT 1 "A_N";
    .port_info 2 /INPUT 1 "B_N";
    .port_info 3 /INPUT 1 "C";
    .port_info 4 /INPUT 1 "D";
o0x7f0afd4640b8 .functor BUFZ 1, C4<z>; HiZ drive
o0x7f0afd464088 .functor BUFZ 1, C4<z>; HiZ drive
L_0x5636849c3f80 .functor NAND 1, o0x7f0afd4640b8, o0x7f0afd464088, C4<1>, C4<1>;
o0x7f0afd464058 .functor BUFZ 1, C4<z>; HiZ drive
o0x7f0afd464028 .functor BUFZ 1, C4<z>; HiZ drive
L_0x5636849c4050 .functor OR 1, o0x7f0afd464058, o0x7f0afd464028, L_0x5636849c3f80, C4<0>;
L_0x5636849c4210 .functor BUF 1, L_0x5636849c4050, C4<0>, C4<0>, C4<0>;
v0x563684916880_0 .net "A_N", 0 0, o0x7f0afd464028;  0 drivers
v0x563684916920_0 .net "B_N", 0 0, o0x7f0afd464058;  0 drivers
v0x5636849169c0_0 .net "C", 0 0, o0x7f0afd464088;  0 drivers
v0x563684916a60_0 .net "D", 0 0, o0x7f0afd4640b8;  0 drivers
L_0x563684006540 .functor BUFT 1, C8<770>, C4<0>, C4<0>, C4<0>;
v0x563684916b00_0 .net8 "VGND", 0 0, L_0x563684006540;  1 drivers, strength-aware
L_0x563684005e70 .functor BUFT 1, C8<770>, C4<0>, C4<0>, C4<0>;
v0x563684916ba0_0 .net8 "VNB", 0 0, L_0x563684005e70;  1 drivers, strength-aware
L_0x563683fff470 .functor BUFT 1, C8<771>, C4<0>, C4<0>, C4<0>;
v0x563684916c40_0 .net8 "VPB", 0 0, L_0x563683fff470;  1 drivers, strength-aware
L_0x563683fff810 .functor BUFT 1, C8<771>, C4<0>, C4<0>, C4<0>;
v0x563684916ce0_0 .net8 "VPWR", 0 0, L_0x563683fff810;  1 drivers, strength-aware
v0x563684916d80_0 .net "Y", 0 0, L_0x5636849c4210;  1 drivers
v0x563684916eb0_0 .net "nand0_out", 0 0, L_0x5636849c3f80;  1 drivers
v0x563684916f50_0 .net "or0_out_Y", 0 0, L_0x5636849c4050;  1 drivers
S_0x563683e517f0 .scope module, "sky130_fd_sc_hd__nand4bb_2" "sky130_fd_sc_hd__nand4bb_2" 2 94021;
 .timescale -9 -12;
    .port_info 0 /OUTPUT 1 "Y";
    .port_info 1 /INPUT 1 "A_N";
    .port_info 2 /INPUT 1 "B_N";
    .port_info 3 /INPUT 1 "C";
    .port_info 4 /INPUT 1 "D";
o0x7f0afd4643b8 .functor BUFZ 1, C4<z>; HiZ drive
o0x7f0afd464388 .functor BUFZ 1, C4<z>; HiZ drive
L_0x5636849c42d0 .functor NAND 1, o0x7f0afd4643b8, o0x7f0afd464388, C4<1>, C4<1>;
o0x7f0afd464358 .functor BUFZ 1, C4<z>; HiZ drive
o0x7f0afd464328 .functor BUFZ 1, C4<z>; HiZ drive
L_0x5636849c4370 .functor OR 1, o0x7f0afd464358, o0x7f0afd464328, L_0x5636849c42d0, C4<0>;
L_0x5636849c44f0 .functor BUF 1, L_0x5636849c4370, C4<0>, C4<0>, C4<0>;
v0x563684916ff0_0 .net "A_N", 0 0, o0x7f0afd464328;  0 drivers
v0x563684917090_0 .net "B_N", 0 0, o0x7f0afd464358;  0 drivers
v0x563684917130_0 .net "C", 0 0, o0x7f0afd464388;  0 drivers
v0x5636849171d0_0 .net "D", 0 0, o0x7f0afd4643b8;  0 drivers
L_0x563683ffff50 .functor BUFT 1, C8<770>, C4<0>, C4<0>, C4<0>;
v0x563684917270_0 .net8 "VGND", 0 0, L_0x563683ffff50;  1 drivers, strength-aware
L_0x563683ffe150 .functor BUFT 1, C8<770>, C4<0>, C4<0>, C4<0>;
v0x563684917310_0 .net8 "VNB", 0 0, L_0x563683ffe150;  1 drivers, strength-aware
L_0x563683fff0d0 .functor BUFT 1, C8<771>, C4<0>, C4<0>, C4<0>;
v0x5636849173b0_0 .net8 "VPB", 0 0, L_0x563683fff0d0;  1 drivers, strength-aware
L_0x563683ffe830 .functor BUFT 1, C8<771>, C4<0>, C4<0>, C4<0>;
v0x563684917450_0 .net8 "VPWR", 0 0, L_0x563683ffe830;  1 drivers, strength-aware
v0x5636849174f0_0 .net "Y", 0 0, L_0x5636849c44f0;  1 drivers
v0x563684917620_0 .net "nand0_out", 0 0, L_0x5636849c42d0;  1 drivers
v0x5636849176c0_0 .net "or0_out_Y", 0 0, L_0x5636849c4370;  1 drivers
S_0x563683e51980 .scope module, "sky130_fd_sc_hd__nand4bb_4" "sky130_fd_sc_hd__nand4bb_4" 2 94359;
 .timescale -9 -12;
    .port_info 0 /OUTPUT 1 "Y";
    .port_info 1 /INPUT 1 "A_N";
    .port_info 2 /INPUT 1 "B_N";
    .port_info 3 /INPUT 1 "C";
    .port_info 4 /INPUT 1 "D";
o0x7f0afd4646b8 .functor BUFZ 1, C4<z>; HiZ drive
o0x7f0afd464688 .functor BUFZ 1, C4<z>; HiZ drive
L_0x5636849c45b0 .functor NAND 1, o0x7f0afd4646b8, o0x7f0afd464688, C4<1>, C4<1>;
o0x7f0afd464658 .functor BUFZ 1, C4<z>; HiZ drive
o0x7f0afd464628 .functor BUFZ 1, C4<z>; HiZ drive
L_0x5636849c4680 .functor OR 1, o0x7f0afd464658, o0x7f0afd464628, L_0x5636849c45b0, C4<0>;
L_0x5636849c4840 .functor BUF 1, L_0x5636849c4680, C4<0>, C4<0>, C4<0>;
v0x563684917760_0 .net "A_N", 0 0, o0x7f0afd464628;  0 drivers
v0x563684917800_0 .net "B_N", 0 0, o0x7f0afd464658;  0 drivers
v0x5636849178a0_0 .net "C", 0 0, o0x7f0afd464688;  0 drivers
v0x563684917940_0 .net "D", 0 0, o0x7f0afd4646b8;  0 drivers
L_0x563683fff2a0 .functor BUFT 1, C8<770>, C4<0>, C4<0>, C4<0>;
v0x5636849179e0_0 .net8 "VGND", 0 0, L_0x563683fff2a0;  1 drivers, strength-aware
L_0x563683fffbb0 .functor BUFT 1, C8<770>, C4<0>, C4<0>, C4<0>;
v0x563684917a80_0 .net8 "VNB", 0 0, L_0x563683fffbb0;  1 drivers, strength-aware
L_0x563683ffeb60 .functor BUFT 1, C8<771>, C4<0>, C4<0>, C4<0>;
v0x563684917b20_0 .net8 "VPB", 0 0, L_0x563683ffeb60;  1 drivers, strength-aware
L_0x563683ffed30 .functor BUFT 1, C8<771>, C4<0>, C4<0>, C4<0>;
v0x563684917bc0_0 .net8 "VPWR", 0 0, L_0x563683ffed30;  1 drivers, strength-aware
v0x563684917c60_0 .net "Y", 0 0, L_0x5636849c4840;  1 drivers
v0x563684917d90_0 .net "nand0_out", 0 0, L_0x5636849c45b0;  1 drivers
v0x563684917e30_0 .net "or0_out_Y", 0 0, L_0x5636849c4680;  1 drivers
S_0x563683e51b10 .scope module, "sky130_fd_sc_hd__nor2_1" "sky130_fd_sc_hd__nor2_1" 2 94677;
 .timescale -9 -12;
    .port_info 0 /OUTPUT 1 "Y";
    .port_info 1 /INPUT 1 "A";
    .port_info 2 /INPUT 1 "B";
o0x7f0afd464928 .functor BUFZ 1, C4<z>; HiZ drive
o0x7f0afd464958 .functor BUFZ 1, C4<z>; HiZ drive
L_0x5636849c4900 .functor NOR 1, o0x7f0afd464928, o0x7f0afd464958, C4<0>, C4<0>;
L_0x5636849c49a0 .functor BUF 1, L_0x5636849c4900, C4<0>, C4<0>, C4<0>;
v0x563684917ed0_0 .net "A", 0 0, o0x7f0afd464928;  0 drivers
v0x563684917f70_0 .net "B", 0 0, o0x7f0afd464958;  0 drivers
L_0x563684000120 .functor BUFT 1, C8<770>, C4<0>, C4<0>, C4<0>;
v0x563684918010_0 .net8 "VGND", 0 0, L_0x563684000120;  1 drivers, strength-aware
L_0x563683fff640 .functor BUFT 1, C8<770>, C4<0>, C4<0>, C4<0>;
v0x5636849180b0_0 .net8 "VNB", 0 0, L_0x563683fff640;  1 drivers, strength-aware
L_0x5636840004c0 .functor BUFT 1, C8<771>, C4<0>, C4<0>, C4<0>;
v0x563684918150_0 .net8 "VPB", 0 0, L_0x5636840004c0;  1 drivers, strength-aware
L_0x563684000690 .functor BUFT 1, C8<771>, C4<0>, C4<0>, C4<0>;
v0x5636849181f0_0 .net8 "VPWR", 0 0, L_0x563684000690;  1 drivers, strength-aware
v0x563684918290_0 .net "Y", 0 0, L_0x5636849c49a0;  1 drivers
v0x563684918330_0 .net "nor0_out_Y", 0 0, L_0x5636849c4900;  1 drivers
S_0x563683e5c650 .scope module, "sky130_fd_sc_hd__nor2_4" "sky130_fd_sc_hd__nor2_4" 2 95297;
 .timescale -9 -12;
    .port_info 0 /OUTPUT 1 "Y";
    .port_info 1 /INPUT 1 "A";
    .port_info 2 /INPUT 1 "B";
o0x7f0afd464b38 .functor BUFZ 1, C4<z>; HiZ drive
o0x7f0afd464b68 .functor BUFZ 1, C4<z>; HiZ drive
L_0x5636849c4a90 .functor NOR 1, o0x7f0afd464b38, o0x7f0afd464b68, C4<0>, C4<0>;
L_0x5636849c4b60 .functor BUF 1, L_0x5636849c4a90, C4<0>, C4<0>, C4<0>;
v0x5636849183d0_0 .net "A", 0 0, o0x7f0afd464b38;  0 drivers
v0x563684918470_0 .net "B", 0 0, o0x7f0afd464b68;  0 drivers
L_0x563683ff9450 .functor BUFT 1, C8<770>, C4<0>, C4<0>, C4<0>;
v0x563684918510_0 .net8 "VGND", 0 0, L_0x563683ff9450;  1 drivers, strength-aware
L_0x563683ff97f0 .functor BUFT 1, C8<770>, C4<0>, C4<0>, C4<0>;
v0x5636849185b0_0 .net8 "VNB", 0 0, L_0x563683ff97f0;  1 drivers, strength-aware
L_0x563683ff83d0 .functor BUFT 1, C8<771>, C4<0>, C4<0>, C4<0>;
v0x563684918650_0 .net8 "VPB", 0 0, L_0x563683ff83d0;  1 drivers, strength-aware
L_0x563683ff8110 .functor BUFT 1, C8<771>, C4<0>, C4<0>, C4<0>;
v0x5636849186f0_0 .net8 "VPWR", 0 0, L_0x563683ff8110;  1 drivers, strength-aware
v0x563684918790_0 .net "Y", 0 0, L_0x5636849c4b60;  1 drivers
v0x563684918830_0 .net "nor0_out_Y", 0 0, L_0x5636849c4a90;  1 drivers
S_0x563683e5c830 .scope module, "sky130_fd_sc_hd__nor2_8" "sky130_fd_sc_hd__nor2_8" 2 95607;
 .timescale -9 -12;
    .port_info 0 /OUTPUT 1 "Y";
    .port_info 1 /INPUT 1 "A";
    .port_info 2 /INPUT 1 "B";
o0x7f0afd464d48 .functor BUFZ 1, C4<z>; HiZ drive
o0x7f0afd464d78 .functor BUFZ 1, C4<z>; HiZ drive
L_0x5636849c4c90 .functor NOR 1, o0x7f0afd464d48, o0x7f0afd464d78, C4<0>, C4<0>;
L_0x5636849c4d30 .functor BUF 1, L_0x5636849c4c90, C4<0>, C4<0>, C4<0>;
v0x5636849188d0_0 .net "A", 0 0, o0x7f0afd464d48;  0 drivers
v0x563684918970_0 .net "B", 0 0, o0x7f0afd464d78;  0 drivers
L_0x563683ff90b0 .functor BUFT 1, C8<770>, C4<0>, C4<0>, C4<0>;
v0x563684918a10_0 .net8 "VGND", 0 0, L_0x563683ff90b0;  1 drivers, strength-aware
L_0x563683ff87f0 .functor BUFT 1, C8<770>, C4<0>, C4<0>, C4<0>;
v0x563684918ab0_0 .net8 "VNB", 0 0, L_0x563683ff87f0;  1 drivers, strength-aware
L_0x563683ff9280 .functor BUFT 1, C8<771>, C4<0>, C4<0>, C4<0>;
v0x563684918b50_0 .net8 "VPB", 0 0, L_0x563683ff9280;  1 drivers, strength-aware
L_0x563683ff8690 .functor BUFT 1, C8<771>, C4<0>, C4<0>, C4<0>;
v0x563684918bf0_0 .net8 "VPWR", 0 0, L_0x563683ff8690;  1 drivers, strength-aware
v0x563684918c90_0 .net "Y", 0 0, L_0x5636849c4d30;  1 drivers
v0x563684918d30_0 .net "nor0_out_Y", 0 0, L_0x5636849c4c90;  1 drivers
S_0x563683e674e0 .scope module, "sky130_fd_sc_hd__nor2b_1" "sky130_fd_sc_hd__nor2b_1" 2 95933;
 .timescale -9 -12;
    .port_info 0 /OUTPUT 1 "Y";
    .port_info 1 /INPUT 1 "A";
    .port_info 2 /INPUT 1 "B_N";
o0x7f0afd464f58 .functor BUFZ 1, C4<z>; HiZ drive
L_0x5636849c4e20 .functor NOT 1, o0x7f0afd464f58, C4<0>, C4<0>, C4<0>;
o0x7f0afd464f88 .functor BUFZ 1, C4<z>; HiZ drive
L_0x5636849c4ec0 .functor AND 1, L_0x5636849c4e20, o0x7f0afd464f88, C4<1>, C4<1>;
L_0x5636849c4ff0 .functor BUF 1, L_0x5636849c4ec0, C4<0>, C4<0>, C4<0>;
v0x563684918dd0_0 .net "A", 0 0, o0x7f0afd464f58;  0 drivers
v0x563684918e70_0 .net "B_N", 0 0, o0x7f0afd464f88;  0 drivers
L_0x563683ff8b40 .functor BUFT 1, C8<770>, C4<0>, C4<0>, C4<0>;
v0x563684918f10_0 .net8 "VGND", 0 0, L_0x563683ff8b40;  1 drivers, strength-aware
L_0x563683ff8d10 .functor BUFT 1, C8<770>, C4<0>, C4<0>, C4<0>;
v0x563684918fb0_0 .net8 "VNB", 0 0, L_0x563683ff8d10;  1 drivers, strength-aware
L_0x563683ff8950 .functor BUFT 1, C8<771>, C4<0>, C4<0>, C4<0>;
v0x563684919050_0 .net8 "VPB", 0 0, L_0x563683ff8950;  1 drivers, strength-aware
L_0x563683ff9620 .functor BUFT 1, C8<771>, C4<0>, C4<0>, C4<0>;
v0x5636849190f0_0 .net8 "VPWR", 0 0, L_0x563683ff9620;  1 drivers, strength-aware
v0x563684919190_0 .net "Y", 0 0, L_0x5636849c4ff0;  1 drivers
v0x563684919230_0 .net "and0_out_Y", 0 0, L_0x5636849c4ec0;  1 drivers
v0x5636849192d0_0 .net "not0_out", 0 0, L_0x5636849c4e20;  1 drivers
S_0x563683e676c0 .scope module, "sky130_fd_sc_hd__nor2b_2" "sky130_fd_sc_hd__nor2b_2" 2 96261;
 .timescale -9 -12;
    .port_info 0 /OUTPUT 1 "Y";
    .port_info 1 /INPUT 1 "A";
    .port_info 2 /INPUT 1 "B_N";
o0x7f0afcfed198 .functor BUFZ 1, C4<z>; HiZ drive
L_0x5636849c50b0 .functor NOT 1, o0x7f0afcfed198, C4<0>, C4<0>, C4<0>;
o0x7f0afcfed1c8 .functor BUFZ 1, C4<z>; HiZ drive
L_0x5636849c5150 .functor AND 1, L_0x5636849c50b0, o0x7f0afcfed1c8, C4<1>, C4<1>;
L_0x5636849c5240 .functor BUF 1, L_0x5636849c5150, C4<0>, C4<0>, C4<0>;
v0x563684919400_0 .net "A", 0 0, o0x7f0afcfed198;  0 drivers
v0x5636849194a0_0 .net "B_N", 0 0, o0x7f0afcfed1c8;  0 drivers
L_0x563683ffa4a0 .functor BUFT 1, C8<770>, C4<0>, C4<0>, C4<0>;
v0x563684919540_0 .net8 "VGND", 0 0, L_0x563683ffa4a0;  1 drivers, strength-aware
L_0x563683ffa670 .functor BUFT 1, C8<770>, C4<0>, C4<0>, C4<0>;
v0x5636849195e0_0 .net8 "VNB", 0 0, L_0x563683ffa670;  1 drivers, strength-aware
L_0x563683ff64b0 .functor BUFT 1, C8<771>, C4<0>, C4<0>, C4<0>;
v0x563684919680_0 .net8 "VPB", 0 0, L_0x563683ff64b0;  1 drivers, strength-aware
L_0x563683ff6850 .functor BUFT 1, C8<771>, C4<0>, C4<0>, C4<0>;
v0x563684919720_0 .net8 "VPWR", 0 0, L_0x563683ff6850;  1 drivers, strength-aware
v0x5636849197c0_0 .net "Y", 0 0, L_0x5636849c5240;  1 drivers
v0x563684919860_0 .net "and0_out_Y", 0 0, L_0x5636849c5150;  1 drivers
v0x563684919900_0 .net "not0_out", 0 0, L_0x5636849c50b0;  1 drivers
S_0x563683e72320 .scope module, "sky130_fd_sc_hd__nor2b_4" "sky130_fd_sc_hd__nor2b_4" 2 96589;
 .timescale -9 -12;
    .port_info 0 /OUTPUT 1 "Y";
    .port_info 1 /INPUT 1 "A";
    .port_info 2 /INPUT 1 "B_N";
o0x7f0afcfed3d8 .functor BUFZ 1, C4<z>; HiZ drive
L_0x5636849c5330 .functor NOT 1, o0x7f0afcfed3d8, C4<0>, C4<0>, C4<0>;
o0x7f0afcfed408 .functor BUFZ 1, C4<z>; HiZ drive
L_0x5636849c53d0 .functor AND 1, L_0x5636849c5330, o0x7f0afcfed408, C4<1>, C4<1>;
L_0x5636849c5500 .functor BUF 1, L_0x5636849c53d0, C4<0>, C4<0>, C4<0>;
v0x563684919a30_0 .net "A", 0 0, o0x7f0afcfed3d8;  0 drivers
v0x563684919ad0_0 .net "B_N", 0 0, o0x7f0afcfed408;  0 drivers
L_0x563683ff62e0 .functor BUFT 1, C8<770>, C4<0>, C4<0>, C4<0>;
v0x563684919b70_0 .net8 "VGND", 0 0, L_0x563683ff62e0;  1 drivers, strength-aware
L_0x563683ff5bd0 .functor BUFT 1, C8<770>, C4<0>, C4<0>, C4<0>;
v0x563684919c10_0 .net8 "VNB", 0 0, L_0x563683ff5bd0;  1 drivers, strength-aware
L_0x563683ff5a00 .functor BUFT 1, C8<771>, C4<0>, C4<0>, C4<0>;
v0x563684919cb0_0 .net8 "VPB", 0 0, L_0x563683ff5a00;  1 drivers, strength-aware
L_0x563683ff4bb0 .functor BUFT 1, C8<771>, C4<0>, C4<0>, C4<0>;
v0x563684919d50_0 .net8 "VPWR", 0 0, L_0x563683ff4bb0;  1 drivers, strength-aware
v0x563684919df0_0 .net "Y", 0 0, L_0x5636849c5500;  1 drivers
v0x563684919e90_0 .net "and0_out_Y", 0 0, L_0x5636849c53d0;  1 drivers
v0x563684919f30_0 .net "not0_out", 0 0, L_0x5636849c5330;  1 drivers
S_0x563683e72500 .scope module, "sky130_fd_sc_hd__nor3_1" "sky130_fd_sc_hd__nor3_1" 2 96918;
 .timescale -9 -12;
    .port_info 0 /OUTPUT 1 "Y";
    .port_info 1 /INPUT 1 "A";
    .port_info 2 /INPUT 1 "B";
    .port_info 3 /INPUT 1 "C";
o0x7f0afcfed678 .functor BUFZ 1, C4<z>; HiZ drive
o0x7f0afcfed618 .functor BUFZ 1, C4<z>; HiZ drive
o0x7f0afcfed648 .functor BUFZ 1, C4<z>; HiZ drive
L_0x5636849c55c0 .functor NOR 1, o0x7f0afcfed678, o0x7f0afcfed618, o0x7f0afcfed648, C4<0>;
L_0x5636849c56f0 .functor BUF 1, L_0x5636849c55c0, C4<0>, C4<0>, C4<0>;
v0x56368491a060_0 .net "A", 0 0, o0x7f0afcfed618;  0 drivers
v0x56368491a100_0 .net "B", 0 0, o0x7f0afcfed648;  0 drivers
v0x56368491a1a0_0 .net "C", 0 0, o0x7f0afcfed678;  0 drivers
L_0x563683ff4d80 .functor BUFT 1, C8<770>, C4<0>, C4<0>, C4<0>;
v0x56368491a240_0 .net8 "VGND", 0 0, L_0x563683ff4d80;  1 drivers, strength-aware
L_0x563683ff49e0 .functor BUFT 1, C8<770>, C4<0>, C4<0>, C4<0>;
v0x56368491a2e0_0 .net8 "VNB", 0 0, L_0x563683ff49e0;  1 drivers, strength-aware
L_0x563683ff42d0 .functor BUFT 1, C8<771>, C4<0>, C4<0>, C4<0>;
v0x56368491a380_0 .net8 "VPB", 0 0, L_0x563683ff42d0;  1 drivers, strength-aware
L_0x563683ff4100 .functor BUFT 1, C8<771>, C4<0>, C4<0>, C4<0>;
v0x56368491a420_0 .net8 "VPWR", 0 0, L_0x563683ff4100;  1 drivers, strength-aware
v0x56368491a4c0_0 .net "Y", 0 0, L_0x5636849c56f0;  1 drivers
v0x56368491a560_0 .net "nor0_out_Y", 0 0, L_0x5636849c55c0;  1 drivers
S_0x563683e7d180 .scope module, "sky130_fd_sc_hd__nor3_2" "sky130_fd_sc_hd__nor3_2" 2 97248;
 .timescale -9 -12;
    .port_info 0 /OUTPUT 1 "Y";
    .port_info 1 /INPUT 1 "A";
    .port_info 2 /INPUT 1 "B";
    .port_info 3 /INPUT 1 "C";
o0x7f0afcfed8e8 .functor BUFZ 1, C4<z>; HiZ drive
o0x7f0afcfed888 .functor BUFZ 1, C4<z>; HiZ drive
o0x7f0afcfed8b8 .functor BUFZ 1, C4<z>; HiZ drive
L_0x5636849c57e0 .functor NOR 1, o0x7f0afcfed8e8, o0x7f0afcfed888, o0x7f0afcfed8b8, C4<0>;
L_0x5636849c5910 .functor BUF 1, L_0x5636849c57e0, C4<0>, C4<0>, C4<0>;
v0x56368491a690_0 .net "A", 0 0, o0x7f0afcfed888;  0 drivers
v0x56368491a730_0 .net "B", 0 0, o0x7f0afcfed8b8;  0 drivers
v0x56368491a7d0_0 .net "C", 0 0, o0x7f0afcfed8e8;  0 drivers
L_0x563683ff7130 .functor BUFT 1, C8<770>, C4<0>, C4<0>, C4<0>;
v0x56368491a870_0 .net8 "VGND", 0 0, L_0x563683ff7130;  1 drivers, strength-aware
L_0x563683ff7300 .functor BUFT 1, C8<770>, C4<0>, C4<0>, C4<0>;
v0x56368491a910_0 .net8 "VNB", 0 0, L_0x563683ff7300;  1 drivers, strength-aware
L_0x563683ff6f60 .functor BUFT 1, C8<771>, C4<0>, C4<0>, C4<0>;
v0x56368491a9b0_0 .net8 "VPB", 0 0, L_0x563683ff6f60;  1 drivers, strength-aware
L_0x563683ff2b00 .functor BUFT 1, C8<771>, C4<0>, C4<0>, C4<0>;
v0x56368491aa50_0 .net8 "VPWR", 0 0, L_0x563683ff2b00;  1 drivers, strength-aware
v0x56368491aaf0_0 .net "Y", 0 0, L_0x5636849c5910;  1 drivers
v0x56368491ab90_0 .net "nor0_out_Y", 0 0, L_0x5636849c57e0;  1 drivers
S_0x563683e7d380 .scope module, "sky130_fd_sc_hd__nor3_4" "sky130_fd_sc_hd__nor3_4" 2 97578;
 .timescale -9 -12;
    .port_info 0 /OUTPUT 1 "Y";
    .port_info 1 /INPUT 1 "A";
    .port_info 2 /INPUT 1 "B";
    .port_info 3 /INPUT 1 "C";
o0x7f0afcfedb58 .functor BUFZ 1, C4<z>; HiZ drive
o0x7f0afcfedaf8 .functor BUFZ 1, C4<z>; HiZ drive
o0x7f0afcfedb28 .functor BUFZ 1, C4<z>; HiZ drive
L_0x5636849c5a40 .functor NOR 1, o0x7f0afcfedb58, o0x7f0afcfedaf8, o0x7f0afcfedb28, C4<0>;
L_0x5636849c5b40 .functor BUF 1, L_0x5636849c5a40, C4<0>, C4<0>, C4<0>;
v0x56368491acc0_0 .net "A", 0 0, o0x7f0afcfedaf8;  0 drivers
v0x56368491ad60_0 .net "B", 0 0, o0x7f0afcfedb28;  0 drivers
v0x56368491ae00_0 .net "C", 0 0, o0x7f0afcfedb58;  0 drivers
L_0x563683ff31f0 .functor BUFT 1, C8<770>, C4<0>, C4<0>, C4<0>;
v0x56368491aea0_0 .net8 "VGND", 0 0, L_0x563683ff31f0;  1 drivers, strength-aware
L_0x563683ff3020 .functor BUFT 1, C8<770>, C4<0>, C4<0>, C4<0>;
v0x56368491af40_0 .net8 "VNB", 0 0, L_0x563683ff3020;  1 drivers, strength-aware
L_0x563683ff1450 .functor BUFT 1, C8<771>, C4<0>, C4<0>, C4<0>;
v0x56368491afe0_0 .net8 "VPB", 0 0, L_0x563683ff1450;  1 drivers, strength-aware
L_0x563683ff17f0 .functor BUFT 1, C8<771>, C4<0>, C4<0>, C4<0>;
v0x56368491b080_0 .net8 "VPWR", 0 0, L_0x563683ff17f0;  1 drivers, strength-aware
v0x56368491b120_0 .net "Y", 0 0, L_0x5636849c5b40;  1 drivers
v0x56368491b1c0_0 .net "nor0_out_Y", 0 0, L_0x5636849c5a40;  1 drivers
S_0x563683e87fe0 .scope module, "sky130_fd_sc_hd__nor3b_1" "sky130_fd_sc_hd__nor3b_1" 2 97914;
 .timescale -9 -12;
    .port_info 0 /OUTPUT 1 "Y";
    .port_info 1 /INPUT 1 "A";
    .port_info 2 /INPUT 1 "B";
    .port_info 3 /INPUT 1 "C_N";
o0x7f0afcfedd68 .functor BUFZ 1, C4<z>; HiZ drive
o0x7f0afcfedd98 .functor BUFZ 1, C4<z>; HiZ drive
L_0x5636849c5c30 .functor NOR 1, o0x7f0afcfedd68, o0x7f0afcfedd98, C4<0>, C4<0>;
o0x7f0afcfeddc8 .functor BUFZ 1, C4<z>; HiZ drive
L_0x5636849c5d00 .functor AND 1, o0x7f0afcfeddc8, L_0x5636849c5c30, C4<1>, C4<1>;
L_0x5636849c5e60 .functor BUF 1, L_0x5636849c5d00, C4<0>, C4<0>, C4<0>;
v0x56368491b2f0_0 .net "A", 0 0, o0x7f0afcfedd68;  0 drivers
v0x56368491b390_0 .net "B", 0 0, o0x7f0afcfedd98;  0 drivers
v0x56368491b430_0 .net "C_N", 0 0, o0x7f0afcfeddc8;  0 drivers
L_0x563683ff1260 .functor BUFT 1, C8<770>, C4<0>, C4<0>, C4<0>;
v0x56368491b4d0_0 .net8 "VGND", 0 0, L_0x563683ff1260;  1 drivers, strength-aware
L_0x563683ff19c0 .functor BUFT 1, C8<770>, C4<0>, C4<0>, C4<0>;
v0x56368491b570_0 .net8 "VNB", 0 0, L_0x563683ff19c0;  1 drivers, strength-aware
L_0x563683fef6f0 .functor BUFT 1, C8<771>, C4<0>, C4<0>, C4<0>;
v0x56368491b610_0 .net8 "VPB", 0 0, L_0x563683fef6f0;  1 drivers, strength-aware
L_0x563683fefde0 .functor BUFT 1, C8<771>, C4<0>, C4<0>, C4<0>;
v0x56368491b6b0_0 .net8 "VPWR", 0 0, L_0x563683fefde0;  1 drivers, strength-aware
v0x56368491b750_0 .net "Y", 0 0, L_0x5636849c5e60;  1 drivers
v0x56368491b7f0_0 .net "and0_out_Y", 0 0, L_0x5636849c5d00;  1 drivers
v0x56368491b920_0 .net "nor0_out", 0 0, L_0x5636849c5c30;  1 drivers
S_0x563683e881e0 .scope module, "sky130_fd_sc_hd__nor3b_2" "sky130_fd_sc_hd__nor3b_2" 2 98252;
 .timescale -9 -12;
    .port_info 0 /OUTPUT 1 "Y";
    .port_info 1 /INPUT 1 "A";
    .port_info 2 /INPUT 1 "B";
    .port_info 3 /INPUT 1 "C_N";
o0x7f0afcfee008 .functor BUFZ 1, C4<z>; HiZ drive
o0x7f0afcfee038 .functor BUFZ 1, C4<z>; HiZ drive
L_0x5636849c5f20 .functor NOR 1, o0x7f0afcfee008, o0x7f0afcfee038, C4<0>, C4<0>;
o0x7f0afcfee068 .functor BUFZ 1, C4<z>; HiZ drive
L_0x5636849c5fc0 .functor AND 1, o0x7f0afcfee068, L_0x5636849c5f20, C4<1>, C4<1>;
L_0x5636849c60e0 .functor BUF 1, L_0x5636849c5fc0, C4<0>, C4<0>, C4<0>;
v0x56368491b9c0_0 .net "A", 0 0, o0x7f0afcfee008;  0 drivers
v0x56368491ba60_0 .net "B", 0 0, o0x7f0afcfee038;  0 drivers
v0x56368491bb00_0 .net "C_N", 0 0, o0x7f0afcfee068;  0 drivers
L_0x563683fef850 .functor BUFT 1, C8<770>, C4<0>, C4<0>, C4<0>;
v0x56368491bba0_0 .net8 "VGND", 0 0, L_0x563683fef850;  1 drivers, strength-aware
L_0x563683fef590 .functor BUFT 1, C8<770>, C4<0>, C4<0>, C4<0>;
v0x56368491bc40_0 .net8 "VNB", 0 0, L_0x563683fef590;  1 drivers, strength-aware
L_0x563683fec2d0 .functor BUFT 1, C8<771>, C4<0>, C4<0>, C4<0>;
v0x56368491bce0_0 .net8 "VPB", 0 0, L_0x563683fec2d0;  1 drivers, strength-aware
L_0x563683fec620 .functor BUFT 1, C8<771>, C4<0>, C4<0>, C4<0>;
v0x56368491bd80_0 .net8 "VPWR", 0 0, L_0x563683fec620;  1 drivers, strength-aware
v0x56368491be20_0 .net "Y", 0 0, L_0x5636849c60e0;  1 drivers
v0x56368491bec0_0 .net "and0_out_Y", 0 0, L_0x5636849c5fc0;  1 drivers
v0x56368491bff0_0 .net "nor0_out", 0 0, L_0x5636849c5f20;  1 drivers
S_0x563683e906e0 .scope module, "sky130_fd_sc_hd__nor3b_4" "sky130_fd_sc_hd__nor3b_4" 2 98590;
 .timescale -9 -12;
    .port_info 0 /OUTPUT 1 "Y";
    .port_info 1 /INPUT 1 "A";
    .port_info 2 /INPUT 1 "B";
    .port_info 3 /INPUT 1 "C_N";
o0x7f0afcfee2a8 .functor BUFZ 1, C4<z>; HiZ drive
o0x7f0afcfee2d8 .functor BUFZ 1, C4<z>; HiZ drive
L_0x5636849c61a0 .functor NOR 1, o0x7f0afcfee2a8, o0x7f0afcfee2d8, C4<0>, C4<0>;
o0x7f0afcfee308 .functor BUFZ 1, C4<z>; HiZ drive
L_0x5636849c6270 .functor AND 1, o0x7f0afcfee308, L_0x5636849c61a0, C4<1>, C4<1>;
L_0x5636849c63d0 .functor BUF 1, L_0x5636849c6270, C4<0>, C4<0>, C4<0>;
v0x56368491c090_0 .net "A", 0 0, o0x7f0afcfee2a8;  0 drivers
v0x56368491c130_0 .net "B", 0 0, o0x7f0afcfee2d8;  0 drivers
v0x56368491c1d0_0 .net "C_N", 0 0, o0x7f0afcfee308;  0 drivers
L_0x563683fec7f0 .functor BUFT 1, C8<770>, C4<0>, C4<0>, C4<0>;
v0x56368491c270_0 .net8 "VGND", 0 0, L_0x563683fec7f0;  1 drivers, strength-aware
L_0x563683fec170 .functor BUFT 1, C8<770>, C4<0>, C4<0>, C4<0>;
v0x56368491c310_0 .net8 "VNB", 0 0, L_0x563683fec170;  1 drivers, strength-aware
L_0x563683fecb90 .functor BUFT 1, C8<771>, C4<0>, C4<0>, C4<0>;
v0x56368491c3b0_0 .net8 "VPB", 0 0, L_0x563683fecb90;  1 drivers, strength-aware
L_0x563683feac10 .functor BUFT 1, C8<771>, C4<0>, C4<0>, C4<0>;
v0x56368491c450_0 .net8 "VPWR", 0 0, L_0x563683feac10;  1 drivers, strength-aware
v0x56368491c4f0_0 .net "Y", 0 0, L_0x5636849c63d0;  1 drivers
v0x56368491c590_0 .net "and0_out_Y", 0 0, L_0x5636849c6270;  1 drivers
v0x56368491c6c0_0 .net "nor0_out", 0 0, L_0x5636849c61a0;  1 drivers
S_0x563683e908e0 .scope module, "sky130_fd_sc_hd__nor4_1" "sky130_fd_sc_hd__nor4_1" 2 98929;
 .timescale -9 -12;
    .port_info 0 /OUTPUT 1 "Y";
    .port_info 1 /INPUT 1 "A";
    .port_info 2 /INPUT 1 "B";
    .port_info 3 /INPUT 1 "C";
    .port_info 4 /INPUT 1 "D";
o0x7f0afcfee548 .functor BUFZ 1, C4<z>; HiZ drive
o0x7f0afcfee578 .functor BUFZ 1, C4<z>; HiZ drive
o0x7f0afcfee5a8 .functor BUFZ 1, C4<z>; HiZ drive
o0x7f0afcfee5d8 .functor BUFZ 1, C4<z>; HiZ drive
L_0x5636849c6490 .functor NOR 1, o0x7f0afcfee548, o0x7f0afcfee578, o0x7f0afcfee5a8, o0x7f0afcfee5d8;
L_0x5636849c65c0 .functor BUF 1, L_0x5636849c6490, C4<0>, C4<0>, C4<0>;
v0x56368491c760_0 .net "A", 0 0, o0x7f0afcfee548;  0 drivers
v0x56368491c800_0 .net "B", 0 0, o0x7f0afcfee578;  0 drivers
v0x56368491c8a0_0 .net "C", 0 0, o0x7f0afcfee5a8;  0 drivers
v0x56368491c940_0 .net "D", 0 0, o0x7f0afcfee5d8;  0 drivers
L_0x563683feade0 .functor BUFT 1, C8<770>, C4<0>, C4<0>, C4<0>;
v0x56368491c9e0_0 .net8 "VGND", 0 0, L_0x563683feade0;  1 drivers, strength-aware
L_0x563683feaa20 .functor BUFT 1, C8<770>, C4<0>, C4<0>, C4<0>;
v0x56368491ca80_0 .net8 "VNB", 0 0, L_0x563683feaa20;  1 drivers, strength-aware
L_0x563683feb180 .functor BUFT 1, C8<771>, C4<0>, C4<0>, C4<0>;
v0x56368491cb20_0 .net8 "VPB", 0 0, L_0x563683feb180;  1 drivers, strength-aware
L_0x563683fe8eb0 .functor BUFT 1, C8<771>, C4<0>, C4<0>, C4<0>;
v0x56368491cbc0_0 .net8 "VPWR", 0 0, L_0x563683fe8eb0;  1 drivers, strength-aware
v0x56368491cc60_0 .net "Y", 0 0, L_0x5636849c65c0;  1 drivers
v0x56368491cd90_0 .net "nor0_out_Y", 0 0, L_0x5636849c6490;  1 drivers
S_0x563683e98df0 .scope module, "sky130_fd_sc_hd__nor4_2" "sky130_fd_sc_hd__nor4_2" 2 99269;
 .timescale -9 -12;
    .port_info 0 /OUTPUT 1 "Y";
    .port_info 1 /INPUT 1 "A";
    .port_info 2 /INPUT 1 "B";
    .port_info 3 /INPUT 1 "C";
    .port_info 4 /INPUT 1 "D";
o0x7f0afcfee818 .functor BUFZ 1, C4<z>; HiZ drive
o0x7f0afcfee848 .functor BUFZ 1, C4<z>; HiZ drive
o0x7f0afcfee878 .functor BUFZ 1, C4<z>; HiZ drive
o0x7f0afcfee8a8 .functor BUFZ 1, C4<z>; HiZ drive
L_0x5636849c66b0 .functor NOR 1, o0x7f0afcfee818, o0x7f0afcfee848, o0x7f0afcfee878, o0x7f0afcfee8a8;
L_0x5636849c6810 .functor BUF 1, L_0x5636849c66b0, C4<0>, C4<0>, C4<0>;
v0x56368491ce30_0 .net "A", 0 0, o0x7f0afcfee818;  0 drivers
v0x56368491ced0_0 .net "B", 0 0, o0x7f0afcfee848;  0 drivers
v0x56368491cf70_0 .net "C", 0 0, o0x7f0afcfee878;  0 drivers
v0x56368491d010_0 .net "D", 0 0, o0x7f0afcfee8a8;  0 drivers
L_0x563683fe95a0 .functor BUFT 1, C8<770>, C4<0>, C4<0>, C4<0>;
v0x56368491d0b0_0 .net8 "VGND", 0 0, L_0x563683fe95a0;  1 drivers, strength-aware
L_0x563683fe9010 .functor BUFT 1, C8<770>, C4<0>, C4<0>, C4<0>;
v0x56368491d150_0 .net8 "VNB", 0 0, L_0x563683fe9010;  1 drivers, strength-aware
L_0x563683fe8d50 .functor BUFT 1, C8<771>, C4<0>, C4<0>, C4<0>;
v0x56368491d1f0_0 .net8 "VPB", 0 0, L_0x563683fe8d50;  1 drivers, strength-aware
L_0x563683fedce0 .functor BUFT 1, C8<771>, C4<0>, C4<0>, C4<0>;
v0x56368491d290_0 .net8 "VPWR", 0 0, L_0x563683fedce0;  1 drivers, strength-aware
v0x56368491d330_0 .net "Y", 0 0, L_0x5636849c6810;  1 drivers
v0x56368491d460_0 .net "nor0_out_Y", 0 0, L_0x5636849c66b0;  1 drivers
S_0x563683e98f80 .scope module, "sky130_fd_sc_hd__nor4_4" "sky130_fd_sc_hd__nor4_4" 2 99609;
 .timescale -9 -12;
    .port_info 0 /OUTPUT 1 "Y";
    .port_info 1 /INPUT 1 "A";
    .port_info 2 /INPUT 1 "B";
    .port_info 3 /INPUT 1 "C";
    .port_info 4 /INPUT 1 "D";
o0x7f0afcfeeae8 .functor BUFZ 1, C4<z>; HiZ drive
o0x7f0afcfeeb18 .functor BUFZ 1, C4<z>; HiZ drive
o0x7f0afcfeeb48 .functor BUFZ 1, C4<z>; HiZ drive
o0x7f0afcfeeb78 .functor BUFZ 1, C4<z>; HiZ drive
L_0x5636849c6940 .functor NOR 1, o0x7f0afcfeeae8, o0x7f0afcfeeb18, o0x7f0afcfeeb48, o0x7f0afcfeeb78;
L_0x5636849c6a70 .functor BUF 1, L_0x5636849c6940, C4<0>, C4<0>, C4<0>;
v0x56368491d500_0 .net "A", 0 0, o0x7f0afcfeeae8;  0 drivers
v0x56368491d5a0_0 .net "B", 0 0, o0x7f0afcfeeb18;  0 drivers
v0x56368491d640_0 .net "C", 0 0, o0x7f0afcfeeb48;  0 drivers
v0x56368491d6e0_0 .net "D", 0 0, o0x7f0afcfeeb78;  0 drivers
L_0x563683fee3d0 .functor BUFT 1, C8<770>, C4<0>, C4<0>, C4<0>;
v0x56368491d780_0 .net8 "VGND", 0 0, L_0x563683fee3d0;  1 drivers, strength-aware
L_0x563683fee200 .functor BUFT 1, C8<770>, C4<0>, C4<0>, C4<0>;
v0x56368491d820_0 .net8 "VNB", 0 0, L_0x563683fee200;  1 drivers, strength-aware
L_0x563683fedb80 .functor BUFT 1, C8<771>, C4<0>, C4<0>, C4<0>;
v0x56368491d8c0_0 .net8 "VPB", 0 0, L_0x563683fedb80;  1 drivers, strength-aware
L_0x563683fee5a0 .functor BUFT 1, C8<771>, C4<0>, C4<0>, C4<0>;
v0x56368491d960_0 .net8 "VPWR", 0 0, L_0x563683fee5a0;  1 drivers, strength-aware
v0x56368491da00_0 .net "Y", 0 0, L_0x5636849c6a70;  1 drivers
v0x56368491db30_0 .net "nor0_out_Y", 0 0, L_0x5636849c6940;  1 drivers
S_0x563683e99110 .scope module, "sky130_fd_sc_hd__nor4b_1" "sky130_fd_sc_hd__nor4b_1" 2 99945;
 .timescale -9 -12;
    .port_info 0 /OUTPUT 1 "Y";
    .port_info 1 /INPUT 1 "A";
    .port_info 2 /INPUT 1 "B";
    .port_info 3 /INPUT 1 "C";
    .port_info 4 /INPUT 1 "D_N";
o0x7f0afcfeee48 .functor BUFZ 1, C4<z>; HiZ drive
L_0x5636849c6b60 .functor NOT 1, o0x7f0afcfeee48, C4<0>, C4<0>, C4<0>;
o0x7f0afcfeedb8 .functor BUFZ 1, C4<z>; HiZ drive
o0x7f0afcfeede8 .functor BUFZ 1, C4<z>; HiZ drive
o0x7f0afcfeee18 .functor BUFZ 1, C4<z>; HiZ drive
L_0x5636849c6c00 .functor NOR 1, o0x7f0afcfeedb8, o0x7f0afcfeede8, o0x7f0afcfeee18, L_0x5636849c6b60;
L_0x5636849c6df0 .functor BUF 1, L_0x5636849c6c00, C4<0>, C4<0>, C4<0>;
v0x56368491dbd0_0 .net "A", 0 0, o0x7f0afcfeedb8;  0 drivers
v0x56368491dc70_0 .net "B", 0 0, o0x7f0afcfeede8;  0 drivers
v0x56368491dd10_0 .net "C", 0 0, o0x7f0afcfeee18;  0 drivers
v0x56368491ddb0_0 .net "D_N", 0 0, o0x7f0afcfeee48;  0 drivers
L_0x563683fe77f0 .functor BUFT 1, C8<770>, C4<0>, C4<0>, C4<0>;
v0x56368491de50_0 .net8 "VGND", 0 0, L_0x563683fe77f0;  1 drivers, strength-aware
L_0x563683fe79c0 .functor BUFT 1, C8<770>, C4<0>, C4<0>, C4<0>;
v0x56368491def0_0 .net8 "VNB", 0 0, L_0x563683fe79c0;  1 drivers, strength-aware
L_0x563683fe7600 .functor BUFT 1, C8<771>, C4<0>, C4<0>, C4<0>;
v0x56368491df90_0 .net8 "VPB", 0 0, L_0x563683fe7600;  1 drivers, strength-aware
L_0x563683fe7d60 .functor BUFT 1, C8<771>, C4<0>, C4<0>, C4<0>;
v0x56368491e030_0 .net8 "VPWR", 0 0, L_0x563683fe7d60;  1 drivers, strength-aware
v0x56368491e0d0_0 .net "Y", 0 0, L_0x5636849c6df0;  1 drivers
v0x56368491e200_0 .net "nor0_out_Y", 0 0, L_0x5636849c6c00;  1 drivers
v0x56368491e2a0_0 .net "not0_out", 0 0, L_0x5636849c6b60;  1 drivers
S_0x563683ea1530 .scope module, "sky130_fd_sc_hd__nor4b_2" "sky130_fd_sc_hd__nor4b_2" 2 100283;
 .timescale -9 -12;
    .port_info 0 /OUTPUT 1 "Y";
    .port_info 1 /INPUT 1 "A";
    .port_info 2 /INPUT 1 "B";
    .port_info 3 /INPUT 1 "C";
    .port_info 4 /INPUT 1 "D_N";
o0x7f0afcfef148 .functor BUFZ 1, C4<z>; HiZ drive
L_0x5636849c6eb0 .functor NOT 1, o0x7f0afcfef148, C4<0>, C4<0>, C4<0>;
o0x7f0afcfef0b8 .functor BUFZ 1, C4<z>; HiZ drive
o0x7f0afcfef0e8 .functor BUFZ 1, C4<z>; HiZ drive
o0x7f0afcfef118 .functor BUFZ 1, C4<z>; HiZ drive
L_0x5636849c6f20 .functor NOR 1, o0x7f0afcfef0b8, o0x7f0afcfef0e8, o0x7f0afcfef118, L_0x5636849c6eb0;
L_0x5636849c70d0 .functor BUF 1, L_0x5636849c6f20, C4<0>, C4<0>, C4<0>;
v0x56368491e340_0 .net "A", 0 0, o0x7f0afcfef0b8;  0 drivers
v0x56368491e3e0_0 .net "B", 0 0, o0x7f0afcfef0e8;  0 drivers
v0x56368491e480_0 .net "C", 0 0, o0x7f0afcfef118;  0 drivers
v0x56368491e520_0 .net "D_N", 0 0, o0x7f0afcfef148;  0 drivers
L_0x563683fe5de0 .functor BUFT 1, C8<770>, C4<0>, C4<0>, C4<0>;
v0x56368491e5c0_0 .net8 "VGND", 0 0, L_0x563683fe5de0;  1 drivers, strength-aware
L_0x563683fe6180 .functor BUFT 1, C8<770>, C4<0>, C4<0>, C4<0>;
v0x56368491e660_0 .net8 "VNB", 0 0, L_0x563683fe6180;  1 drivers, strength-aware
L_0x563683fe5bf0 .functor BUFT 1, C8<771>, C4<0>, C4<0>, C4<0>;
v0x56368491e700_0 .net8 "VPB", 0 0, L_0x563683fe5bf0;  1 drivers, strength-aware
L_0x563683fe5930 .functor BUFT 1, C8<771>, C4<0>, C4<0>, C4<0>;
v0x56368491e7a0_0 .net8 "VPWR", 0 0, L_0x563683fe5930;  1 drivers, strength-aware
v0x56368491e840_0 .net "Y", 0 0, L_0x5636849c70d0;  1 drivers
v0x56368491e970_0 .net "nor0_out_Y", 0 0, L_0x5636849c6f20;  1 drivers
v0x56368491ea10_0 .net "not0_out", 0 0, L_0x5636849c6eb0;  1 drivers
S_0x563683ea16c0 .scope module, "sky130_fd_sc_hd__nor4b_4" "sky130_fd_sc_hd__nor4b_4" 2 100621;
 .timescale -9 -12;
    .port_info 0 /OUTPUT 1 "Y";
    .port_info 1 /INPUT 1 "A";
    .port_info 2 /INPUT 1 "B";
    .port_info 3 /INPUT 1 "C";
    .port_info 4 /INPUT 1 "D_N";
o0x7f0afcfef448 .functor BUFZ 1, C4<z>; HiZ drive
L_0x5636849c7190 .functor NOT 1, o0x7f0afcfef448, C4<0>, C4<0>, C4<0>;
o0x7f0afcfef3b8 .functor BUFZ 1, C4<z>; HiZ drive
o0x7f0afcfef3e8 .functor BUFZ 1, C4<z>; HiZ drive
o0x7f0afcfef418 .functor BUFZ 1, C4<z>; HiZ drive
L_0x5636849c7230 .functor NOR 1, o0x7f0afcfef3b8, o0x7f0afcfef3e8, o0x7f0afcfef418, L_0x5636849c7190;
L_0x5636849c7420 .functor BUF 1, L_0x5636849c7230, C4<0>, C4<0>, C4<0>;
v0x56368491eab0_0 .net "A", 0 0, o0x7f0afcfef3b8;  0 drivers
v0x56368491eb50_0 .net "B", 0 0, o0x7f0afcfef3e8;  0 drivers
v0x56368491ebf0_0 .net "C", 0 0, o0x7f0afcfef418;  0 drivers
v0x56368491ec90_0 .net "D_N", 0 0, o0x7f0afcfef448;  0 drivers
L_0x563683fe4080 .functor BUFT 1, C8<770>, C4<0>, C4<0>, C4<0>;
v0x56368491ed30_0 .net8 "VGND", 0 0, L_0x563683fe4080;  1 drivers, strength-aware
L_0x563683fe4770 .functor BUFT 1, C8<770>, C4<0>, C4<0>, C4<0>;
v0x56368491edd0_0 .net8 "VNB", 0 0, L_0x563683fe4770;  1 drivers, strength-aware
L_0x563683fe45a0 .functor BUFT 1, C8<771>, C4<0>, C4<0>, C4<0>;
v0x56368491ee70_0 .net8 "VPB", 0 0, L_0x563683fe45a0;  1 drivers, strength-aware
L_0x563683fe3f20 .functor BUFT 1, C8<771>, C4<0>, C4<0>, C4<0>;
v0x56368491ef10_0 .net8 "VPWR", 0 0, L_0x563683fe3f20;  1 drivers, strength-aware
v0x56368491efb0_0 .net "Y", 0 0, L_0x5636849c7420;  1 drivers
v0x56368491f0e0_0 .net "nor0_out_Y", 0 0, L_0x5636849c7230;  1 drivers
v0x56368491f180_0 .net "not0_out", 0 0, L_0x5636849c7190;  1 drivers
S_0x563683ea1850 .scope module, "sky130_fd_sc_hd__nor4bb_1" "sky130_fd_sc_hd__nor4bb_1" 2 100959;
 .timescale -9 -12;
    .port_info 0 /OUTPUT 1 "Y";
    .port_info 1 /INPUT 1 "A";
    .port_info 2 /INPUT 1 "B";
    .port_info 3 /INPUT 1 "C_N";
    .port_info 4 /INPUT 1 "D_N";
o0x7f0afcfef6b8 .functor BUFZ 1, C4<z>; HiZ drive
o0x7f0afcfef6e8 .functor BUFZ 1, C4<z>; HiZ drive
L_0x5636849c74e0 .functor NOR 1, o0x7f0afcfef6b8, o0x7f0afcfef6e8, C4<0>, C4<0>;
o0x7f0afcfef718 .functor BUFZ 1, C4<z>; HiZ drive
o0x7f0afcfef748 .functor BUFZ 1, C4<z>; HiZ drive
L_0x5636849c7580 .functor AND 1, L_0x5636849c74e0, o0x7f0afcfef718, o0x7f0afcfef748, C4<1>;
L_0x5636849c76d0 .functor BUF 1, L_0x5636849c7580, C4<0>, C4<0>, C4<0>;
v0x56368491f220_0 .net "A", 0 0, o0x7f0afcfef6b8;  0 drivers
v0x56368491f2c0_0 .net "B", 0 0, o0x7f0afcfef6e8;  0 drivers
v0x56368491f360_0 .net "C_N", 0 0, o0x7f0afcfef718;  0 drivers
v0x56368491f400_0 .net "D_N", 0 0, o0x7f0afcfef748;  0 drivers
L_0x563683fe2670 .functor BUFT 1, C8<770>, C4<0>, C4<0>, C4<0>;
v0x56368491f4a0_0 .net8 "VGND", 0 0, L_0x563683fe2670;  1 drivers, strength-aware
L_0x563683fe29c0 .functor BUFT 1, C8<770>, C4<0>, C4<0>, C4<0>;
v0x56368491f540_0 .net8 "VNB", 0 0, L_0x563683fe29c0;  1 drivers, strength-aware
L_0x563683fe2b90 .functor BUFT 1, C8<771>, C4<0>, C4<0>, C4<0>;
v0x56368491f5e0_0 .net8 "VPB", 0 0, L_0x563683fe2b90;  1 drivers, strength-aware
L_0x563683fe27d0 .functor BUFT 1, C8<771>, C4<0>, C4<0>, C4<0>;
v0x56368491f680_0 .net8 "VPWR", 0 0, L_0x563683fe27d0;  1 drivers, strength-aware
v0x56368491f720_0 .net "Y", 0 0, L_0x5636849c76d0;  1 drivers
v0x56368491f850_0 .net "and0_out_Y", 0 0, L_0x5636849c7580;  1 drivers
v0x56368491f8f0_0 .net "nor0_out", 0 0, L_0x5636849c74e0;  1 drivers
S_0x563683ea9c20 .scope module, "sky130_fd_sc_hd__nor4bb_2" "sky130_fd_sc_hd__nor4bb_2" 2 101297;
 .timescale -9 -12;
    .port_info 0 /OUTPUT 1 "Y";
    .port_info 1 /INPUT 1 "A";
    .port_info 2 /INPUT 1 "B";
    .port_info 3 /INPUT 1 "C_N";
    .port_info 4 /INPUT 1 "D_N";
o0x7f0afcfef9b8 .functor BUFZ 1, C4<z>; HiZ drive
o0x7f0afcfef9e8 .functor BUFZ 1, C4<z>; HiZ drive
L_0x5636849c77c0 .functor NOR 1, o0x7f0afcfef9b8, o0x7f0afcfef9e8, C4<0>, C4<0>;
o0x7f0afcfefa18 .functor BUFZ 1, C4<z>; HiZ drive
o0x7f0afcfefa48 .functor BUFZ 1, C4<z>; HiZ drive
L_0x5636849c7890 .functor AND 1, L_0x5636849c77c0, o0x7f0afcfefa18, o0x7f0afcfefa48, C4<1>;
L_0x5636849c7a20 .functor BUF 1, L_0x5636849c7890, C4<0>, C4<0>, C4<0>;
v0x56368491f990_0 .net "A", 0 0, o0x7f0afcfef9b8;  0 drivers
v0x56368491fa30_0 .net "B", 0 0, o0x7f0afcfef9e8;  0 drivers
v0x56368491fad0_0 .net "C_N", 0 0, o0x7f0afcfefa18;  0 drivers
v0x56368491fb70_0 .net "D_N", 0 0, o0x7f0afcfefa48;  0 drivers
L_0x563683fe2f30 .functor BUFT 1, C8<770>, C4<0>, C4<0>, C4<0>;
v0x56368491fc10_0 .net8 "VGND", 0 0, L_0x563683fe2f30;  1 drivers, strength-aware
L_0x563683fe0fb0 .functor BUFT 1, C8<770>, C4<0>, C4<0>, C4<0>;
v0x56368491fcb0_0 .net8 "VNB", 0 0, L_0x563683fe0fb0;  1 drivers, strength-aware
L_0x563683fe1350 .functor BUFT 1, C8<771>, C4<0>, C4<0>, C4<0>;
v0x56368491fd50_0 .net8 "VPB", 0 0, L_0x563683fe1350;  1 drivers, strength-aware
L_0x563683fe0dc0 .functor BUFT 1, C8<771>, C4<0>, C4<0>, C4<0>;
v0x56368491fdf0_0 .net8 "VPWR", 0 0, L_0x563683fe0dc0;  1 drivers, strength-aware
v0x56368491fe90_0 .net "Y", 0 0, L_0x5636849c7a20;  1 drivers
v0x56368491ffc0_0 .net "and0_out_Y", 0 0, L_0x5636849c7890;  1 drivers
v0x563684920060_0 .net "nor0_out", 0 0, L_0x5636849c77c0;  1 drivers
S_0x563683ea9db0 .scope module, "sky130_fd_sc_hd__nor4bb_4" "sky130_fd_sc_hd__nor4bb_4" 2 101635;
 .timescale -9 -12;
    .port_info 0 /OUTPUT 1 "Y";
    .port_info 1 /INPUT 1 "A";
    .port_info 2 /INPUT 1 "B";
    .port_info 3 /INPUT 1 "C_N";
    .port_info 4 /INPUT 1 "D_N";
o0x7f0afcfefcb8 .functor BUFZ 1, C4<z>; HiZ drive
o0x7f0afcfefce8 .functor BUFZ 1, C4<z>; HiZ drive
L_0x5636849c7ae0 .functor NOR 1, o0x7f0afcfefcb8, o0x7f0afcfefce8, C4<0>, C4<0>;
o0x7f0afcfefd18 .functor BUFZ 1, C4<z>; HiZ drive
o0x7f0afcfefd48 .functor BUFZ 1, C4<z>; HiZ drive
L_0x5636849c7bb0 .functor AND 1, L_0x5636849c7ae0, o0x7f0afcfefd18, o0x7f0afcfefd48, C4<1>;
L_0x5636849c7d00 .functor BUF 1, L_0x5636849c7bb0, C4<0>, C4<0>, C4<0>;
v0x563684920100_0 .net "A", 0 0, o0x7f0afcfefcb8;  0 drivers
v0x5636849201a0_0 .net "B", 0 0, o0x7f0afcfefce8;  0 drivers
v0x563684920240_0 .net "C_N", 0 0, o0x7f0afcfefd18;  0 drivers
v0x5636849202e0_0 .net "D_N", 0 0, o0x7f0afcfefd48;  0 drivers
L_0x563683fe1520 .functor BUFT 1, C8<770>, C4<0>, C4<0>, C4<0>;
v0x563684920380_0 .net8 "VGND", 0 0, L_0x563683fe1520;  1 drivers, strength-aware
L_0x563683fdf250 .functor BUFT 1, C8<770>, C4<0>, C4<0>, C4<0>;
v0x563684920420_0 .net8 "VNB", 0 0, L_0x563683fdf250;  1 drivers, strength-aware
L_0x563683fdf940 .functor BUFT 1, C8<771>, C4<0>, C4<0>, C4<0>;
v0x5636849204c0_0 .net8 "VPB", 0 0, L_0x563683fdf940;  1 drivers, strength-aware
L_0x563683fdf770 .functor BUFT 1, C8<771>, C4<0>, C4<0>, C4<0>;
v0x563684920560_0 .net8 "VPWR", 0 0, L_0x563683fdf770;  1 drivers, strength-aware
v0x563684920600_0 .net "Y", 0 0, L_0x5636849c7d00;  1 drivers
v0x563684920730_0 .net "and0_out_Y", 0 0, L_0x5636849c7bb0;  1 drivers
v0x5636849207d0_0 .net "nor0_out", 0 0, L_0x5636849c7ae0;  1 drivers
S_0x563683ea9f40 .scope module, "sky130_fd_sc_hd__o2111a_1" "sky130_fd_sc_hd__o2111a_1" 2 125046;
 .timescale -9 -12;
    .port_info 0 /OUTPUT 1 "X";
    .port_info 1 /INPUT 1 "A1";
    .port_info 2 /INPUT 1 "A2";
    .port_info 3 /INPUT 1 "B1";
    .port_info 4 /INPUT 1 "C1";
    .port_info 5 /INPUT 1 "D1";
o0x7f0afcfeffe8 .functor BUFZ 1, C4<z>; HiZ drive
o0x7f0afcfeffb8 .functor BUFZ 1, C4<z>; HiZ drive
L_0x5636849c7df0 .functor OR 1, o0x7f0afcfeffe8, o0x7f0afcfeffb8, C4<0>, C4<0>;
o0x7f0afcff0018 .functor BUFZ 1, C4<z>; HiZ drive
o0x7f0afcff0048 .functor BUFZ 1, C4<z>; HiZ drive
o0x7f0afcff0078 .functor BUFZ 1, C4<z>; HiZ drive
L_0x5636849c7ec0 .functor AND 1, o0x7f0afcff0018, o0x7f0afcff0048, L_0x5636849c7df0, o0x7f0afcff0078;
L_0x5636849c8080 .functor BUF 1, L_0x5636849c7ec0, C4<0>, C4<0>, C4<0>;
v0x563684920870_0 .net "A1", 0 0, o0x7f0afcfeffb8;  0 drivers
v0x563684920910_0 .net "A2", 0 0, o0x7f0afcfeffe8;  0 drivers
v0x5636849209b0_0 .net "B1", 0 0, o0x7f0afcff0018;  0 drivers
v0x563684920a50_0 .net "C1", 0 0, o0x7f0afcff0048;  0 drivers
v0x563684920af0_0 .net "D1", 0 0, o0x7f0afcff0078;  0 drivers
L_0x563683fdf0f0 .functor BUFT 1, C8<770>, C4<0>, C4<0>, C4<0>;
v0x563684920b90_0 .net8 "VGND", 0 0, L_0x563683fdf0f0;  1 drivers, strength-aware
L_0x563683fdd840 .functor BUFT 1, C8<770>, C4<0>, C4<0>, C4<0>;
v0x563684920c30_0 .net8 "VNB", 0 0, L_0x563683fdd840;  1 drivers, strength-aware
L_0x563683fddb90 .functor BUFT 1, C8<771>, C4<0>, C4<0>, C4<0>;
v0x563684920cd0_0 .net8 "VPB", 0 0, L_0x563683fddb90;  1 drivers, strength-aware
L_0x563683fddd60 .functor BUFT 1, C8<771>, C4<0>, C4<0>, C4<0>;
v0x563684920d70_0 .net8 "VPWR", 0 0, L_0x563683fddd60;  1 drivers, strength-aware
v0x563684920ea0_0 .net "X", 0 0, L_0x5636849c8080;  1 drivers
v0x563684920f40_0 .net "and0_out_X", 0 0, L_0x5636849c7ec0;  1 drivers
v0x563684920fe0_0 .net "or0_out", 0 0, L_0x5636849c7df0;  1 drivers
S_0x563683eb2330 .scope module, "sky130_fd_sc_hd__o2111a_2" "sky130_fd_sc_hd__o2111a_2" 2 125416;
 .timescale -9 -12;
    .port_info 0 /OUTPUT 1 "X";
    .port_info 1 /INPUT 1 "A1";
    .port_info 2 /INPUT 1 "A2";
    .port_info 3 /INPUT 1 "B1";
    .port_info 4 /INPUT 1 "C1";
    .port_info 5 /INPUT 1 "D1";
o0x7f0afcff0348 .functor BUFZ 1, C4<z>; HiZ drive
o0x7f0afcff0318 .functor BUFZ 1, C4<z>; HiZ drive
L_0x5636849c8140 .functor OR 1, o0x7f0afcff0348, o0x7f0afcff0318, C4<0>, C4<0>;
o0x7f0afcff0378 .functor BUFZ 1, C4<z>; HiZ drive
o0x7f0afcff03a8 .functor BUFZ 1, C4<z>; HiZ drive
o0x7f0afcff03d8 .functor BUFZ 1, C4<z>; HiZ drive
L_0x5636849c8210 .functor AND 1, o0x7f0afcff0378, o0x7f0afcff03a8, L_0x5636849c8140, o0x7f0afcff03d8;
L_0x5636849c8390 .functor BUF 1, L_0x5636849c8210, C4<0>, C4<0>, C4<0>;
v0x563684921080_0 .net "A1", 0 0, o0x7f0afcff0318;  0 drivers
v0x563684921120_0 .net "A2", 0 0, o0x7f0afcff0348;  0 drivers
v0x5636849211c0_0 .net "B1", 0 0, o0x7f0afcff0378;  0 drivers
v0x563684921260_0 .net "C1", 0 0, o0x7f0afcff03a8;  0 drivers
v0x563684921300_0 .net "D1", 0 0, o0x7f0afcff03d8;  0 drivers
L_0x563683fdd6e0 .functor BUFT 1, C8<770>, C4<0>, C4<0>, C4<0>;
v0x5636849213a0_0 .net8 "VGND", 0 0, L_0x563683fdd6e0;  1 drivers, strength-aware
L_0x563683fde100 .functor BUFT 1, C8<770>, C4<0>, C4<0>, C4<0>;
v0x563684921440_0 .net8 "VNB", 0 0, L_0x563683fde100;  1 drivers, strength-aware
L_0x563683fdc180 .functor BUFT 1, C8<771>, C4<0>, C4<0>, C4<0>;
v0x5636849214e0_0 .net8 "VPB", 0 0, L_0x563683fdc180;  1 drivers, strength-aware
L_0x563683fdc520 .functor BUFT 1, C8<771>, C4<0>, C4<0>, C4<0>;
v0x563684921580_0 .net8 "VPWR", 0 0, L_0x563683fdc520;  1 drivers, strength-aware
v0x5636849216b0_0 .net "X", 0 0, L_0x5636849c8390;  1 drivers
v0x563684921750_0 .net "and0_out_X", 0 0, L_0x5636849c8210;  1 drivers
v0x5636849217f0_0 .net "or0_out", 0 0, L_0x5636849c8140;  1 drivers
S_0x563683eb24c0 .scope module, "sky130_fd_sc_hd__o2111a_4" "sky130_fd_sc_hd__o2111a_4" 2 125786;
 .timescale -9 -12;
    .port_info 0 /OUTPUT 1 "X";
    .port_info 1 /INPUT 1 "A1";
    .port_info 2 /INPUT 1 "A2";
    .port_info 3 /INPUT 1 "B1";
    .port_info 4 /INPUT 1 "C1";
    .port_info 5 /INPUT 1 "D1";
o0x7f0afcff06a8 .functor BUFZ 1, C4<z>; HiZ drive
o0x7f0afcff0678 .functor BUFZ 1, C4<z>; HiZ drive
L_0x5636849c8480 .functor OR 1, o0x7f0afcff06a8, o0x7f0afcff0678, C4<0>, C4<0>;
o0x7f0afcff06d8 .functor BUFZ 1, C4<z>; HiZ drive
o0x7f0afcff0708 .functor BUFZ 1, C4<z>; HiZ drive
o0x7f0afcff0738 .functor BUFZ 1, C4<z>; HiZ drive
L_0x5636849c8550 .functor AND 1, o0x7f0afcff06d8, o0x7f0afcff0708, L_0x5636849c8480, o0x7f0afcff0738;
L_0x5636849c8710 .functor BUF 1, L_0x5636849c8550, C4<0>, C4<0>, C4<0>;
v0x563684921890_0 .net "A1", 0 0, o0x7f0afcff0678;  0 drivers
v0x563684921930_0 .net "A2", 0 0, o0x7f0afcff06a8;  0 drivers
v0x5636849219d0_0 .net "B1", 0 0, o0x7f0afcff06d8;  0 drivers
v0x563684921a70_0 .net "C1", 0 0, o0x7f0afcff0708;  0 drivers
v0x563684921b10_0 .net "D1", 0 0, o0x7f0afcff0738;  0 drivers
L_0x563683fdbf90 .functor BUFT 1, C8<770>, C4<0>, C4<0>, C4<0>;
v0x563684921bb0_0 .net8 "VGND", 0 0, L_0x563683fdbf90;  1 drivers, strength-aware
L_0x563683fdc6f0 .functor BUFT 1, C8<770>, C4<0>, C4<0>, C4<0>;
v0x563684921c50_0 .net8 "VNB", 0 0, L_0x563683fdc6f0;  1 drivers, strength-aware
L_0x563683fda420 .functor BUFT 1, C8<771>, C4<0>, C4<0>, C4<0>;
v0x563684921cf0_0 .net8 "VPB", 0 0, L_0x563683fda420;  1 drivers, strength-aware
L_0x563683fdab10 .functor BUFT 1, C8<771>, C4<0>, C4<0>, C4<0>;
v0x563684921d90_0 .net8 "VPWR", 0 0, L_0x563683fdab10;  1 drivers, strength-aware
v0x563684921ec0_0 .net "X", 0 0, L_0x5636849c8710;  1 drivers
v0x563684921f60_0 .net "and0_out_X", 0 0, L_0x5636849c8550;  1 drivers
v0x563684922000_0 .net "or0_out", 0 0, L_0x5636849c8480;  1 drivers
S_0x563683eb2650 .scope module, "sky130_fd_sc_hd__o2111ai_1" "sky130_fd_sc_hd__o2111ai_1" 2 126156;
 .timescale -9 -12;
    .port_info 0 /OUTPUT 1 "Y";
    .port_info 1 /INPUT 1 "A1";
    .port_info 2 /INPUT 1 "A2";
    .port_info 3 /INPUT 1 "B1";
    .port_info 4 /INPUT 1 "C1";
    .port_info 5 /INPUT 1 "D1";
o0x7f0afcff0a08 .functor BUFZ 1, C4<z>; HiZ drive
o0x7f0afcff09d8 .functor BUFZ 1, C4<z>; HiZ drive
L_0x5636849c87d0 .functor OR 1, o0x7f0afcff0a08, o0x7f0afcff09d8, C4<0>, C4<0>;
o0x7f0afcff0a68 .functor BUFZ 1, C4<z>; HiZ drive
o0x7f0afcff0a38 .functor BUFZ 1, C4<z>; HiZ drive
o0x7f0afcff0a98 .functor BUFZ 1, C4<z>; HiZ drive
L_0x5636849c88a0 .functor NAND 1, o0x7f0afcff0a68, o0x7f0afcff0a38, o0x7f0afcff0a98, L_0x5636849c87d0;
L_0x5636849c8a50 .functor BUF 1, L_0x5636849c88a0, C4<0>, C4<0>, C4<0>;
v0x5636849220a0_0 .net "A1", 0 0, o0x7f0afcff09d8;  0 drivers
v0x563684922140_0 .net "A2", 0 0, o0x7f0afcff0a08;  0 drivers
v0x5636849221e0_0 .net "B1", 0 0, o0x7f0afcff0a38;  0 drivers
v0x563684922280_0 .net "C1", 0 0, o0x7f0afcff0a68;  0 drivers
v0x563684922320_0 .net "D1", 0 0, o0x7f0afcff0a98;  0 drivers
L_0x563683fda580 .functor BUFT 1, C8<770>, C4<0>, C4<0>, C4<0>;
v0x5636849223c0_0 .net8 "VGND", 0 0, L_0x563683fda580;  1 drivers, strength-aware
L_0x563683fda2c0 .functor BUFT 1, C8<770>, C4<0>, C4<0>, C4<0>;
v0x563684922460_0 .net8 "VNB", 0 0, L_0x563683fda2c0;  1 drivers, strength-aware
L_0x563683fd7000 .functor BUFT 1, C8<771>, C4<0>, C4<0>, C4<0>;
v0x563684922500_0 .net8 "VPB", 0 0, L_0x563683fd7000;  1 drivers, strength-aware
L_0x563683fd7350 .functor BUFT 1, C8<771>, C4<0>, C4<0>, C4<0>;
v0x5636849225a0_0 .net8 "VPWR", 0 0, L_0x563683fd7350;  1 drivers, strength-aware
v0x5636849226d0_0 .net "Y", 0 0, L_0x5636849c8a50;  1 drivers
v0x563684922770_0 .net "nand0_out_Y", 0 0, L_0x5636849c88a0;  1 drivers
v0x563684922810_0 .net "or0_out", 0 0, L_0x5636849c87d0;  1 drivers
S_0x563683f8a430 .scope module, "sky130_fd_sc_hd__o2111ai_2" "sky130_fd_sc_hd__o2111ai_2" 2 126526;
 .timescale -9 -12;
    .port_info 0 /OUTPUT 1 "Y";
    .port_info 1 /INPUT 1 "A1";
    .port_info 2 /INPUT 1 "A2";
    .port_info 3 /INPUT 1 "B1";
    .port_info 4 /INPUT 1 "C1";
    .port_info 5 /INPUT 1 "D1";
o0x7f0afcff0d68 .functor BUFZ 1, C4<z>; HiZ drive
o0x7f0afcff0d38 .functor BUFZ 1, C4<z>; HiZ drive
L_0x5636849c8b10 .functor OR 1, o0x7f0afcff0d68, o0x7f0afcff0d38, C4<0>, C4<0>;
o0x7f0afcff0dc8 .functor BUFZ 1, C4<z>; HiZ drive
o0x7f0afcff0d98 .functor BUFZ 1, C4<z>; HiZ drive
o0x7f0afcff0df8 .functor BUFZ 1, C4<z>; HiZ drive
L_0x5636849c8be0 .functor NAND 1, o0x7f0afcff0dc8, o0x7f0afcff0d98, o0x7f0afcff0df8, L_0x5636849c8b10;
L_0x5636849c8dd0 .functor BUF 1, L_0x5636849c8be0, C4<0>, C4<0>, C4<0>;
v0x5636849228b0_0 .net "A1", 0 0, o0x7f0afcff0d38;  0 drivers
v0x563684922950_0 .net "A2", 0 0, o0x7f0afcff0d68;  0 drivers
v0x5636849229f0_0 .net "B1", 0 0, o0x7f0afcff0d98;  0 drivers
v0x563684922a90_0 .net "C1", 0 0, o0x7f0afcff0dc8;  0 drivers
v0x563684922b30_0 .net "D1", 0 0, o0x7f0afcff0df8;  0 drivers
L_0x563683fd7520 .functor BUFT 1, C8<770>, C4<0>, C4<0>, C4<0>;
v0x563684922bd0_0 .net8 "VGND", 0 0, L_0x563683fd7520;  1 drivers, strength-aware
L_0x563683fd6ea0 .functor BUFT 1, C8<770>, C4<0>, C4<0>, C4<0>;
v0x563684922c70_0 .net8 "VNB", 0 0, L_0x563683fd6ea0;  1 drivers, strength-aware
L_0x563683fd78c0 .functor BUFT 1, C8<771>, C4<0>, C4<0>, C4<0>;
v0x563684922d10_0 .net8 "VPB", 0 0, L_0x563683fd78c0;  1 drivers, strength-aware
L_0x563683fd5940 .functor BUFT 1, C8<771>, C4<0>, C4<0>, C4<0>;
v0x563684922db0_0 .net8 "VPWR", 0 0, L_0x563683fd5940;  1 drivers, strength-aware
v0x563684922ee0_0 .net "Y", 0 0, L_0x5636849c8dd0;  1 drivers
v0x563684922f80_0 .net "nand0_out_Y", 0 0, L_0x5636849c8be0;  1 drivers
v0x563684923020_0 .net "or0_out", 0 0, L_0x5636849c8b10;  1 drivers
S_0x563683f8a5c0 .scope module, "sky130_fd_sc_hd__o2111ai_4" "sky130_fd_sc_hd__o2111ai_4" 2 126896;
 .timescale -9 -12;
    .port_info 0 /OUTPUT 1 "Y";
    .port_info 1 /INPUT 1 "A1";
    .port_info 2 /INPUT 1 "A2";
    .port_info 3 /INPUT 1 "B1";
    .port_info 4 /INPUT 1 "C1";
    .port_info 5 /INPUT 1 "D1";
o0x7f0afcff10c8 .functor BUFZ 1, C4<z>; HiZ drive
o0x7f0afcff1098 .functor BUFZ 1, C4<z>; HiZ drive
L_0x5636849c8e90 .functor OR 1, o0x7f0afcff10c8, o0x7f0afcff1098, C4<0>, C4<0>;
o0x7f0afcff1128 .functor BUFZ 1, C4<z>; HiZ drive
o0x7f0afcff10f8 .functor BUFZ 1, C4<z>; HiZ drive
o0x7f0afcff1158 .functor BUFZ 1, C4<z>; HiZ drive
L_0x5636849c8f30 .functor NAND 1, o0x7f0afcff1128, o0x7f0afcff10f8, o0x7f0afcff1158, L_0x5636849c8e90;
L_0x5636849c90e0 .functor BUF 1, L_0x5636849c8f30, C4<0>, C4<0>, C4<0>;
v0x5636849230c0_0 .net "A1", 0 0, o0x7f0afcff1098;  0 drivers
v0x563684923160_0 .net "A2", 0 0, o0x7f0afcff10c8;  0 drivers
v0x563684923200_0 .net "B1", 0 0, o0x7f0afcff10f8;  0 drivers
v0x5636849232a0_0 .net "C1", 0 0, o0x7f0afcff1128;  0 drivers
v0x563684923340_0 .net "D1", 0 0, o0x7f0afcff1158;  0 drivers
L_0x563683fd5b10 .functor BUFT 1, C8<770>, C4<0>, C4<0>, C4<0>;
v0x5636849233e0_0 .net8 "VGND", 0 0, L_0x563683fd5b10;  1 drivers, strength-aware
L_0x563683fd5750 .functor BUFT 1, C8<770>, C4<0>, C4<0>, C4<0>;
v0x563684923480_0 .net8 "VNB", 0 0, L_0x563683fd5750;  1 drivers, strength-aware
L_0x563683fd5eb0 .functor BUFT 1, C8<771>, C4<0>, C4<0>, C4<0>;
v0x563684923520_0 .net8 "VPB", 0 0, L_0x563683fd5eb0;  1 drivers, strength-aware
L_0x563683fd3be0 .functor BUFT 1, C8<771>, C4<0>, C4<0>, C4<0>;
v0x5636849235c0_0 .net8 "VPWR", 0 0, L_0x563683fd3be0;  1 drivers, strength-aware
v0x5636849236f0_0 .net "Y", 0 0, L_0x5636849c90e0;  1 drivers
v0x563684923790_0 .net "nand0_out_Y", 0 0, L_0x5636849c8f30;  1 drivers
v0x563684923830_0 .net "or0_out", 0 0, L_0x5636849c8e90;  1 drivers
S_0x563683f8a750 .scope module, "sky130_fd_sc_hd__o211a_1" "sky130_fd_sc_hd__o211a_1" 2 117839;
 .timescale -9 -12;
    .port_info 0 /OUTPUT 1 "X";
    .port_info 1 /INPUT 1 "A1";
    .port_info 2 /INPUT 1 "A2";
    .port_info 3 /INPUT 1 "B1";
    .port_info 4 /INPUT 1 "C1";
o0x7f0afcff1428 .functor BUFZ 1, C4<z>; HiZ drive
o0x7f0afcff13f8 .functor BUFZ 1, C4<z>; HiZ drive
L_0x5636849c91a0 .functor OR 1, o0x7f0afcff1428, o0x7f0afcff13f8, C4<0>, C4<0>;
o0x7f0afcff1458 .functor BUFZ 1, C4<z>; HiZ drive
o0x7f0afcff1488 .functor BUFZ 1, C4<z>; HiZ drive
L_0x5636849c9270 .functor AND 1, L_0x5636849c91a0, o0x7f0afcff1458, o0x7f0afcff1488, C4<1>;
L_0x5636849c9400 .functor BUF 1, L_0x5636849c9270, C4<0>, C4<0>, C4<0>;
v0x5636849238d0_0 .net "A1", 0 0, o0x7f0afcff13f8;  0 drivers
v0x563684923970_0 .net "A2", 0 0, o0x7f0afcff1428;  0 drivers
v0x563684923a10_0 .net "B1", 0 0, o0x7f0afcff1458;  0 drivers
v0x563684923ab0_0 .net "C1", 0 0, o0x7f0afcff1488;  0 drivers
L_0x563683fd42d0 .functor BUFT 1, C8<770>, C4<0>, C4<0>, C4<0>;
v0x563684923b50_0 .net8 "VGND", 0 0, L_0x563683fd42d0;  1 drivers, strength-aware
L_0x563683fd3d40 .functor BUFT 1, C8<770>, C4<0>, C4<0>, C4<0>;
v0x563684923bf0_0 .net8 "VNB", 0 0, L_0x563683fd3d40;  1 drivers, strength-aware
L_0x563683fd3a80 .functor BUFT 1, C8<771>, C4<0>, C4<0>, C4<0>;
v0x563684923c90_0 .net8 "VPB", 0 0, L_0x563683fd3a80;  1 drivers, strength-aware
L_0x563683fd8a10 .functor BUFT 1, C8<771>, C4<0>, C4<0>, C4<0>;
v0x563684923d30_0 .net8 "VPWR", 0 0, L_0x563683fd8a10;  1 drivers, strength-aware
v0x563684923dd0_0 .net "X", 0 0, L_0x5636849c9400;  1 drivers
v0x563684923f00_0 .net "and0_out_X", 0 0, L_0x5636849c9270;  1 drivers
v0x563684923fa0_0 .net "or0_out", 0 0, L_0x5636849c91a0;  1 drivers
S_0x563683f8c410 .scope module, "sky130_fd_sc_hd__o211a_2" "sky130_fd_sc_hd__o211a_2" 2 118195;
 .timescale -9 -12;
    .port_info 0 /OUTPUT 1 "X";
    .port_info 1 /INPUT 1 "A1";
    .port_info 2 /INPUT 1 "A2";
    .port_info 3 /INPUT 1 "B1";
    .port_info 4 /INPUT 1 "C1";
o0x7f0afcff1728 .functor BUFZ 1, C4<z>; HiZ drive
o0x7f0afcff16f8 .functor BUFZ 1, C4<z>; HiZ drive
L_0x5636849c94c0 .functor OR 1, o0x7f0afcff1728, o0x7f0afcff16f8, C4<0>, C4<0>;
o0x7f0afcff1758 .functor BUFZ 1, C4<z>; HiZ drive
o0x7f0afcff1788 .functor BUFZ 1, C4<z>; HiZ drive
L_0x5636849c9590 .functor AND 1, L_0x5636849c94c0, o0x7f0afcff1758, o0x7f0afcff1788, C4<1>;
L_0x5636849c96e0 .functor BUF 1, L_0x5636849c9590, C4<0>, C4<0>, C4<0>;
v0x563684924040_0 .net "A1", 0 0, o0x7f0afcff16f8;  0 drivers
v0x5636849240e0_0 .net "A2", 0 0, o0x7f0afcff1728;  0 drivers
v0x563684924180_0 .net "B1", 0 0, o0x7f0afcff1758;  0 drivers
v0x563684924220_0 .net "C1", 0 0, o0x7f0afcff1788;  0 drivers
L_0x563683fd9100 .functor BUFT 1, C8<770>, C4<0>, C4<0>, C4<0>;
v0x5636849242c0_0 .net8 "VGND", 0 0, L_0x563683fd9100;  1 drivers, strength-aware
L_0x563683fd8f30 .functor BUFT 1, C8<770>, C4<0>, C4<0>, C4<0>;
v0x563684924360_0 .net8 "VNB", 0 0, L_0x563683fd8f30;  1 drivers, strength-aware
L_0x563683fd88b0 .functor BUFT 1, C8<771>, C4<0>, C4<0>, C4<0>;
v0x563684924400_0 .net8 "VPB", 0 0, L_0x563683fd88b0;  1 drivers, strength-aware
L_0x563683fd92d0 .functor BUFT 1, C8<771>, C4<0>, C4<0>, C4<0>;
v0x5636849244a0_0 .net8 "VPWR", 0 0, L_0x563683fd92d0;  1 drivers, strength-aware
v0x563684924540_0 .net "X", 0 0, L_0x5636849c96e0;  1 drivers
v0x563684924670_0 .net "and0_out_X", 0 0, L_0x5636849c9590;  1 drivers
v0x563684924710_0 .net "or0_out", 0 0, L_0x5636849c94c0;  1 drivers
S_0x563683f8c5a0 .scope module, "sky130_fd_sc_hd__o211a_4" "sky130_fd_sc_hd__o211a_4" 2 118551;
 .timescale -9 -12;
    .port_info 0 /OUTPUT 1 "X";
    .port_info 1 /INPUT 1 "A1";
    .port_info 2 /INPUT 1 "A2";
    .port_info 3 /INPUT 1 "B1";
    .port_info 4 /INPUT 1 "C1";
o0x7f0afcff1a28 .functor BUFZ 1, C4<z>; HiZ drive
o0x7f0afcff19f8 .functor BUFZ 1, C4<z>; HiZ drive
L_0x5636849c97d0 .functor OR 1, o0x7f0afcff1a28, o0x7f0afcff19f8, C4<0>, C4<0>;
o0x7f0afcff1a58 .functor BUFZ 1, C4<z>; HiZ drive
o0x7f0afcff1a88 .functor BUFZ 1, C4<z>; HiZ drive
L_0x5636849c98a0 .functor AND 1, L_0x5636849c97d0, o0x7f0afcff1a58, o0x7f0afcff1a88, C4<1>;
L_0x5636849c9a30 .functor BUF 1, L_0x5636849c98a0, C4<0>, C4<0>, C4<0>;
v0x5636849247b0_0 .net "A1", 0 0, o0x7f0afcff19f8;  0 drivers
v0x563684924850_0 .net "A2", 0 0, o0x7f0afcff1a28;  0 drivers
v0x5636849248f0_0 .net "B1", 0 0, o0x7f0afcff1a58;  0 drivers
v0x563684924990_0 .net "C1", 0 0, o0x7f0afcff1a88;  0 drivers
L_0x563683fd2520 .functor BUFT 1, C8<770>, C4<0>, C4<0>, C4<0>;
v0x563684924a30_0 .net8 "VGND", 0 0, L_0x563683fd2520;  1 drivers, strength-aware
L_0x563683fd26f0 .functor BUFT 1, C8<770>, C4<0>, C4<0>, C4<0>;
v0x563684924ad0_0 .net8 "VNB", 0 0, L_0x563683fd26f0;  1 drivers, strength-aware
L_0x563683fd2330 .functor BUFT 1, C8<771>, C4<0>, C4<0>, C4<0>;
v0x563684924b70_0 .net8 "VPB", 0 0, L_0x563683fd2330;  1 drivers, strength-aware
L_0x563683fd2a90 .functor BUFT 1, C8<771>, C4<0>, C4<0>, C4<0>;
v0x563684924c10_0 .net8 "VPWR", 0 0, L_0x563683fd2a90;  1 drivers, strength-aware
v0x563684924cb0_0 .net "X", 0 0, L_0x5636849c9a30;  1 drivers
v0x563684924de0_0 .net "and0_out_X", 0 0, L_0x5636849c98a0;  1 drivers
v0x563684924e80_0 .net "or0_out", 0 0, L_0x5636849c97d0;  1 drivers
S_0x563683f8c730 .scope module, "sky130_fd_sc_hd__o211ai_1" "sky130_fd_sc_hd__o211ai_1" 2 118907;
 .timescale -9 -12;
    .port_info 0 /OUTPUT 1 "Y";
    .port_info 1 /INPUT 1 "A1";
    .port_info 2 /INPUT 1 "A2";
    .port_info 3 /INPUT 1 "B1";
    .port_info 4 /INPUT 1 "C1";
o0x7f0afcff1d28 .functor BUFZ 1, C4<z>; HiZ drive
o0x7f0afcff1cf8 .functor BUFZ 1, C4<z>; HiZ drive
L_0x5636849c9af0 .functor OR 1, o0x7f0afcff1d28, o0x7f0afcff1cf8, C4<0>, C4<0>;
o0x7f0afcff1d88 .functor BUFZ 1, C4<z>; HiZ drive
o0x7f0afcff1d58 .functor BUFZ 1, C4<z>; HiZ drive
L_0x5636849c9bc0 .functor NAND 1, o0x7f0afcff1d88, L_0x5636849c9af0, o0x7f0afcff1d58, C4<1>;
L_0x5636849c9d10 .functor BUF 1, L_0x5636849c9bc0, C4<0>, C4<0>, C4<0>;
v0x563684924f20_0 .net "A1", 0 0, o0x7f0afcff1cf8;  0 drivers
v0x563684924fc0_0 .net "A2", 0 0, o0x7f0afcff1d28;  0 drivers
v0x563684925060_0 .net "B1", 0 0, o0x7f0afcff1d58;  0 drivers
v0x563684925100_0 .net "C1", 0 0, o0x7f0afcff1d88;  0 drivers
L_0x563683fcf100 .functor BUFT 1, C8<770>, C4<0>, C4<0>, C4<0>;
v0x5636849251a0_0 .net8 "VGND", 0 0, L_0x563683fcf100;  1 drivers, strength-aware
L_0x563683fcf4a0 .functor BUFT 1, C8<770>, C4<0>, C4<0>, C4<0>;
v0x563684925240_0 .net8 "VNB", 0 0, L_0x563683fcf4a0;  1 drivers, strength-aware
L_0x563683fcef10 .functor BUFT 1, C8<771>, C4<0>, C4<0>, C4<0>;
v0x5636849252e0_0 .net8 "VPB", 0 0, L_0x563683fcef10;  1 drivers, strength-aware
L_0x563683fcec50 .functor BUFT 1, C8<771>, C4<0>, C4<0>, C4<0>;
v0x563684925380_0 .net8 "VPWR", 0 0, L_0x563683fcec50;  1 drivers, strength-aware
v0x563684925420_0 .net "Y", 0 0, L_0x5636849c9d10;  1 drivers
v0x563684925550_0 .net "nand0_out_Y", 0 0, L_0x5636849c9bc0;  1 drivers
v0x5636849255f0_0 .net "or0_out", 0 0, L_0x5636849c9af0;  1 drivers
S_0x563683f8e310 .scope module, "sky130_fd_sc_hd__o211ai_2" "sky130_fd_sc_hd__o211ai_2" 2 119263;
 .timescale -9 -12;
    .port_info 0 /OUTPUT 1 "Y";
    .port_info 1 /INPUT 1 "A1";
    .port_info 2 /INPUT 1 "A2";
    .port_info 3 /INPUT 1 "B1";
    .port_info 4 /INPUT 1 "C1";
o0x7f0afcff2028 .functor BUFZ 1, C4<z>; HiZ drive
o0x7f0afcff1ff8 .functor BUFZ 1, C4<z>; HiZ drive
L_0x5636849c9e00 .functor OR 1, o0x7f0afcff2028, o0x7f0afcff1ff8, C4<0>, C4<0>;
o0x7f0afcff2088 .functor BUFZ 1, C4<z>; HiZ drive
o0x7f0afcff2058 .functor BUFZ 1, C4<z>; HiZ drive
L_0x5636849c9ed0 .functor NAND 1, o0x7f0afcff2088, L_0x5636849c9e00, o0x7f0afcff2058, C4<1>;
L_0x5636849ca060 .functor BUF 1, L_0x5636849c9ed0, C4<0>, C4<0>, C4<0>;
v0x563684925690_0 .net "A1", 0 0, o0x7f0afcff1ff8;  0 drivers
v0x563684925730_0 .net "A2", 0 0, o0x7f0afcff2028;  0 drivers
v0x5636849257d0_0 .net "B1", 0 0, o0x7f0afcff2058;  0 drivers
v0x563684925870_0 .net "C1", 0 0, o0x7f0afcff2088;  0 drivers
L_0x563683fd07c0 .functor BUFT 1, C8<770>, C4<0>, C4<0>, C4<0>;
v0x563684925910_0 .net8 "VGND", 0 0, L_0x563683fd07c0;  1 drivers, strength-aware
L_0x563683fd0eb0 .functor BUFT 1, C8<770>, C4<0>, C4<0>, C4<0>;
v0x5636849259b0_0 .net8 "VNB", 0 0, L_0x563683fd0eb0;  1 drivers, strength-aware
L_0x563683fd0ce0 .functor BUFT 1, C8<771>, C4<0>, C4<0>, C4<0>;
v0x563684925a50_0 .net8 "VPB", 0 0, L_0x563683fd0ce0;  1 drivers, strength-aware
L_0x563683fd0660 .functor BUFT 1, C8<771>, C4<0>, C4<0>, C4<0>;
v0x563684925af0_0 .net8 "VPWR", 0 0, L_0x563683fd0660;  1 drivers, strength-aware
v0x563684925b90_0 .net "Y", 0 0, L_0x5636849ca060;  1 drivers
v0x563684925cc0_0 .net "nand0_out_Y", 0 0, L_0x5636849c9ed0;  1 drivers
v0x563684925d60_0 .net "or0_out", 0 0, L_0x5636849c9e00;  1 drivers
S_0x563683f8e4a0 .scope module, "sky130_fd_sc_hd__o211ai_4" "sky130_fd_sc_hd__o211ai_4" 2 119619;
 .timescale -9 -12;
    .port_info 0 /OUTPUT 1 "Y";
    .port_info 1 /INPUT 1 "A1";
    .port_info 2 /INPUT 1 "A2";
    .port_info 3 /INPUT 1 "B1";
    .port_info 4 /INPUT 1 "C1";
o0x7f0afcff2328 .functor BUFZ 1, C4<z>; HiZ drive
o0x7f0afcff22f8 .functor BUFZ 1, C4<z>; HiZ drive
L_0x5636849ca120 .functor OR 1, o0x7f0afcff2328, o0x7f0afcff22f8, C4<0>, C4<0>;
o0x7f0afcff2388 .functor BUFZ 1, C4<z>; HiZ drive
o0x7f0afcff2358 .functor BUFZ 1, C4<z>; HiZ drive
L_0x5636849ca1f0 .functor NAND 1, o0x7f0afcff2388, L_0x5636849ca120, o0x7f0afcff2358, C4<1>;
L_0x5636849ca340 .functor BUF 1, L_0x5636849ca1f0, C4<0>, C4<0>, C4<0>;
v0x563684925e00_0 .net "A1", 0 0, o0x7f0afcff22f8;  0 drivers
v0x563684925ea0_0 .net "A2", 0 0, o0x7f0afcff2328;  0 drivers
v0x563684925f40_0 .net "B1", 0 0, o0x7f0afcff2358;  0 drivers
v0x563684925fe0_0 .net "C1", 0 0, o0x7f0afcff2388;  0 drivers
L_0x563683fcb9b0 .functor BUFT 1, C8<770>, C4<0>, C4<0>, C4<0>;
v0x563684926080_0 .net8 "VGND", 0 0, L_0x563683fcb9b0;  1 drivers, strength-aware
L_0x563683fcbce0 .functor BUFT 1, C8<770>, C4<0>, C4<0>, C4<0>;
v0x563684926120_0 .net8 "VNB", 0 0, L_0x563683fcbce0;  1 drivers, strength-aware
L_0x563683fcbeb0 .functor BUFT 1, C8<771>, C4<0>, C4<0>, C4<0>;
v0x5636849261c0_0 .net8 "VPB", 0 0, L_0x563683fcbeb0;  1 drivers, strength-aware
L_0x563683fcbb10 .functor BUFT 1, C8<771>, C4<0>, C4<0>, C4<0>;
v0x563684926260_0 .net8 "VPWR", 0 0, L_0x563683fcbb10;  1 drivers, strength-aware
v0x563684926300_0 .net "Y", 0 0, L_0x5636849ca340;  1 drivers
v0x563684926430_0 .net "nand0_out_Y", 0 0, L_0x5636849ca1f0;  1 drivers
v0x5636849264d0_0 .net "or0_out", 0 0, L_0x5636849ca120;  1 drivers
S_0x563683f8e630 .scope module, "sky130_fd_sc_hd__o21a_1" "sky130_fd_sc_hd__o21a_1" 2 104210;
 .timescale -9 -12;
    .port_info 0 /OUTPUT 1 "X";
    .port_info 1 /INPUT 1 "A1";
    .port_info 2 /INPUT 1 "A2";
    .port_info 3 /INPUT 1 "B1";
o0x7f0afcff2628 .functor BUFZ 1, C4<z>; HiZ drive
o0x7f0afcff25f8 .functor BUFZ 1, C4<z>; HiZ drive
L_0x5636849ca430 .functor OR 1, o0x7f0afcff2628, o0x7f0afcff25f8, C4<0>, C4<0>;
o0x7f0afcff2658 .functor BUFZ 1, C4<z>; HiZ drive
L_0x5636849ca500 .functor AND 1, L_0x5636849ca430, o0x7f0afcff2658, C4<1>, C4<1>;
L_0x5636849ca630 .functor BUF 1, L_0x5636849ca500, C4<0>, C4<0>, C4<0>;
v0x563684926570_0 .net "A1", 0 0, o0x7f0afcff25f8;  0 drivers
v0x563684926610_0 .net "A2", 0 0, o0x7f0afcff2628;  0 drivers
v0x5636849266b0_0 .net "B1", 0 0, o0x7f0afcff2658;  0 drivers
L_0x563683fcc250 .functor BUFT 1, C8<770>, C4<0>, C4<0>, C4<0>;
v0x563684926750_0 .net8 "VGND", 0 0, L_0x563683fcc250;  1 drivers, strength-aware
L_0x563683fcd6f0 .functor BUFT 1, C8<770>, C4<0>, C4<0>, C4<0>;
v0x5636849267f0_0 .net8 "VNB", 0 0, L_0x563683fcd6f0;  1 drivers, strength-aware
L_0x563683fcda90 .functor BUFT 1, C8<771>, C4<0>, C4<0>, C4<0>;
v0x563684926890_0 .net8 "VPB", 0 0, L_0x563683fcda90;  1 drivers, strength-aware
L_0x563683fcd500 .functor BUFT 1, C8<771>, C4<0>, C4<0>, C4<0>;
v0x563684926930_0 .net8 "VPWR", 0 0, L_0x563683fcd500;  1 drivers, strength-aware
v0x5636849269d0_0 .net "X", 0 0, L_0x5636849ca630;  1 drivers
v0x563684926a70_0 .net "and0_out_X", 0 0, L_0x5636849ca500;  1 drivers
v0x563684926ba0_0 .net "or0_out", 0 0, L_0x5636849ca430;  1 drivers
S_0x563683f90210 .scope module, "sky130_fd_sc_hd__o21a_2" "sky130_fd_sc_hd__o21a_2" 2 104552;
 .timescale -9 -12;
    .port_info 0 /OUTPUT 1 "X";
    .port_info 1 /INPUT 1 "A1";
    .port_info 2 /INPUT 1 "A2";
    .port_info 3 /INPUT 1 "B1";
o0x7f0afcff28c8 .functor BUFZ 1, C4<z>; HiZ drive
o0x7f0afcff2898 .functor BUFZ 1, C4<z>; HiZ drive
L_0x5636849ca6f0 .functor OR 1, o0x7f0afcff28c8, o0x7f0afcff2898, C4<0>, C4<0>;
o0x7f0afcff28f8 .functor BUFZ 1, C4<z>; HiZ drive
L_0x5636849ca7c0 .functor AND 1, L_0x5636849ca6f0, o0x7f0afcff28f8, C4<1>, C4<1>;
L_0x5636849ca8b0 .functor BUF 1, L_0x5636849ca7c0, C4<0>, C4<0>, C4<0>;
v0x563684926c40_0 .net "A1", 0 0, o0x7f0afcff2898;  0 drivers
v0x563684926ce0_0 .net "A2", 0 0, o0x7f0afcff28c8;  0 drivers
v0x563684926d80_0 .net "B1", 0 0, o0x7f0afcff28f8;  0 drivers
L_0x563683fcdc60 .functor BUFT 1, C8<770>, C4<0>, C4<0>, C4<0>;
v0x563684926e20_0 .net8 "VGND", 0 0, L_0x563683fcdc60;  1 drivers, strength-aware
L_0x563683fc6b50 .functor BUFT 1, C8<770>, C4<0>, C4<0>, C4<0>;
v0x563684926ec0_0 .net8 "VNB", 0 0, L_0x563683fc6b50;  1 drivers, strength-aware
L_0x563683fc7240 .functor BUFT 1, C8<771>, C4<0>, C4<0>, C4<0>;
v0x563684926f60_0 .net8 "VPB", 0 0, L_0x563683fc7240;  1 drivers, strength-aware
L_0x563683fc7070 .functor BUFT 1, C8<771>, C4<0>, C4<0>, C4<0>;
v0x563684927000_0 .net8 "VPWR", 0 0, L_0x563683fc7070;  1 drivers, strength-aware
v0x5636849270a0_0 .net "X", 0 0, L_0x5636849ca8b0;  1 drivers
v0x563684927140_0 .net "and0_out_X", 0 0, L_0x5636849ca7c0;  1 drivers
v0x563684927270_0 .net "or0_out", 0 0, L_0x5636849ca6f0;  1 drivers
S_0x563683f90410 .scope module, "sky130_fd_sc_hd__o21a_4" "sky130_fd_sc_hd__o21a_4" 2 104894;
 .timescale -9 -12;
    .port_info 0 /OUTPUT 1 "X";
    .port_info 1 /INPUT 1 "A1";
    .port_info 2 /INPUT 1 "A2";
    .port_info 3 /INPUT 1 "B1";
o0x7f0afcff2b68 .functor BUFZ 1, C4<z>; HiZ drive
o0x7f0afcff2b38 .functor BUFZ 1, C4<z>; HiZ drive
L_0x5636849ca9a0 .functor OR 1, o0x7f0afcff2b68, o0x7f0afcff2b38, C4<0>, C4<0>;
o0x7f0afcff2b98 .functor BUFZ 1, C4<z>; HiZ drive
L_0x5636849caa70 .functor AND 1, L_0x5636849ca9a0, o0x7f0afcff2b98, C4<1>, C4<1>;
L_0x5636849caba0 .functor BUF 1, L_0x5636849caa70, C4<0>, C4<0>, C4<0>;
v0x563684927310_0 .net "A1", 0 0, o0x7f0afcff2b38;  0 drivers
v0x5636849273b0_0 .net "A2", 0 0, o0x7f0afcff2b68;  0 drivers
v0x563684927450_0 .net "B1", 0 0, o0x7f0afcff2b98;  0 drivers
L_0x563683fc69f0 .functor BUFT 1, C8<770>, C4<0>, C4<0>, C4<0>;
v0x5636849274f0_0 .net8 "VGND", 0 0, L_0x563683fc69f0;  1 drivers, strength-aware
L_0x563683fc5140 .functor BUFT 1, C8<770>, C4<0>, C4<0>, C4<0>;
v0x563684927590_0 .net8 "VNB", 0 0, L_0x563683fc5140;  1 drivers, strength-aware
L_0x563683fc5490 .functor BUFT 1, C8<771>, C4<0>, C4<0>, C4<0>;
v0x563684927630_0 .net8 "VPB", 0 0, L_0x563683fc5490;  1 drivers, strength-aware
L_0x563683fc5660 .functor BUFT 1, C8<771>, C4<0>, C4<0>, C4<0>;
v0x5636849276d0_0 .net8 "VPWR", 0 0, L_0x563683fc5660;  1 drivers, strength-aware
v0x563684927770_0 .net "X", 0 0, L_0x5636849caba0;  1 drivers
v0x563684927810_0 .net "and0_out_X", 0 0, L_0x5636849caa70;  1 drivers
v0x563684927940_0 .net "or0_out", 0 0, L_0x5636849ca9a0;  1 drivers
S_0x563683f92110 .scope module, "sky130_fd_sc_hd__o21ai_0" "sky130_fd_sc_hd__o21ai_0" 2 105236;
 .timescale -9 -12;
    .port_info 0 /OUTPUT 1 "Y";
    .port_info 1 /INPUT 1 "A1";
    .port_info 2 /INPUT 1 "A2";
    .port_info 3 /INPUT 1 "B1";
o0x7f0afcff2e08 .functor BUFZ 1, C4<z>; HiZ drive
o0x7f0afcff2dd8 .functor BUFZ 1, C4<z>; HiZ drive
L_0x5636849cac60 .functor OR 1, o0x7f0afcff2e08, o0x7f0afcff2dd8, C4<0>, C4<0>;
o0x7f0afcff2e38 .functor BUFZ 1, C4<z>; HiZ drive
L_0x5636849cad30 .functor NAND 1, o0x7f0afcff2e38, L_0x5636849cac60, C4<1>, C4<1>;
L_0x5636849cae50 .functor BUF 1, L_0x5636849cad30, C4<0>, C4<0>, C4<0>;
v0x5636849279e0_0 .net "A1", 0 0, o0x7f0afcff2dd8;  0 drivers
v0x563684927a80_0 .net "A2", 0 0, o0x7f0afcff2e08;  0 drivers
v0x563684927b20_0 .net "B1", 0 0, o0x7f0afcff2e38;  0 drivers
L_0x563683fc4fe0 .functor BUFT 1, C8<770>, C4<0>, C4<0>, C4<0>;
v0x563684927bc0_0 .net8 "VGND", 0 0, L_0x563683fc4fe0;  1 drivers, strength-aware
L_0x563683fc5a00 .functor BUFT 1, C8<770>, C4<0>, C4<0>, C4<0>;
v0x563684927c60_0 .net8 "VNB", 0 0, L_0x563683fc5a00;  1 drivers, strength-aware
L_0x563683fc3a80 .functor BUFT 1, C8<771>, C4<0>, C4<0>, C4<0>;
v0x563684927d00_0 .net8 "VPB", 0 0, L_0x563683fc3a80;  1 drivers, strength-aware
L_0x563683fc3e20 .functor BUFT 1, C8<771>, C4<0>, C4<0>, C4<0>;
v0x563684927da0_0 .net8 "VPWR", 0 0, L_0x563683fc3e20;  1 drivers, strength-aware
v0x563684927e40_0 .net "Y", 0 0, L_0x5636849cae50;  1 drivers
v0x563684927ee0_0 .net "nand0_out_Y", 0 0, L_0x5636849cad30;  1 drivers
v0x563684928010_0 .net "or0_out", 0 0, L_0x5636849cac60;  1 drivers
S_0x563683f92310 .scope module, "sky130_fd_sc_hd__o21ai_1" "sky130_fd_sc_hd__o21ai_1" 2 105578;
 .timescale -9 -12;
    .port_info 0 /OUTPUT 1 "Y";
    .port_info 1 /INPUT 1 "A1";
    .port_info 2 /INPUT 1 "A2";
    .port_info 3 /INPUT 1 "B1";
o0x7f0afcff30a8 .functor BUFZ 1, C4<z>; HiZ drive
o0x7f0afcff3078 .functor BUFZ 1, C4<z>; HiZ drive
L_0x5636849caf10 .functor OR 1, o0x7f0afcff30a8, o0x7f0afcff3078, C4<0>, C4<0>;
o0x7f0afcff30d8 .functor BUFZ 1, C4<z>; HiZ drive
L_0x5636849cafe0 .functor NAND 1, o0x7f0afcff30d8, L_0x5636849caf10, C4<1>, C4<1>;
L_0x5636849cb140 .functor BUF 1, L_0x5636849cafe0, C4<0>, C4<0>, C4<0>;
v0x5636849280b0_0 .net "A1", 0 0, o0x7f0afcff3078;  0 drivers
v0x563684928150_0 .net "A2", 0 0, o0x7f0afcff30a8;  0 drivers
v0x5636849281f0_0 .net "B1", 0 0, o0x7f0afcff30d8;  0 drivers
L_0x563683fc3890 .functor BUFT 1, C8<770>, C4<0>, C4<0>, C4<0>;
v0x563684928290_0 .net8 "VGND", 0 0, L_0x563683fc3890;  1 drivers, strength-aware
L_0x563683fc3ff0 .functor BUFT 1, C8<770>, C4<0>, C4<0>, C4<0>;
v0x563684928330_0 .net8 "VNB", 0 0, L_0x563683fc3ff0;  1 drivers, strength-aware
L_0x563683fc1d20 .functor BUFT 1, C8<771>, C4<0>, C4<0>, C4<0>;
v0x5636849283d0_0 .net8 "VPB", 0 0, L_0x563683fc1d20;  1 drivers, strength-aware
L_0x563683fc2410 .functor BUFT 1, C8<771>, C4<0>, C4<0>, C4<0>;
v0x563684928470_0 .net8 "VPWR", 0 0, L_0x563683fc2410;  1 drivers, strength-aware
v0x563684928510_0 .net "Y", 0 0, L_0x5636849cb140;  1 drivers
v0x5636849285b0_0 .net "nand0_out_Y", 0 0, L_0x5636849cafe0;  1 drivers
v0x5636849286e0_0 .net "or0_out", 0 0, L_0x5636849caf10;  1 drivers
S_0x563683f94470 .scope module, "sky130_fd_sc_hd__o21ai_2" "sky130_fd_sc_hd__o21ai_2" 2 105920;
 .timescale -9 -12;
    .port_info 0 /OUTPUT 1 "Y";
    .port_info 1 /INPUT 1 "A1";
    .port_info 2 /INPUT 1 "A2";
    .port_info 3 /INPUT 1 "B1";
o0x7f0afcff3348 .functor BUFZ 1, C4<z>; HiZ drive
o0x7f0afcff3318 .functor BUFZ 1, C4<z>; HiZ drive
L_0x5636849cb200 .functor OR 1, o0x7f0afcff3348, o0x7f0afcff3318, C4<0>, C4<0>;
o0x7f0afcff3378 .functor BUFZ 1, C4<z>; HiZ drive
L_0x5636849cb2a0 .functor NAND 1, o0x7f0afcff3378, L_0x5636849cb200, C4<1>, C4<1>;
L_0x5636849cb3c0 .functor BUF 1, L_0x5636849cb2a0, C4<0>, C4<0>, C4<0>;
v0x563684928780_0 .net "A1", 0 0, o0x7f0afcff3318;  0 drivers
v0x563684928820_0 .net "A2", 0 0, o0x7f0afcff3348;  0 drivers
v0x5636849288c0_0 .net "B1", 0 0, o0x7f0afcff3378;  0 drivers
L_0x563683fc1e80 .functor BUFT 1, C8<770>, C4<0>, C4<0>, C4<0>;
v0x563684928960_0 .net8 "VGND", 0 0, L_0x563683fc1e80;  1 drivers, strength-aware
L_0x563683fc1bc0 .functor BUFT 1, C8<770>, C4<0>, C4<0>, C4<0>;
v0x563684928a00_0 .net8 "VNB", 0 0, L_0x563683fc1bc0;  1 drivers, strength-aware
L_0x563683fc9f70 .functor BUFT 1, C8<771>, C4<0>, C4<0>, C4<0>;
v0x563684928aa0_0 .net8 "VPB", 0 0, L_0x563683fc9f70;  1 drivers, strength-aware
L_0x563683fca2c0 .functor BUFT 1, C8<771>, C4<0>, C4<0>, C4<0>;
v0x563684928b40_0 .net8 "VPWR", 0 0, L_0x563683fca2c0;  1 drivers, strength-aware
v0x563684928be0_0 .net "Y", 0 0, L_0x5636849cb3c0;  1 drivers
v0x563684928c80_0 .net "nand0_out_Y", 0 0, L_0x5636849cb2a0;  1 drivers
v0x563684928db0_0 .net "or0_out", 0 0, L_0x5636849cb200;  1 drivers
S_0x563683f94670 .scope module, "sky130_fd_sc_hd__o21ai_4" "sky130_fd_sc_hd__o21ai_4" 2 106262;
 .timescale -9 -12;
    .port_info 0 /OUTPUT 1 "Y";
    .port_info 1 /INPUT 1 "A1";
    .port_info 2 /INPUT 1 "A2";
    .port_info 3 /INPUT 1 "B1";
o0x7f0afcff35e8 .functor BUFZ 1, C4<z>; HiZ drive
o0x7f0afcff35b8 .functor BUFZ 1, C4<z>; HiZ drive
L_0x5636849cb480 .functor OR 1, o0x7f0afcff35e8, o0x7f0afcff35b8, C4<0>, C4<0>;
o0x7f0afcff3618 .functor BUFZ 1, C4<z>; HiZ drive
L_0x5636849cb550 .functor NAND 1, o0x7f0afcff3618, L_0x5636849cb480, C4<1>, C4<1>;
L_0x5636849cb6b0 .functor BUF 1, L_0x5636849cb550, C4<0>, C4<0>, C4<0>;
v0x563684928e50_0 .net "A1", 0 0, o0x7f0afcff35b8;  0 drivers
v0x563684928ef0_0 .net "A2", 0 0, o0x7f0afcff35e8;  0 drivers
v0x563684928f90_0 .net "B1", 0 0, o0x7f0afcff3618;  0 drivers
L_0x563683fca490 .functor BUFT 1, C8<770>, C4<0>, C4<0>, C4<0>;
v0x563684929030_0 .net8 "VGND", 0 0, L_0x563683fca490;  1 drivers, strength-aware
L_0x563683fc9e10 .functor BUFT 1, C8<770>, C4<0>, C4<0>, C4<0>;
v0x5636849290d0_0 .net8 "VNB", 0 0, L_0x563683fc9e10;  1 drivers, strength-aware
L_0x563683fca830 .functor BUFT 1, C8<771>, C4<0>, C4<0>, C4<0>;
v0x563684929170_0 .net8 "VPB", 0 0, L_0x563683fca830;  1 drivers, strength-aware
L_0x563683fc88b0 .functor BUFT 1, C8<771>, C4<0>, C4<0>, C4<0>;
v0x563684929210_0 .net8 "VPWR", 0 0, L_0x563683fc88b0;  1 drivers, strength-aware
v0x5636849292b0_0 .net "Y", 0 0, L_0x5636849cb6b0;  1 drivers
v0x563684929350_0 .net "nand0_out_Y", 0 0, L_0x5636849cb550;  1 drivers
v0x563684929480_0 .net "or0_out", 0 0, L_0x5636849cb480;  1 drivers
S_0x563683f967c0 .scope module, "sky130_fd_sc_hd__o21ba_1" "sky130_fd_sc_hd__o21ba_1" 2 106609;
 .timescale -9 -12;
    .port_info 0 /OUTPUT 1 "X";
    .port_info 1 /INPUT 1 "A1";
    .port_info 2 /INPUT 1 "A2";
    .port_info 3 /INPUT 1 "B1_N";
o0x7f0afcff3858 .functor BUFZ 1, C4<z>; HiZ drive
o0x7f0afcff3888 .functor BUFZ 1, C4<z>; HiZ drive
L_0x5636849cb770 .functor NOR 1, o0x7f0afcff3858, o0x7f0afcff3888, C4<0>, C4<0>;
o0x7f0afcff38b8 .functor BUFZ 1, C4<z>; HiZ drive
L_0x5636849cb810 .functor NOR 1, o0x7f0afcff38b8, L_0x5636849cb770, C4<0>, C4<0>;
L_0x5636849cb930 .functor BUF 1, L_0x5636849cb810, C4<0>, C4<0>, C4<0>;
v0x563684929520_0 .net "A1", 0 0, o0x7f0afcff3858;  0 drivers
v0x5636849295c0_0 .net "A2", 0 0, o0x7f0afcff3888;  0 drivers
v0x563684929660_0 .net "B1_N", 0 0, o0x7f0afcff38b8;  0 drivers
L_0x563683fc8a80 .functor BUFT 1, C8<770>, C4<0>, C4<0>, C4<0>;
v0x563684929700_0 .net8 "VGND", 0 0, L_0x563683fc8a80;  1 drivers, strength-aware
L_0x563683fc86c0 .functor BUFT 1, C8<770>, C4<0>, C4<0>, C4<0>;
v0x5636849297a0_0 .net8 "VNB", 0 0, L_0x563683fc86c0;  1 drivers, strength-aware
L_0x563683fc8e20 .functor BUFT 1, C8<771>, C4<0>, C4<0>, C4<0>;
v0x563684929840_0 .net8 "VPB", 0 0, L_0x563683fc8e20;  1 drivers, strength-aware
L_0x563683fc0310 .functor BUFT 1, C8<771>, C4<0>, C4<0>, C4<0>;
v0x5636849298e0_0 .net8 "VPWR", 0 0, L_0x563683fc0310;  1 drivers, strength-aware
v0x563684929980_0 .net "X", 0 0, L_0x5636849cb930;  1 drivers
v0x563684929a20_0 .net "nor0_out", 0 0, L_0x5636849cb770;  1 drivers
v0x563684929b50_0 .net "nor1_out_X", 0 0, L_0x5636849cb810;  1 drivers
S_0x563683f969c0 .scope module, "sky130_fd_sc_hd__o21ba_2" "sky130_fd_sc_hd__o21ba_2" 2 106956;
 .timescale -9 -12;
    .port_info 0 /OUTPUT 1 "X";
    .port_info 1 /INPUT 1 "A1";
    .port_info 2 /INPUT 1 "A2";
    .port_info 3 /INPUT 1 "B1_N";
o0x7f0afcff3af8 .functor BUFZ 1, C4<z>; HiZ drive
o0x7f0afcff3b28 .functor BUFZ 1, C4<z>; HiZ drive
L_0x5636849cb9f0 .functor NOR 1, o0x7f0afcff3af8, o0x7f0afcff3b28, C4<0>, C4<0>;
o0x7f0afcff3b58 .functor BUFZ 1, C4<z>; HiZ drive
L_0x5636849cbac0 .functor NOR 1, o0x7f0afcff3b58, L_0x5636849cb9f0, C4<0>, C4<0>;
L_0x5636849cbc20 .functor BUF 1, L_0x5636849cbac0, C4<0>, C4<0>, C4<0>;
v0x563684929bf0_0 .net "A1", 0 0, o0x7f0afcff3af8;  0 drivers
v0x563684929c90_0 .net "A2", 0 0, o0x7f0afcff3b28;  0 drivers
v0x563684929d30_0 .net "B1_N", 0 0, o0x7f0afcff3b58;  0 drivers
L_0x563683fc0a00 .functor BUFT 1, C8<770>, C4<0>, C4<0>, C4<0>;
v0x563684929dd0_0 .net8 "VGND", 0 0, L_0x563683fc0a00;  1 drivers, strength-aware
L_0x563683fc0470 .functor BUFT 1, C8<770>, C4<0>, C4<0>, C4<0>;
v0x563684929e70_0 .net8 "VNB", 0 0, L_0x563683fc0470;  1 drivers, strength-aware
L_0x563683fc01b0 .functor BUFT 1, C8<771>, C4<0>, C4<0>, C4<0>;
v0x563684929f10_0 .net8 "VPB", 0 0, L_0x563683fc01b0;  1 drivers, strength-aware
L_0x563683fbd8b0 .functor BUFT 1, C8<771>, C4<0>, C4<0>, C4<0>;
v0x563684929fb0_0 .net8 "VPWR", 0 0, L_0x563683fbd8b0;  1 drivers, strength-aware
v0x56368492a050_0 .net "X", 0 0, L_0x5636849cbc20;  1 drivers
v0x56368492a0f0_0 .net "nor0_out", 0 0, L_0x5636849cb9f0;  1 drivers
v0x56368492a220_0 .net "nor1_out_X", 0 0, L_0x5636849cbac0;  1 drivers
S_0x563683f98b10 .scope module, "sky130_fd_sc_hd__o21ba_4" "sky130_fd_sc_hd__o21ba_4" 2 107303;
 .timescale -9 -12;
    .port_info 0 /OUTPUT 1 "X";
    .port_info 1 /INPUT 1 "A1";
    .port_info 2 /INPUT 1 "A2";
    .port_info 3 /INPUT 1 "B1_N";
o0x7f0afcff3d98 .functor BUFZ 1, C4<z>; HiZ drive
o0x7f0afcff3dc8 .functor BUFZ 1, C4<z>; HiZ drive
L_0x5636849cbce0 .functor NOR 1, o0x7f0afcff3d98, o0x7f0afcff3dc8, C4<0>, C4<0>;
o0x7f0afcff3df8 .functor BUFZ 1, C4<z>; HiZ drive
L_0x5636849cbd80 .functor NOR 1, o0x7f0afcff3df8, L_0x5636849cbce0, C4<0>, C4<0>;
L_0x5636849cbea0 .functor BUF 1, L_0x5636849cbd80, C4<0>, C4<0>, C4<0>;
v0x56368492a2c0_0 .net "A1", 0 0, o0x7f0afcff3d98;  0 drivers
v0x56368492a360_0 .net "A2", 0 0, o0x7f0afcff3dc8;  0 drivers
v0x56368492a400_0 .net "B1_N", 0 0, o0x7f0afcff3df8;  0 drivers
L_0x563683fbdb70 .functor BUFT 1, C8<770>, C4<0>, C4<0>, C4<0>;
v0x56368492a4a0_0 .net8 "VGND", 0 0, L_0x563683fbdb70;  1 drivers, strength-aware
L_0x563683fbdcd0 .functor BUFT 1, C8<770>, C4<0>, C4<0>, C4<0>;
v0x56368492a540_0 .net8 "VNB", 0 0, L_0x563683fbdcd0;  1 drivers, strength-aware
L_0x563683fbe3c0 .functor BUFT 1, C8<771>, C4<0>, C4<0>, C4<0>;
v0x56368492a5e0_0 .net8 "VPB", 0 0, L_0x563683fbe3c0;  1 drivers, strength-aware
L_0x563683fbe1f0 .functor BUFT 1, C8<771>, C4<0>, C4<0>, C4<0>;
v0x56368492a680_0 .net8 "VPWR", 0 0, L_0x563683fbe1f0;  1 drivers, strength-aware
v0x56368492a720_0 .net "X", 0 0, L_0x5636849cbea0;  1 drivers
v0x56368492a7c0_0 .net "nor0_out", 0 0, L_0x5636849cbce0;  1 drivers
v0x56368492a8f0_0 .net "nor1_out_X", 0 0, L_0x5636849cbd80;  1 drivers
S_0x563683f98d10 .scope module, "sky130_fd_sc_hd__o21bai_1" "sky130_fd_sc_hd__o21bai_1" 2 107656;
 .timescale -9 -12;
    .port_info 0 /OUTPUT 1 "Y";
    .port_info 1 /INPUT 1 "A1";
    .port_info 2 /INPUT 1 "A2";
    .port_info 3 /INPUT 1 "B1_N";
o0x7f0afcff4098 .functor BUFZ 1, C4<z>; HiZ drive
L_0x5636849cbf60 .functor NOT 1, o0x7f0afcff4098, C4<0>, C4<0>, C4<0>;
o0x7f0afcff4068 .functor BUFZ 1, C4<z>; HiZ drive
o0x7f0afcff4038 .functor BUFZ 1, C4<z>; HiZ drive
L_0x5636849cc000 .functor OR 1, o0x7f0afcff4068, o0x7f0afcff4038, C4<0>, C4<0>;
L_0x5636849cc140 .functor NAND 1, L_0x5636849cbf60, L_0x5636849cc000, C4<1>, C4<1>;
L_0x5636849cc250 .functor BUF 1, L_0x5636849cc140, C4<0>, C4<0>, C4<0>;
v0x56368492a990_0 .net "A1", 0 0, o0x7f0afcff4038;  0 drivers
v0x56368492aa30_0 .net "A2", 0 0, o0x7f0afcff4068;  0 drivers
v0x56368492aad0_0 .net "B1_N", 0 0, o0x7f0afcff4098;  0 drivers
L_0x563683fbe760 .functor BUFT 1, C8<770>, C4<0>, C4<0>, C4<0>;
v0x56368492ab70_0 .net8 "VGND", 0 0, L_0x563683fbe760;  1 drivers, strength-aware
L_0x563683fbab60 .functor BUFT 1, C8<770>, C4<0>, C4<0>, C4<0>;
v0x56368492ac10_0 .net8 "VNB", 0 0, L_0x563683fbab60;  1 drivers, strength-aware
L_0x563683fbacc0 .functor BUFT 1, C8<771>, C4<0>, C4<0>, C4<0>;
v0x56368492acb0_0 .net8 "VPB", 0 0, L_0x563683fbacc0;  1 drivers, strength-aware
L_0x563683fbaf80 .functor BUFT 1, C8<771>, C4<0>, C4<0>, C4<0>;
v0x56368492ad50_0 .net8 "VPWR", 0 0, L_0x563683fbaf80;  1 drivers, strength-aware
v0x56368492adf0_0 .net "Y", 0 0, L_0x5636849cc250;  1 drivers
v0x56368492ae90_0 .net "b", 0 0, L_0x5636849cbf60;  1 drivers
v0x56368492afc0_0 .net "nand0_out_Y", 0 0, L_0x5636849cc140;  1 drivers
v0x56368492b060_0 .net "or0_out", 0 0, L_0x5636849cc000;  1 drivers
S_0x563683f9aee0 .scope module, "sky130_fd_sc_hd__o21bai_2" "sky130_fd_sc_hd__o21bai_2" 2 108011;
 .timescale -9 -12;
    .port_info 0 /OUTPUT 1 "Y";
    .port_info 1 /INPUT 1 "A1";
    .port_info 2 /INPUT 1 "A2";
    .port_info 3 /INPUT 1 "B1_N";
o0x7f0afcff4368 .functor BUFZ 1, C4<z>; HiZ drive
L_0x5636849cc360 .functor NOT 1, o0x7f0afcff4368, C4<0>, C4<0>, C4<0>;
o0x7f0afcff4338 .functor BUFZ 1, C4<z>; HiZ drive
o0x7f0afcff4308 .functor BUFZ 1, C4<z>; HiZ drive
L_0x5636849cc3d0 .functor OR 1, o0x7f0afcff4338, o0x7f0afcff4308, C4<0>, C4<0>;
L_0x5636849cc4d0 .functor NAND 1, L_0x5636849cc360, L_0x5636849cc3d0, C4<1>, C4<1>;
L_0x5636849cc610 .functor BUF 1, L_0x5636849cc4d0, C4<0>, C4<0>, C4<0>;
v0x56368492b100_0 .net "A1", 0 0, o0x7f0afcff4308;  0 drivers
v0x56368492b1a0_0 .net "A2", 0 0, o0x7f0afcff4338;  0 drivers
v0x56368492b240_0 .net "B1_N", 0 0, o0x7f0afcff4368;  0 drivers
L_0x563683fbb670 .functor BUFT 1, C8<770>, C4<0>, C4<0>, C4<0>;
v0x56368492b2e0_0 .net8 "VGND", 0 0, L_0x563683fbb670;  1 drivers, strength-aware
L_0x563683fbb4a0 .functor BUFT 1, C8<770>, C4<0>, C4<0>, C4<0>;
v0x56368492b380_0 .net8 "VNB", 0 0, L_0x563683fbb4a0;  1 drivers, strength-aware
L_0x563683fbba10 .functor BUFT 1, C8<771>, C4<0>, C4<0>, C4<0>;
v0x56368492b420_0 .net8 "VPB", 0 0, L_0x563683fbba10;  1 drivers, strength-aware
L_0x563683fbb840 .functor BUFT 1, C8<771>, C4<0>, C4<0>, C4<0>;
v0x56368492b4c0_0 .net8 "VPWR", 0 0, L_0x563683fbb840;  1 drivers, strength-aware
v0x56368492b560_0 .net "Y", 0 0, L_0x5636849cc610;  1 drivers
v0x56368492b600_0 .net "b", 0 0, L_0x5636849cc360;  1 drivers
v0x56368492b730_0 .net "nand0_out_Y", 0 0, L_0x5636849cc4d0;  1 drivers
v0x56368492b7d0_0 .net "or0_out", 0 0, L_0x5636849cc3d0;  1 drivers
S_0x563683f9b0e0 .scope module, "sky130_fd_sc_hd__o21bai_4" "sky130_fd_sc_hd__o21bai_4" 2 108366;
 .timescale -9 -12;
    .port_info 0 /OUTPUT 1 "Y";
    .port_info 1 /INPUT 1 "A1";
    .port_info 2 /INPUT 1 "A2";
    .port_info 3 /INPUT 1 "B1_N";
o0x7f0afcff4638 .functor BUFZ 1, C4<z>; HiZ drive
L_0x5636849cc6d0 .functor NOT 1, o0x7f0afcff4638, C4<0>, C4<0>, C4<0>;
o0x7f0afcff4608 .functor BUFZ 1, C4<z>; HiZ drive
o0x7f0afcff45d8 .functor BUFZ 1, C4<z>; HiZ drive
L_0x5636849cc740 .functor OR 1, o0x7f0afcff4608, o0x7f0afcff45d8, C4<0>, C4<0>;
L_0x5636849cc880 .functor NAND 1, L_0x5636849cc6d0, L_0x5636849cc740, C4<1>, C4<1>;
L_0x5636849cc990 .functor BUF 1, L_0x5636849cc880, C4<0>, C4<0>, C4<0>;
v0x56368492b870_0 .net "A1", 0 0, o0x7f0afcff45d8;  0 drivers
v0x56368492b910_0 .net "A2", 0 0, o0x7f0afcff4608;  0 drivers
v0x56368492b9b0_0 .net "B1_N", 0 0, o0x7f0afcff4638;  0 drivers
L_0x563683fb7f70 .functor BUFT 1, C8<770>, C4<0>, C4<0>, C4<0>;
v0x56368492ba50_0 .net8 "VGND", 0 0, L_0x563683fb7f70;  1 drivers, strength-aware
L_0x563683fb8230 .functor BUFT 1, C8<770>, C4<0>, C4<0>, C4<0>;
v0x56368492baf0_0 .net8 "VNB", 0 0, L_0x563683fb8230;  1 drivers, strength-aware
L_0x563683fb8580 .functor BUFT 1, C8<771>, C4<0>, C4<0>, C4<0>;
v0x56368492bb90_0 .net8 "VPB", 0 0, L_0x563683fb8580;  1 drivers, strength-aware
L_0x563683fb8750 .functor BUFT 1, C8<771>, C4<0>, C4<0>, C4<0>;
v0x56368492bc30_0 .net8 "VPWR", 0 0, L_0x563683fb8750;  1 drivers, strength-aware
v0x56368492bcd0_0 .net "Y", 0 0, L_0x5636849cc990;  1 drivers
v0x56368492bd70_0 .net "b", 0 0, L_0x5636849cc6d0;  1 drivers
v0x56368492bea0_0 .net "nand0_out_Y", 0 0, L_0x5636849cc880;  1 drivers
v0x56368492bf40_0 .net "or0_out", 0 0, L_0x5636849cc740;  1 drivers
S_0x563683f9d2f0 .scope module, "sky130_fd_sc_hd__o221a_1" "sky130_fd_sc_hd__o221a_1" 2 120000;
 .timescale -9 -12;
    .port_info 0 /OUTPUT 1 "X";
    .port_info 1 /INPUT 1 "A1";
    .port_info 2 /INPUT 1 "A2";
    .port_info 3 /INPUT 1 "B1";
    .port_info 4 /INPUT 1 "B2";
    .port_info 5 /INPUT 1 "C1";
o0x7f0afcff4938 .functor BUFZ 1, C4<z>; HiZ drive
o0x7f0afcff4908 .functor BUFZ 1, C4<z>; HiZ drive
L_0x5636849ccaa0 .functor OR 1, o0x7f0afcff4938, o0x7f0afcff4908, C4<0>, C4<0>;
o0x7f0afcff48d8 .functor BUFZ 1, C4<z>; HiZ drive
o0x7f0afcff48a8 .functor BUFZ 1, C4<z>; HiZ drive
L_0x5636849ccb40 .functor OR 1, o0x7f0afcff48d8, o0x7f0afcff48a8, C4<0>, C4<0>;
o0x7f0afcff4968 .functor BUFZ 1, C4<z>; HiZ drive
L_0x5636849ccc40 .functor AND 1, L_0x5636849ccaa0, L_0x5636849ccb40, o0x7f0afcff4968, C4<1>;
L_0x5636849ccdb0 .functor BUF 1, L_0x5636849ccc40, C4<0>, C4<0>, C4<0>;
v0x56368492bfe0_0 .net "A1", 0 0, o0x7f0afcff48a8;  0 drivers
v0x56368492c080_0 .net "A2", 0 0, o0x7f0afcff48d8;  0 drivers
v0x56368492c120_0 .net "B1", 0 0, o0x7f0afcff4908;  0 drivers
v0x56368492c1c0_0 .net "B2", 0 0, o0x7f0afcff4938;  0 drivers
v0x56368492c260_0 .net "C1", 0 0, o0x7f0afcff4968;  0 drivers
L_0x563683fb8cc0 .functor BUFT 1, C8<770>, C4<0>, C4<0>, C4<0>;
v0x56368492c300_0 .net8 "VGND", 0 0, L_0x563683fb8cc0;  1 drivers, strength-aware
L_0x563683fb8af0 .functor BUFT 1, C8<770>, C4<0>, C4<0>, C4<0>;
v0x56368492c3a0_0 .net8 "VNB", 0 0, L_0x563683fb8af0;  1 drivers, strength-aware
L_0x563683fb5220 .functor BUFT 1, C8<771>, C4<0>, C4<0>, C4<0>;
v0x56368492c440_0 .net8 "VPB", 0 0, L_0x563683fb5220;  1 drivers, strength-aware
L_0x563683fb5380 .functor BUFT 1, C8<771>, C4<0>, C4<0>, C4<0>;
v0x56368492c4e0_0 .net8 "VPWR", 0 0, L_0x563683fb5380;  1 drivers, strength-aware
v0x56368492c610_0 .net "X", 0 0, L_0x5636849ccdb0;  1 drivers
v0x56368492c6b0_0 .net "and0_out_X", 0 0, L_0x5636849ccc40;  1 drivers
v0x56368492c750_0 .net "or0_out", 0 0, L_0x5636849ccaa0;  1 drivers
v0x56368492c7f0_0 .net "or1_out", 0 0, L_0x5636849ccb40;  1 drivers
S_0x563683f9d480 .scope module, "sky130_fd_sc_hd__o221a_2" "sky130_fd_sc_hd__o221a_2" 2 120398;
 .timescale -9 -12;
    .port_info 0 /OUTPUT 1 "X";
    .port_info 1 /INPUT 1 "A1";
    .port_info 2 /INPUT 1 "A2";
    .port_info 3 /INPUT 1 "B1";
    .port_info 4 /INPUT 1 "B2";
    .port_info 5 /INPUT 1 "C1";
o0x7f0afcff4cc8 .functor BUFZ 1, C4<z>; HiZ drive
o0x7f0afcff4c98 .functor BUFZ 1, C4<z>; HiZ drive
L_0x5636849cce70 .functor OR 1, o0x7f0afcff4cc8, o0x7f0afcff4c98, C4<0>, C4<0>;
o0x7f0afcff4c68 .functor BUFZ 1, C4<z>; HiZ drive
o0x7f0afcff4c38 .functor BUFZ 1, C4<z>; HiZ drive
L_0x5636849ccf40 .functor OR 1, o0x7f0afcff4c68, o0x7f0afcff4c38, C4<0>, C4<0>;
o0x7f0afcff4cf8 .functor BUFZ 1, C4<z>; HiZ drive
L_0x5636849cd080 .functor AND 1, L_0x5636849cce70, L_0x5636849ccf40, o0x7f0afcff4cf8, C4<1>;
L_0x5636849cd1c0 .functor BUF 1, L_0x5636849cd080, C4<0>, C4<0>, C4<0>;
v0x56368492c890_0 .net "A1", 0 0, o0x7f0afcff4c38;  0 drivers
v0x56368492c930_0 .net "A2", 0 0, o0x7f0afcff4c68;  0 drivers
v0x56368492c9d0_0 .net "B1", 0 0, o0x7f0afcff4c98;  0 drivers
v0x56368492ca70_0 .net "B2", 0 0, o0x7f0afcff4cc8;  0 drivers
v0x56368492cb10_0 .net "C1", 0 0, o0x7f0afcff4cf8;  0 drivers
L_0x563683fb5830 .functor BUFT 1, C8<770>, C4<0>, C4<0>, C4<0>;
v0x56368492cbb0_0 .net8 "VGND", 0 0, L_0x563683fb5830;  1 drivers, strength-aware
L_0x563683fb5a00 .functor BUFT 1, C8<770>, C4<0>, C4<0>, C4<0>;
v0x56368492cc50_0 .net8 "VNB", 0 0, L_0x563683fb5a00;  1 drivers, strength-aware
L_0x563683fb4f60 .functor BUFT 1, C8<771>, C4<0>, C4<0>, C4<0>;
v0x56368492ccf0_0 .net8 "VPB", 0 0, L_0x563683fb4f60;  1 drivers, strength-aware
L_0x563683fb5da0 .functor BUFT 1, C8<771>, C4<0>, C4<0>, C4<0>;
v0x56368492cd90_0 .net8 "VPWR", 0 0, L_0x563683fb5da0;  1 drivers, strength-aware
v0x56368492cec0_0 .net "X", 0 0, L_0x5636849cd1c0;  1 drivers
v0x56368492cf60_0 .net "and0_out_X", 0 0, L_0x5636849cd080;  1 drivers
v0x56368492d000_0 .net "or0_out", 0 0, L_0x5636849cce70;  1 drivers
v0x56368492d0a0_0 .net "or1_out", 0 0, L_0x5636849ccf40;  1 drivers
S_0x563683f9d610 .scope module, "sky130_fd_sc_hd__o221a_4" "sky130_fd_sc_hd__o221a_4" 2 120796;
 .timescale -9 -12;
    .port_info 0 /OUTPUT 1 "X";
    .port_info 1 /INPUT 1 "A1";
    .port_info 2 /INPUT 1 "A2";
    .port_info 3 /INPUT 1 "B1";
    .port_info 4 /INPUT 1 "B2";
    .port_info 5 /INPUT 1 "C1";
o0x7f0afcff5058 .functor BUFZ 1, C4<z>; HiZ drive
o0x7f0afcff5028 .functor BUFZ 1, C4<z>; HiZ drive
L_0x5636849cd2d0 .functor OR 1, o0x7f0afcff5058, o0x7f0afcff5028, C4<0>, C4<0>;
o0x7f0afcff4ff8 .functor BUFZ 1, C4<z>; HiZ drive
o0x7f0afcff4fc8 .functor BUFZ 1, C4<z>; HiZ drive
L_0x5636849cd3a0 .functor OR 1, o0x7f0afcff4ff8, o0x7f0afcff4fc8, C4<0>, C4<0>;
o0x7f0afcff5088 .functor BUFZ 1, C4<z>; HiZ drive
L_0x5636849cd4a0 .functor AND 1, L_0x5636849cd2d0, L_0x5636849cd3a0, o0x7f0afcff5088, C4<1>;
L_0x5636849cd610 .functor BUF 1, L_0x5636849cd4a0, C4<0>, C4<0>, C4<0>;
v0x56368492d140_0 .net "A1", 0 0, o0x7f0afcff4fc8;  0 drivers
v0x56368492d1e0_0 .net "A2", 0 0, o0x7f0afcff4ff8;  0 drivers
v0x56368492d280_0 .net "B1", 0 0, o0x7f0afcff5028;  0 drivers
v0x56368492d320_0 .net "B2", 0 0, o0x7f0afcff5058;  0 drivers
v0x56368492d3c0_0 .net "C1", 0 0, o0x7f0afcff5088;  0 drivers
L_0x563683fb24d0 .functor BUFT 1, C8<770>, C4<0>, C4<0>, C4<0>;
v0x56368492d460_0 .net8 "VGND", 0 0, L_0x563683fb24d0;  1 drivers, strength-aware
L_0x563683fb2630 .functor BUFT 1, C8<770>, C4<0>, C4<0>, C4<0>;
v0x56368492d500_0 .net8 "VNB", 0 0, L_0x563683fb2630;  1 drivers, strength-aware
L_0x563683fb2ae0 .functor BUFT 1, C8<771>, C4<0>, C4<0>, C4<0>;
v0x56368492d5a0_0 .net8 "VPB", 0 0, L_0x563683fb2ae0;  1 drivers, strength-aware
L_0x563683fb2e80 .functor BUFT 1, C8<771>, C4<0>, C4<0>, C4<0>;
v0x56368492d640_0 .net8 "VPWR", 0 0, L_0x563683fb2e80;  1 drivers, strength-aware
v0x56368492d770_0 .net "X", 0 0, L_0x5636849cd610;  1 drivers
v0x56368492d810_0 .net "and0_out_X", 0 0, L_0x5636849cd4a0;  1 drivers
v0x56368492d8b0_0 .net "or0_out", 0 0, L_0x5636849cd2d0;  1 drivers
v0x56368492d950_0 .net "or1_out", 0 0, L_0x5636849cd3a0;  1 drivers
S_0x563683f9f730 .scope module, "sky130_fd_sc_hd__o221ai_1" "sky130_fd_sc_hd__o221ai_1" 2 121194;
 .timescale -9 -12;
    .port_info 0 /OUTPUT 1 "Y";
    .port_info 1 /INPUT 1 "A1";
    .port_info 2 /INPUT 1 "A2";
    .port_info 3 /INPUT 1 "B1";
    .port_info 4 /INPUT 1 "B2";
    .port_info 5 /INPUT 1 "C1";
o0x7f0afcff53e8 .functor BUFZ 1, C4<z>; HiZ drive
o0x7f0afcff53b8 .functor BUFZ 1, C4<z>; HiZ drive
L_0x5636849cd6d0 .functor OR 1, o0x7f0afcff53e8, o0x7f0afcff53b8, C4<0>, C4<0>;
o0x7f0afcff5388 .functor BUFZ 1, C4<z>; HiZ drive
o0x7f0afcff5358 .functor BUFZ 1, C4<z>; HiZ drive
L_0x5636849cd7a0 .functor OR 1, o0x7f0afcff5388, o0x7f0afcff5358, C4<0>, C4<0>;
o0x7f0afcff5418 .functor BUFZ 1, C4<z>; HiZ drive
L_0x5636849cd8e0 .functor NAND 1, L_0x5636849cd7a0, L_0x5636849cd6d0, o0x7f0afcff5418, C4<1>;
L_0x5636849cda20 .functor BUF 1, L_0x5636849cd8e0, C4<0>, C4<0>, C4<0>;
v0x56368492d9f0_0 .net "A1", 0 0, o0x7f0afcff5358;  0 drivers
v0x56368492da90_0 .net "A2", 0 0, o0x7f0afcff5388;  0 drivers
v0x56368492db30_0 .net "B1", 0 0, o0x7f0afcff53b8;  0 drivers
v0x56368492dbd0_0 .net "B2", 0 0, o0x7f0afcff53e8;  0 drivers
v0x56368492dc70_0 .net "C1", 0 0, o0x7f0afcff5418;  0 drivers
L_0x563683fb2210 .functor BUFT 1, C8<770>, C4<0>, C4<0>, C4<0>;
v0x56368492dd10_0 .net8 "VGND", 0 0, L_0x563683fb2210;  1 drivers, strength-aware
L_0x563683fb3050 .functor BUFT 1, C8<770>, C4<0>, C4<0>, C4<0>;
v0x56368492ddb0_0 .net8 "VNB", 0 0, L_0x563683fb3050;  1 drivers, strength-aware
L_0x563683faf620 .functor BUFT 1, C8<771>, C4<0>, C4<0>, C4<0>;
v0x56368492de50_0 .net8 "VPB", 0 0, L_0x563683faf620;  1 drivers, strength-aware
L_0x563683faf8e0 .functor BUFT 1, C8<771>, C4<0>, C4<0>, C4<0>;
v0x56368492def0_0 .net8 "VPWR", 0 0, L_0x563683faf8e0;  1 drivers, strength-aware
v0x56368492e020_0 .net "Y", 0 0, L_0x5636849cda20;  1 drivers
v0x56368492e0c0_0 .net "nand0_out_Y", 0 0, L_0x5636849cd8e0;  1 drivers
v0x56368492e160_0 .net "or0_out", 0 0, L_0x5636849cd6d0;  1 drivers
v0x56368492e200_0 .net "or1_out", 0 0, L_0x5636849cd7a0;  1 drivers
S_0x563683f9f8c0 .scope module, "sky130_fd_sc_hd__o221ai_2" "sky130_fd_sc_hd__o221ai_2" 2 121592;
 .timescale -9 -12;
    .port_info 0 /OUTPUT 1 "Y";
    .port_info 1 /INPUT 1 "A1";
    .port_info 2 /INPUT 1 "A2";
    .port_info 3 /INPUT 1 "B1";
    .port_info 4 /INPUT 1 "B2";
    .port_info 5 /INPUT 1 "C1";
o0x7f0afcff5778 .functor BUFZ 1, C4<z>; HiZ drive
o0x7f0afcff5748 .functor BUFZ 1, C4<z>; HiZ drive
L_0x5636849cdb30 .functor OR 1, o0x7f0afcff5778, o0x7f0afcff5748, C4<0>, C4<0>;
o0x7f0afcff5718 .functor BUFZ 1, C4<z>; HiZ drive
o0x7f0afcff56e8 .functor BUFZ 1, C4<z>; HiZ drive
L_0x5636849cdc00 .functor OR 1, o0x7f0afcff5718, o0x7f0afcff56e8, C4<0>, C4<0>;
o0x7f0afcff57a8 .functor BUFZ 1, C4<z>; HiZ drive
L_0x5636849cdd00 .functor NAND 1, L_0x5636849cdc00, L_0x5636849cdb30, o0x7f0afcff57a8, C4<1>;
L_0x5636849cde70 .functor BUF 1, L_0x5636849cdd00, C4<0>, C4<0>, C4<0>;
v0x56368492e2a0_0 .net "A1", 0 0, o0x7f0afcff56e8;  0 drivers
v0x56368492e340_0 .net "A2", 0 0, o0x7f0afcff5718;  0 drivers
v0x56368492e3e0_0 .net "B1", 0 0, o0x7f0afcff5748;  0 drivers
v0x56368492e480_0 .net "B2", 0 0, o0x7f0afcff5778;  0 drivers
v0x56368492e520_0 .net "C1", 0 0, o0x7f0afcff57a8;  0 drivers
L_0x563683fafd90 .functor BUFT 1, C8<770>, C4<0>, C4<0>, C4<0>;
v0x56368492e5c0_0 .net8 "VGND", 0 0, L_0x563683fafd90;  1 drivers, strength-aware
L_0x563683fb0130 .functor BUFT 1, C8<770>, C4<0>, C4<0>, C4<0>;
v0x56368492e660_0 .net8 "VNB", 0 0, L_0x563683fb0130;  1 drivers, strength-aware
L_0x563683faf4c0 .functor BUFT 1, C8<771>, C4<0>, C4<0>, C4<0>;
v0x56368492e700_0 .net8 "VPB", 0 0, L_0x563683faf4c0;  1 drivers, strength-aware
L_0x563683fb04d0 .functor BUFT 1, C8<771>, C4<0>, C4<0>, C4<0>;
v0x56368492e7a0_0 .net8 "VPWR", 0 0, L_0x563683fb04d0;  1 drivers, strength-aware
v0x56368492e8d0_0 .net "Y", 0 0, L_0x5636849cde70;  1 drivers
v0x56368492e970_0 .net "nand0_out_Y", 0 0, L_0x5636849cdd00;  1 drivers
v0x56368492ea10_0 .net "or0_out", 0 0, L_0x5636849cdb30;  1 drivers
v0x56368492eab0_0 .net "or1_out", 0 0, L_0x5636849cdc00;  1 drivers
S_0x563683f9fa50 .scope module, "sky130_fd_sc_hd__o221ai_4" "sky130_fd_sc_hd__o221ai_4" 2 121990;
 .timescale -9 -12;
    .port_info 0 /OUTPUT 1 "Y";
    .port_info 1 /INPUT 1 "A1";
    .port_info 2 /INPUT 1 "A2";
    .port_info 3 /INPUT 1 "B1";
    .port_info 4 /INPUT 1 "B2";
    .port_info 5 /INPUT 1 "C1";
o0x7f0afcff5b08 .functor BUFZ 1, C4<z>; HiZ drive
o0x7f0afcff5ad8 .functor BUFZ 1, C4<z>; HiZ drive
L_0x5636849cdf30 .functor OR 1, o0x7f0afcff5b08, o0x7f0afcff5ad8, C4<0>, C4<0>;
o0x7f0afcff5aa8 .functor BUFZ 1, C4<z>; HiZ drive
o0x7f0afcff5a78 .functor BUFZ 1, C4<z>; HiZ drive
L_0x5636849ce000 .functor OR 1, o0x7f0afcff5aa8, o0x7f0afcff5a78, C4<0>, C4<0>;
o0x7f0afcff5b38 .functor BUFZ 1, C4<z>; HiZ drive
L_0x5636849ce140 .functor NAND 1, L_0x5636849ce000, L_0x5636849cdf30, o0x7f0afcff5b38, C4<1>;
L_0x5636849ce280 .functor BUF 1, L_0x5636849ce140, C4<0>, C4<0>, C4<0>;
v0x56368492eb50_0 .net "A1", 0 0, o0x7f0afcff5a78;  0 drivers
v0x56368492ebf0_0 .net "A2", 0 0, o0x7f0afcff5aa8;  0 drivers
v0x56368492ec90_0 .net "B1", 0 0, o0x7f0afcff5ad8;  0 drivers
v0x56368492ed30_0 .net "B2", 0 0, o0x7f0afcff5b08;  0 drivers
v0x56368492edd0_0 .net "C1", 0 0, o0x7f0afcff5b38;  0 drivers
L_0x563683facd10 .functor BUFT 1, C8<770>, C4<0>, C4<0>, C4<0>;
v0x56368492ee70_0 .net8 "VGND", 0 0, L_0x563683facd10;  1 drivers, strength-aware
L_0x563683facfd0 .functor BUFT 1, C8<770>, C4<0>, C4<0>, C4<0>;
v0x56368492ef10_0 .net8 "VNB", 0 0, L_0x563683facfd0;  1 drivers, strength-aware
L_0x563683fad130 .functor BUFT 1, C8<771>, C4<0>, C4<0>, C4<0>;
v0x56368492efb0_0 .net8 "VPB", 0 0, L_0x563683fad130;  1 drivers, strength-aware
L_0x563683fad820 .functor BUFT 1, C8<771>, C4<0>, C4<0>, C4<0>;
v0x56368492f050_0 .net8 "VPWR", 0 0, L_0x563683fad820;  1 drivers, strength-aware
v0x56368492f180_0 .net "Y", 0 0, L_0x5636849ce280;  1 drivers
v0x56368492f220_0 .net "nand0_out_Y", 0 0, L_0x5636849ce140;  1 drivers
v0x56368492f2c0_0 .net "or0_out", 0 0, L_0x5636849cdf30;  1 drivers
v0x56368492f360_0 .net "or1_out", 0 0, L_0x5636849ce000;  1 drivers
S_0x563683fa1f70 .scope module, "sky130_fd_sc_hd__o22a_1" "sky130_fd_sc_hd__o22a_1" 2 108729;
 .timescale -9 -12;
    .port_info 0 /OUTPUT 1 "X";
    .port_info 1 /INPUT 1 "A1";
    .port_info 2 /INPUT 1 "A2";
    .port_info 3 /INPUT 1 "B1";
    .port_info 4 /INPUT 1 "B2";
o0x7f0afcff5e38 .functor BUFZ 1, C4<z>; HiZ drive
o0x7f0afcff5e08 .functor BUFZ 1, C4<z>; HiZ drive
L_0x5636849ce390 .functor OR 1, o0x7f0afcff5e38, o0x7f0afcff5e08, C4<0>, C4<0>;
o0x7f0afcff5e98 .functor BUFZ 1, C4<z>; HiZ drive
o0x7f0afcff5e68 .functor BUFZ 1, C4<z>; HiZ drive
L_0x5636849ce460 .functor OR 1, o0x7f0afcff5e98, o0x7f0afcff5e68, C4<0>, C4<0>;
L_0x5636849ce560 .functor AND 1, L_0x5636849ce390, L_0x5636849ce460, C4<1>, C4<1>;
L_0x5636849ce6a0 .functor BUF 1, L_0x5636849ce560, C4<0>, C4<0>, C4<0>;
v0x56368492f400_0 .net "A1", 0 0, o0x7f0afcff5e08;  0 drivers
v0x56368492f4a0_0 .net "A2", 0 0, o0x7f0afcff5e38;  0 drivers
v0x56368492f540_0 .net "B1", 0 0, o0x7f0afcff5e68;  0 drivers
v0x56368492f5e0_0 .net "B2", 0 0, o0x7f0afcff5e98;  0 drivers
L_0x563683fad290 .functor BUFT 1, C8<770>, C4<0>, C4<0>, C4<0>;
v0x56368492f680_0 .net8 "VGND", 0 0, L_0x563683fad290;  1 drivers, strength-aware
L_0x563683facbb0 .functor BUFT 1, C8<770>, C4<0>, C4<0>, C4<0>;
v0x56368492f720_0 .net8 "VNB", 0 0, L_0x563683facbb0;  1 drivers, strength-aware
L_0x563683faa410 .functor BUFT 1, C8<771>, C4<0>, C4<0>, C4<0>;
v0x56368492f7c0_0 .net8 "VPB", 0 0, L_0x563683faa410;  1 drivers, strength-aware
L_0x563683faa570 .functor BUFT 1, C8<771>, C4<0>, C4<0>, C4<0>;
v0x56368492f860_0 .net8 "VPWR", 0 0, L_0x563683faa570;  1 drivers, strength-aware
v0x56368492f900_0 .net "X", 0 0, L_0x5636849ce6a0;  1 drivers
v0x56368492fa30_0 .net "and0_out_X", 0 0, L_0x5636849ce560;  1 drivers
v0x56368492fad0_0 .net "or0_out", 0 0, L_0x5636849ce390;  1 drivers
v0x56368492fb70_0 .net "or1_out", 0 0, L_0x5636849ce460;  1 drivers
S_0x563683fa2100 .scope module, "sky130_fd_sc_hd__o22a_2" "sky130_fd_sc_hd__o22a_2" 2 109101;
 .timescale -9 -12;
    .port_info 0 /OUTPUT 1 "X";
    .port_info 1 /INPUT 1 "A1";
    .port_info 2 /INPUT 1 "A2";
    .port_info 3 /INPUT 1 "B1";
    .port_info 4 /INPUT 1 "B2";
o0x7f0afcff6168 .functor BUFZ 1, C4<z>; HiZ drive
o0x7f0afcff6138 .functor BUFZ 1, C4<z>; HiZ drive
L_0x5636849ce760 .functor OR 1, o0x7f0afcff6168, o0x7f0afcff6138, C4<0>, C4<0>;
o0x7f0afcff61c8 .functor BUFZ 1, C4<z>; HiZ drive
o0x7f0afcff6198 .functor BUFZ 1, C4<z>; HiZ drive
L_0x5636849ce800 .functor OR 1, o0x7f0afcff61c8, o0x7f0afcff6198, C4<0>, C4<0>;
L_0x5636849ce900 .functor AND 1, L_0x5636849ce760, L_0x5636849ce800, C4<1>, C4<1>;
L_0x5636849cea10 .functor BUF 1, L_0x5636849ce900, C4<0>, C4<0>, C4<0>;
v0x56368492fc10_0 .net "A1", 0 0, o0x7f0afcff6138;  0 drivers
v0x56368492fcb0_0 .net "A2", 0 0, o0x7f0afcff6168;  0 drivers
v0x56368492fd50_0 .net "B1", 0 0, o0x7f0afcff6198;  0 drivers
v0x56368492fdf0_0 .net "B2", 0 0, o0x7f0afcff61c8;  0 drivers
L_0x563683faa830 .functor BUFT 1, C8<770>, C4<0>, C4<0>, C4<0>;
v0x56368492fe90_0 .net8 "VGND", 0 0, L_0x563683faa830;  1 drivers, strength-aware
L_0x563683faaf20 .functor BUFT 1, C8<770>, C4<0>, C4<0>, C4<0>;
v0x56368492ff30_0 .net8 "VNB", 0 0, L_0x563683faaf20;  1 drivers, strength-aware
L_0x563683faad50 .functor BUFT 1, C8<771>, C4<0>, C4<0>, C4<0>;
v0x56368492ffd0_0 .net8 "VPB", 0 0, L_0x563683faad50;  1 drivers, strength-aware
L_0x563683faa2b0 .functor BUFT 1, C8<771>, C4<0>, C4<0>, C4<0>;
v0x563684930070_0 .net8 "VPWR", 0 0, L_0x563683faa2b0;  1 drivers, strength-aware
v0x563684930110_0 .net "X", 0 0, L_0x5636849cea10;  1 drivers
v0x563684930240_0 .net "and0_out_X", 0 0, L_0x5636849ce900;  1 drivers
v0x5636849302e0_0 .net "or0_out", 0 0, L_0x5636849ce760;  1 drivers
v0x563684930380_0 .net "or1_out", 0 0, L_0x5636849ce800;  1 drivers
S_0x563683fa2290 .scope module, "sky130_fd_sc_hd__o22a_4" "sky130_fd_sc_hd__o22a_4" 2 109473;
 .timescale -9 -12;
    .port_info 0 /OUTPUT 1 "X";
    .port_info 1 /INPUT 1 "A1";
    .port_info 2 /INPUT 1 "A2";
    .port_info 3 /INPUT 1 "B1";
    .port_info 4 /INPUT 1 "B2";
o0x7f0afcff6498 .functor BUFZ 1, C4<z>; HiZ drive
o0x7f0afcff6468 .functor BUFZ 1, C4<z>; HiZ drive
L_0x5636849ceb20 .functor OR 1, o0x7f0afcff6498, o0x7f0afcff6468, C4<0>, C4<0>;
o0x7f0afcff64f8 .functor BUFZ 1, C4<z>; HiZ drive
o0x7f0afcff64c8 .functor BUFZ 1, C4<z>; HiZ drive
L_0x5636849cebc0 .functor OR 1, o0x7f0afcff64f8, o0x7f0afcff64c8, C4<0>, C4<0>;
L_0x5636849cecc0 .functor AND 1, L_0x5636849ceb20, L_0x5636849cebc0, C4<1>, C4<1>;
L_0x5636849cee00 .functor BUF 1, L_0x5636849cecc0, C4<0>, C4<0>, C4<0>;
v0x563684930420_0 .net "A1", 0 0, o0x7f0afcff6468;  0 drivers
v0x5636849304c0_0 .net "A2", 0 0, o0x7f0afcff6498;  0 drivers
v0x563684930560_0 .net "B1", 0 0, o0x7f0afcff64c8;  0 drivers
v0x563684930600_0 .net "B2", 0 0, o0x7f0afcff64f8;  0 drivers
L_0x563683fa7b10 .functor BUFT 1, C8<770>, C4<0>, C4<0>, C4<0>;
v0x5636849306a0_0 .net8 "VGND", 0 0, L_0x563683fa7b10;  1 drivers, strength-aware
L_0x563683fa7c70 .functor BUFT 1, C8<770>, C4<0>, C4<0>, C4<0>;
v0x563684930740_0 .net8 "VNB", 0 0, L_0x563683fa7c70;  1 drivers, strength-aware
L_0x563683fa7f30 .functor BUFT 1, C8<771>, C4<0>, C4<0>, C4<0>;
v0x5636849307e0_0 .net8 "VPB", 0 0, L_0x563683fa7f30;  1 drivers, strength-aware
L_0x563683fa8280 .functor BUFT 1, C8<771>, C4<0>, C4<0>, C4<0>;
v0x563684930880_0 .net8 "VPWR", 0 0, L_0x563683fa8280;  1 drivers, strength-aware
v0x563684930920_0 .net "X", 0 0, L_0x5636849cee00;  1 drivers
v0x563684930a50_0 .net "and0_out_X", 0 0, L_0x5636849cecc0;  1 drivers
v0x563684930af0_0 .net "or0_out", 0 0, L_0x5636849ceb20;  1 drivers
v0x563684930b90_0 .net "or1_out", 0 0, L_0x5636849cebc0;  1 drivers
S_0x563683fa47d0 .scope module, "sky130_fd_sc_hd__o22ai_1" "sky130_fd_sc_hd__o22ai_1" 2 109845;
 .timescale -9 -12;
    .port_info 0 /OUTPUT 1 "Y";
    .port_info 1 /INPUT 1 "A1";
    .port_info 2 /INPUT 1 "A2";
    .port_info 3 /INPUT 1 "B1";
    .port_info 4 /INPUT 1 "B2";
o0x7f0afcff67f8 .functor BUFZ 1, C4<z>; HiZ drive
o0x7f0afcff6828 .functor BUFZ 1, C4<z>; HiZ drive
L_0x5636849ceec0 .functor NOR 1, o0x7f0afcff67f8, o0x7f0afcff6828, C4<0>, C4<0>;
o0x7f0afcff6798 .functor BUFZ 1, C4<z>; HiZ drive
o0x7f0afcff67c8 .functor BUFZ 1, C4<z>; HiZ drive
L_0x5636849cef60 .functor NOR 1, o0x7f0afcff6798, o0x7f0afcff67c8, C4<0>, C4<0>;
L_0x5636849cf060 .functor OR 1, L_0x5636849cef60, L_0x5636849ceec0, C4<0>, C4<0>;
L_0x5636849cf170 .functor BUF 1, L_0x5636849cf060, C4<0>, C4<0>, C4<0>;
v0x563684930c30_0 .net "A1", 0 0, o0x7f0afcff6798;  0 drivers
v0x563684930cd0_0 .net "A2", 0 0, o0x7f0afcff67c8;  0 drivers
v0x563684930d70_0 .net "B1", 0 0, o0x7f0afcff67f8;  0 drivers
v0x563684930e10_0 .net "B2", 0 0, o0x7f0afcff6828;  0 drivers
L_0x563683fa8450 .functor BUFT 1, C8<770>, C4<0>, C4<0>, C4<0>;
v0x563684930eb0_0 .net8 "VGND", 0 0, L_0x563683fa8450;  1 drivers, strength-aware
L_0x563683fa79b0 .functor BUFT 1, C8<770>, C4<0>, C4<0>, C4<0>;
v0x563684930f50_0 .net8 "VNB", 0 0, L_0x563683fa79b0;  1 drivers, strength-aware
L_0x563683fa87f0 .functor BUFT 1, C8<771>, C4<0>, C4<0>, C4<0>;
v0x563684930ff0_0 .net8 "VPB", 0 0, L_0x563683fa87f0;  1 drivers, strength-aware
L_0x563683fa5330 .functor BUFT 1, C8<771>, C4<0>, C4<0>, C4<0>;
v0x563684931090_0 .net8 "VPWR", 0 0, L_0x563683fa5330;  1 drivers, strength-aware
v0x563684931130_0 .net "Y", 0 0, L_0x5636849cf170;  1 drivers
v0x563684931260_0 .net "nor0_out", 0 0, L_0x5636849ceec0;  1 drivers
v0x563684931300_0 .net "nor1_out", 0 0, L_0x5636849cef60;  1 drivers
v0x5636849313a0_0 .net "or0_out_Y", 0 0, L_0x5636849cf060;  1 drivers
S_0x563683fa4960 .scope module, "sky130_fd_sc_hd__o22ai_2" "sky130_fd_sc_hd__o22ai_2" 2 110217;
 .timescale -9 -12;
    .port_info 0 /OUTPUT 1 "Y";
    .port_info 1 /INPUT 1 "A1";
    .port_info 2 /INPUT 1 "A2";
    .port_info 3 /INPUT 1 "B1";
    .port_info 4 /INPUT 1 "B2";
o0x7f0afcff6b28 .functor BUFZ 1, C4<z>; HiZ drive
o0x7f0afcff6b58 .functor BUFZ 1, C4<z>; HiZ drive
L_0x5636849cf280 .functor NOR 1, o0x7f0afcff6b28, o0x7f0afcff6b58, C4<0>, C4<0>;
o0x7f0afcff6ac8 .functor BUFZ 1, C4<z>; HiZ drive
o0x7f0afcff6af8 .functor BUFZ 1, C4<z>; HiZ drive
L_0x5636849cf320 .functor NOR 1, o0x7f0afcff6ac8, o0x7f0afcff6af8, C4<0>, C4<0>;
L_0x5636849cf420 .functor OR 1, L_0x5636849cf320, L_0x5636849cf280, C4<0>, C4<0>;
L_0x5636849cf560 .functor BUF 1, L_0x5636849cf420, C4<0>, C4<0>, C4<0>;
v0x563684931440_0 .net "A1", 0 0, o0x7f0afcff6ac8;  0 drivers
v0x5636849314e0_0 .net "A2", 0 0, o0x7f0afcff6af8;  0 drivers
v0x563684931580_0 .net "B1", 0 0, o0x7f0afcff6b28;  0 drivers
v0x563684931620_0 .net "B2", 0 0, o0x7f0afcff6b58;  0 drivers
L_0x563683fa57e0 .functor BUFT 1, C8<770>, C4<0>, C4<0>, C4<0>;
v0x5636849316c0_0 .net8 "VGND", 0 0, L_0x563683fa57e0;  1 drivers, strength-aware
L_0x563683fa5b80 .functor BUFT 1, C8<770>, C4<0>, C4<0>, C4<0>;
v0x563684931760_0 .net8 "VNB", 0 0, L_0x563683fa5b80;  1 drivers, strength-aware
L_0x563683fa5070 .functor BUFT 1, C8<771>, C4<0>, C4<0>, C4<0>;
v0x563684931800_0 .net8 "VPB", 0 0, L_0x563683fa5070;  1 drivers, strength-aware
L_0x563683fa5f20 .functor BUFT 1, C8<771>, C4<0>, C4<0>, C4<0>;
v0x5636849318a0_0 .net8 "VPWR", 0 0, L_0x563683fa5f20;  1 drivers, strength-aware
v0x563684931940_0 .net "Y", 0 0, L_0x5636849cf560;  1 drivers
v0x563684931a70_0 .net "nor0_out", 0 0, L_0x5636849cf280;  1 drivers
v0x563684931b10_0 .net "nor1_out", 0 0, L_0x5636849cf320;  1 drivers
v0x563684931bb0_0 .net "or0_out_Y", 0 0, L_0x5636849cf420;  1 drivers
S_0x563683fa4af0 .scope module, "sky130_fd_sc_hd__o22ai_4" "sky130_fd_sc_hd__o22ai_4" 2 110589;
 .timescale -9 -12;
    .port_info 0 /OUTPUT 1 "Y";
    .port_info 1 /INPUT 1 "A1";
    .port_info 2 /INPUT 1 "A2";
    .port_info 3 /INPUT 1 "B1";
    .port_info 4 /INPUT 1 "B2";
o0x7f0afcff6e58 .functor BUFZ 1, C4<z>; HiZ drive
o0x7f0afcff6e88 .functor BUFZ 1, C4<z>; HiZ drive
L_0x5636849cf620 .functor NOR 1, o0x7f0afcff6e58, o0x7f0afcff6e88, C4<0>, C4<0>;
o0x7f0afcff6df8 .functor BUFZ 1, C4<z>; HiZ drive
o0x7f0afcff6e28 .functor BUFZ 1, C4<z>; HiZ drive
L_0x5636849cf6c0 .functor NOR 1, o0x7f0afcff6df8, o0x7f0afcff6e28, C4<0>, C4<0>;
L_0x5636849cf7c0 .functor OR 1, L_0x5636849cf6c0, L_0x5636849cf620, C4<0>, C4<0>;
L_0x5636849cf8d0 .functor BUF 1, L_0x5636849cf7c0, C4<0>, C4<0>, C4<0>;
v0x563684931c50_0 .net "A1", 0 0, o0x7f0afcff6df8;  0 drivers
v0x563684931cf0_0 .net "A2", 0 0, o0x7f0afcff6e28;  0 drivers
v0x563684931d90_0 .net "B1", 0 0, o0x7f0afcff6e58;  0 drivers
v0x563684931e30_0 .net "B2", 0 0, o0x7f0afcff6e88;  0 drivers
L_0x563683fa2970 .functor BUFT 1, C8<770>, C4<0>, C4<0>, C4<0>;
v0x563684931ed0_0 .net8 "VGND", 0 0, L_0x563683fa2970;  1 drivers, strength-aware
L_0x563683fa2c30 .functor BUFT 1, C8<770>, C4<0>, C4<0>, C4<0>;
v0x563684931f70_0 .net8 "VNB", 0 0, L_0x563683fa2c30;  1 drivers, strength-aware
L_0x563683fa2f80 .functor BUFT 1, C8<771>, C4<0>, C4<0>, C4<0>;
v0x563684932010_0 .net8 "VPB", 0 0, L_0x563683fa2f80;  1 drivers, strength-aware
L_0x563683fa3150 .functor BUFT 1, C8<771>, C4<0>, C4<0>, C4<0>;
v0x5636849320b0_0 .net8 "VPWR", 0 0, L_0x563683fa3150;  1 drivers, strength-aware
v0x563684932150_0 .net "Y", 0 0, L_0x5636849cf8d0;  1 drivers
v0x563684932280_0 .net "nor0_out", 0 0, L_0x5636849cf620;  1 drivers
v0x563684932320_0 .net "nor1_out", 0 0, L_0x5636849cf6c0;  1 drivers
v0x5636849323c0_0 .net "or0_out_Y", 0 0, L_0x5636849cf7c0;  1 drivers
S_0x563683fa7030 .scope module, "sky130_fd_sc_hd__o2bb2a_1" "sky130_fd_sc_hd__o2bb2a_1" 2 101997;
 .timescale -9 -12;
    .port_info 0 /OUTPUT 1 "X";
    .port_info 1 /INPUT 1 "A1_N";
    .port_info 2 /INPUT 1 "A2_N";
    .port_info 3 /INPUT 1 "B1";
    .port_info 4 /INPUT 1 "B2";
o0x7f0afcff7158 .functor BUFZ 1, C4<z>; HiZ drive
o0x7f0afcff7128 .functor BUFZ 1, C4<z>; HiZ drive
L_0x5636849cf9e0 .functor NAND 1, o0x7f0afcff7158, o0x7f0afcff7128, C4<1>, C4<1>;
o0x7f0afcff71b8 .functor BUFZ 1, C4<z>; HiZ drive
o0x7f0afcff7188 .functor BUFZ 1, C4<z>; HiZ drive
L_0x5636849cfa80 .functor OR 1, o0x7f0afcff71b8, o0x7f0afcff7188, C4<0>, C4<0>;
L_0x5636849cfb80 .functor AND 1, L_0x5636849cf9e0, L_0x5636849cfa80, C4<1>, C4<1>;
L_0x5636849cfcc0 .functor BUF 1, L_0x5636849cfb80, C4<0>, C4<0>, C4<0>;
v0x563684932460_0 .net "A1_N", 0 0, o0x7f0afcff7128;  0 drivers
v0x563684932500_0 .net "A2_N", 0 0, o0x7f0afcff7158;  0 drivers
v0x5636849325a0_0 .net "B1", 0 0, o0x7f0afcff7188;  0 drivers
v0x563684932640_0 .net "B2", 0 0, o0x7f0afcff71b8;  0 drivers
L_0x563683fa36c0 .functor BUFT 1, C8<770>, C4<0>, C4<0>, C4<0>;
v0x5636849326e0_0 .net8 "VGND", 0 0, L_0x563683fa36c0;  1 drivers, strength-aware
L_0x563683fa34f0 .functor BUFT 1, C8<770>, C4<0>, C4<0>, C4<0>;
v0x563684932780_0 .net8 "VNB", 0 0, L_0x563683fa34f0;  1 drivers, strength-aware
L_0x563683fa0270 .functor BUFT 1, C8<771>, C4<0>, C4<0>, C4<0>;
v0x563684932820_0 .net8 "VPB", 0 0, L_0x563683fa0270;  1 drivers, strength-aware
L_0x563683fa03d0 .functor BUFT 1, C8<771>, C4<0>, C4<0>, C4<0>;
v0x5636849328c0_0 .net8 "VPWR", 0 0, L_0x563683fa03d0;  1 drivers, strength-aware
v0x563684932960_0 .net "X", 0 0, L_0x5636849cfcc0;  1 drivers
v0x563684932a90_0 .net "and0_out_X", 0 0, L_0x5636849cfb80;  1 drivers
v0x563684932b30_0 .net "nand0_out", 0 0, L_0x5636849cf9e0;  1 drivers
v0x563684932bd0_0 .net "or0_out", 0 0, L_0x5636849cfa80;  1 drivers
S_0x563683fa71c0 .scope module, "sky130_fd_sc_hd__o2bb2a_2" "sky130_fd_sc_hd__o2bb2a_2" 2 102369;
 .timescale -9 -12;
    .port_info 0 /OUTPUT 1 "X";
    .port_info 1 /INPUT 1 "A1_N";
    .port_info 2 /INPUT 1 "A2_N";
    .port_info 3 /INPUT 1 "B1";
    .port_info 4 /INPUT 1 "B2";
o0x7f0afcff7488 .functor BUFZ 1, C4<z>; HiZ drive
o0x7f0afcff7458 .functor BUFZ 1, C4<z>; HiZ drive
L_0x5636849cfd80 .functor NAND 1, o0x7f0afcff7488, o0x7f0afcff7458, C4<1>, C4<1>;
o0x7f0afcff74e8 .functor BUFZ 1, C4<z>; HiZ drive
o0x7f0afcff74b8 .functor BUFZ 1, C4<z>; HiZ drive
L_0x5636849cfe20 .functor OR 1, o0x7f0afcff74e8, o0x7f0afcff74b8, C4<0>, C4<0>;
L_0x5636849cff20 .functor AND 1, L_0x5636849cfd80, L_0x5636849cfe20, C4<1>, C4<1>;
L_0x5636849d0030 .functor BUF 1, L_0x5636849cff20, C4<0>, C4<0>, C4<0>;
v0x563684932c70_0 .net "A1_N", 0 0, o0x7f0afcff7458;  0 drivers
v0x563684932d10_0 .net "A2_N", 0 0, o0x7f0afcff7488;  0 drivers
v0x563684932db0_0 .net "B1", 0 0, o0x7f0afcff74b8;  0 drivers
v0x563684932e50_0 .net "B2", 0 0, o0x7f0afcff74e8;  0 drivers
L_0x563683fa0ac0 .functor BUFT 1, C8<770>, C4<0>, C4<0>, C4<0>;
v0x563684932ef0_0 .net8 "VGND", 0 0, L_0x563683fa0ac0;  1 drivers, strength-aware
L_0x563683f9ffb0 .functor BUFT 1, C8<770>, C4<0>, C4<0>, C4<0>;
v0x563684932f90_0 .net8 "VNB", 0 0, L_0x563683f9ffb0;  1 drivers, strength-aware
L_0x563683fa0e60 .functor BUFT 1, C8<771>, C4<0>, C4<0>, C4<0>;
v0x563684933030_0 .net8 "VPB", 0 0, L_0x563683fa0e60;  1 drivers, strength-aware
L_0x563683f9dcf0 .functor BUFT 1, C8<771>, C4<0>, C4<0>, C4<0>;
v0x5636849330d0_0 .net8 "VPWR", 0 0, L_0x563683f9dcf0;  1 drivers, strength-aware
v0x563684933170_0 .net "X", 0 0, L_0x5636849d0030;  1 drivers
v0x5636849332a0_0 .net "and0_out_X", 0 0, L_0x5636849cff20;  1 drivers
v0x563684933340_0 .net "nand0_out", 0 0, L_0x5636849cfd80;  1 drivers
v0x5636849333e0_0 .net "or0_out", 0 0, L_0x5636849cfe20;  1 drivers
S_0x563683fa7350 .scope module, "sky130_fd_sc_hd__o2bb2a_4" "sky130_fd_sc_hd__o2bb2a_4" 2 102741;
 .timescale -9 -12;
    .port_info 0 /OUTPUT 1 "X";
    .port_info 1 /INPUT 1 "A1_N";
    .port_info 2 /INPUT 1 "A2_N";
    .port_info 3 /INPUT 1 "B1";
    .port_info 4 /INPUT 1 "B2";
o0x7f0afcff77b8 .functor BUFZ 1, C4<z>; HiZ drive
o0x7f0afcff7788 .functor BUFZ 1, C4<z>; HiZ drive
L_0x5636849d0140 .functor NAND 1, o0x7f0afcff77b8, o0x7f0afcff7788, C4<1>, C4<1>;
o0x7f0afcff7818 .functor BUFZ 1, C4<z>; HiZ drive
o0x7f0afcff77e8 .functor BUFZ 1, C4<z>; HiZ drive
L_0x5636849d01e0 .functor OR 1, o0x7f0afcff7818, o0x7f0afcff77e8, C4<0>, C4<0>;
L_0x5636849d02e0 .functor AND 1, L_0x5636849d0140, L_0x5636849d01e0, C4<1>, C4<1>;
L_0x5636849d0420 .functor BUF 1, L_0x5636849d02e0, C4<0>, C4<0>, C4<0>;
v0x563684933480_0 .net "A1_N", 0 0, o0x7f0afcff7788;  0 drivers
v0x563684933520_0 .net "A2_N", 0 0, o0x7f0afcff77b8;  0 drivers
v0x5636849335c0_0 .net "B1", 0 0, o0x7f0afcff77e8;  0 drivers
v0x563684933660_0 .net "B2", 0 0, o0x7f0afcff7818;  0 drivers
L_0x563683f9dfb0 .functor BUFT 1, C8<770>, C4<0>, C4<0>, C4<0>;
v0x563684933700_0 .net8 "VGND", 0 0, L_0x563683f9dfb0;  1 drivers, strength-aware
L_0x563683f9e300 .functor BUFT 1, C8<770>, C4<0>, C4<0>, C4<0>;
v0x5636849337a0_0 .net8 "VNB", 0 0, L_0x563683f9e300;  1 drivers, strength-aware
L_0x563683f9e4d0 .functor BUFT 1, C8<771>, C4<0>, C4<0>, C4<0>;
v0x563684933840_0 .net8 "VPB", 0 0, L_0x563683f9e4d0;  1 drivers, strength-aware
L_0x563683f9e110 .functor BUFT 1, C8<771>, C4<0>, C4<0>, C4<0>;
v0x5636849338e0_0 .net8 "VPWR", 0 0, L_0x563683f9e110;  1 drivers, strength-aware
v0x563684933980_0 .net "X", 0 0, L_0x5636849d0420;  1 drivers
v0x563684933ab0_0 .net "and0_out_X", 0 0, L_0x5636849d02e0;  1 drivers
v0x563684933b50_0 .net "nand0_out", 0 0, L_0x5636849d0140;  1 drivers
v0x563684933bf0_0 .net "or0_out", 0 0, L_0x5636849d01e0;  1 drivers
S_0x563683fa9920 .scope module, "sky130_fd_sc_hd__o2bb2ai_1" "sky130_fd_sc_hd__o2bb2ai_1" 2 103113;
 .timescale -9 -12;
    .port_info 0 /OUTPUT 1 "Y";
    .port_info 1 /INPUT 1 "A1_N";
    .port_info 2 /INPUT 1 "A2_N";
    .port_info 3 /INPUT 1 "B1";
    .port_info 4 /INPUT 1 "B2";
o0x7f0afcff7ae8 .functor BUFZ 1, C4<z>; HiZ drive
o0x7f0afcff7ab8 .functor BUFZ 1, C4<z>; HiZ drive
L_0x5636849d04e0 .functor NAND 1, o0x7f0afcff7ae8, o0x7f0afcff7ab8, C4<1>, C4<1>;
o0x7f0afcff7b48 .functor BUFZ 1, C4<z>; HiZ drive
o0x7f0afcff7b18 .functor BUFZ 1, C4<z>; HiZ drive
L_0x5636849d0580 .functor OR 1, o0x7f0afcff7b48, o0x7f0afcff7b18, C4<0>, C4<0>;
L_0x5636849d0680 .functor NAND 1, L_0x5636849d04e0, L_0x5636849d0580, C4<1>, C4<1>;
L_0x5636849d0790 .functor BUF 1, L_0x5636849d0680, C4<0>, C4<0>, C4<0>;
v0x563684933c90_0 .net "A1_N", 0 0, o0x7f0afcff7ab8;  0 drivers
v0x563684933d30_0 .net "A2_N", 0 0, o0x7f0afcff7ae8;  0 drivers
v0x563684933dd0_0 .net "B1", 0 0, o0x7f0afcff7b18;  0 drivers
v0x563684933e70_0 .net "B2", 0 0, o0x7f0afcff7b48;  0 drivers
L_0x563683f9e870 .functor BUFT 1, C8<770>, C4<0>, C4<0>, C4<0>;
v0x563684933f10_0 .net8 "VGND", 0 0, L_0x563683f9e870;  1 drivers, strength-aware
L_0x563683f9ba40 .functor BUFT 1, C8<770>, C4<0>, C4<0>, C4<0>;
v0x563684933fb0_0 .net8 "VNB", 0 0, L_0x563683f9ba40;  1 drivers, strength-aware
L_0x563683f9bba0 .functor BUFT 1, C8<771>, C4<0>, C4<0>, C4<0>;
v0x563684934050_0 .net8 "VPB", 0 0, L_0x563683f9bba0;  1 drivers, strength-aware
L_0x563683f9c290 .functor BUFT 1, C8<771>, C4<0>, C4<0>, C4<0>;
v0x5636849340f0_0 .net8 "VPWR", 0 0, L_0x563683f9c290;  1 drivers, strength-aware
v0x563684934190_0 .net "Y", 0 0, L_0x5636849d0790;  1 drivers
v0x5636849342c0_0 .net "nand0_out", 0 0, L_0x5636849d04e0;  1 drivers
v0x563684934360_0 .net "nand1_out_Y", 0 0, L_0x5636849d0680;  1 drivers
v0x563684934400_0 .net "or0_out", 0 0, L_0x5636849d0580;  1 drivers
S_0x563683fa9ab0 .scope module, "sky130_fd_sc_hd__o2bb2ai_2" "sky130_fd_sc_hd__o2bb2ai_2" 2 103485;
 .timescale -9 -12;
    .port_info 0 /OUTPUT 1 "Y";
    .port_info 1 /INPUT 1 "A1_N";
    .port_info 2 /INPUT 1 "A2_N";
    .port_info 3 /INPUT 1 "B1";
    .port_info 4 /INPUT 1 "B2";
o0x7f0afcff7e18 .functor BUFZ 1, C4<z>; HiZ drive
o0x7f0afcff7de8 .functor BUFZ 1, C4<z>; HiZ drive
L_0x5636849d08a0 .functor NAND 1, o0x7f0afcff7e18, o0x7f0afcff7de8, C4<1>, C4<1>;
o0x7f0afcff7e78 .functor BUFZ 1, C4<z>; HiZ drive
o0x7f0afcff7e48 .functor BUFZ 1, C4<z>; HiZ drive
L_0x5636849d0940 .functor OR 1, o0x7f0afcff7e78, o0x7f0afcff7e48, C4<0>, C4<0>;
L_0x5636849d0a40 .functor NAND 1, L_0x5636849d08a0, L_0x5636849d0940, C4<1>, C4<1>;
L_0x5636849d0b80 .functor BUF 1, L_0x5636849d0a40, C4<0>, C4<0>, C4<0>;
v0x5636849344a0_0 .net "A1_N", 0 0, o0x7f0afcff7de8;  0 drivers
v0x563684934540_0 .net "A2_N", 0 0, o0x7f0afcff7e18;  0 drivers
v0x5636849345e0_0 .net "B1", 0 0, o0x7f0afcff7e48;  0 drivers
v0x563684934680_0 .net "B2", 0 0, o0x7f0afcff7e78;  0 drivers
L_0x563683f9bd00 .functor BUFT 1, C8<770>, C4<0>, C4<0>, C4<0>;
v0x563684934720_0 .net8 "VGND", 0 0, L_0x563683f9bd00;  1 drivers, strength-aware
L_0x563683f9b780 .functor BUFT 1, C8<770>, C4<0>, C4<0>, C4<0>;
v0x5636849347c0_0 .net8 "VNB", 0 0, L_0x563683f9b780;  1 drivers, strength-aware
L_0x563683f994d0 .functor BUFT 1, C8<771>, C4<0>, C4<0>, C4<0>;
v0x563684934860_0 .net8 "VPB", 0 0, L_0x563683f994d0;  1 drivers, strength-aware
L_0x563683f99630 .functor BUFT 1, C8<771>, C4<0>, C4<0>, C4<0>;
v0x563684934900_0 .net8 "VPWR", 0 0, L_0x563683f99630;  1 drivers, strength-aware
v0x5636849349a0_0 .net "Y", 0 0, L_0x5636849d0b80;  1 drivers
v0x563684934ad0_0 .net "nand0_out", 0 0, L_0x5636849d08a0;  1 drivers
v0x563684934b70_0 .net "nand1_out_Y", 0 0, L_0x5636849d0a40;  1 drivers
v0x563684934c10_0 .net "or0_out", 0 0, L_0x5636849d0940;  1 drivers
S_0x563683fa9c40 .scope module, "sky130_fd_sc_hd__o2bb2ai_4" "sky130_fd_sc_hd__o2bb2ai_4" 2 103857;
 .timescale -9 -12;
    .port_info 0 /OUTPUT 1 "Y";
    .port_info 1 /INPUT 1 "A1_N";
    .port_info 2 /INPUT 1 "A2_N";
    .port_info 3 /INPUT 1 "B1";
    .port_info 4 /INPUT 1 "B2";
o0x7f0afcff8148 .functor BUFZ 1, C4<z>; HiZ drive
o0x7f0afcff8118 .functor BUFZ 1, C4<z>; HiZ drive
L_0x5636849d0c40 .functor NAND 1, o0x7f0afcff8148, o0x7f0afcff8118, C4<1>, C4<1>;
o0x7f0afcff81a8 .functor BUFZ 1, C4<z>; HiZ drive
o0x7f0afcff8178 .functor BUFZ 1, C4<z>; HiZ drive
L_0x5636849d0ce0 .functor OR 1, o0x7f0afcff81a8, o0x7f0afcff8178, C4<0>, C4<0>;
L_0x5636849d0de0 .functor NAND 1, L_0x5636849d0c40, L_0x5636849d0ce0, C4<1>, C4<1>;
L_0x5636849d0ef0 .functor BUF 1, L_0x5636849d0de0, C4<0>, C4<0>, C4<0>;
v0x563684934cb0_0 .net "A1_N", 0 0, o0x7f0afcff8118;  0 drivers
v0x563684934d50_0 .net "A2_N", 0 0, o0x7f0afcff8148;  0 drivers
v0x563684934df0_0 .net "B1", 0 0, o0x7f0afcff8178;  0 drivers
v0x563684934e90_0 .net "B2", 0 0, o0x7f0afcff81a8;  0 drivers
L_0x563683f99ae0 .functor BUFT 1, C8<770>, C4<0>, C4<0>, C4<0>;
v0x563684934f30_0 .net8 "VGND", 0 0, L_0x563683f99ae0;  1 drivers, strength-aware
L_0x563683f99cb0 .functor BUFT 1, C8<770>, C4<0>, C4<0>, C4<0>;
v0x563684934fd0_0 .net8 "VNB", 0 0, L_0x563683f99cb0;  1 drivers, strength-aware
L_0x563683f998f0 .functor BUFT 1, C8<771>, C4<0>, C4<0>, C4<0>;
v0x563684935070_0 .net8 "VPB", 0 0, L_0x563683f998f0;  1 drivers, strength-aware
L_0x563683f9a050 .functor BUFT 1, C8<771>, C4<0>, C4<0>, C4<0>;
v0x563684935110_0 .net8 "VPWR", 0 0, L_0x563683f9a050;  1 drivers, strength-aware
v0x5636849351b0_0 .net "Y", 0 0, L_0x5636849d0ef0;  1 drivers
v0x5636849352e0_0 .net "nand0_out", 0 0, L_0x5636849d0c40;  1 drivers
v0x563684935380_0 .net "nand1_out_Y", 0 0, L_0x5636849d0de0;  1 drivers
v0x563684935420_0 .net "or0_out", 0 0, L_0x5636849d0ce0;  1 drivers
S_0x563683fac220 .scope module, "sky130_fd_sc_hd__o311a_1" "sky130_fd_sc_hd__o311a_1" 2 122378;
 .timescale -9 -12;
    .port_info 0 /OUTPUT 1 "X";
    .port_info 1 /INPUT 1 "A1";
    .port_info 2 /INPUT 1 "A2";
    .port_info 3 /INPUT 1 "A3";
    .port_info 4 /INPUT 1 "B1";
    .port_info 5 /INPUT 1 "C1";
o0x7f0afcff8478 .functor BUFZ 1, C4<z>; HiZ drive
o0x7f0afcff8448 .functor BUFZ 1, C4<z>; HiZ drive
o0x7f0afcff84a8 .functor BUFZ 1, C4<z>; HiZ drive
L_0x5636849d1000 .functor OR 1, o0x7f0afcff8478, o0x7f0afcff8448, o0x7f0afcff84a8, C4<0>;
o0x7f0afcff84d8 .functor BUFZ 1, C4<z>; HiZ drive
o0x7f0afcff8508 .functor BUFZ 1, C4<z>; HiZ drive
L_0x5636849d1100 .functor AND 1, L_0x5636849d1000, o0x7f0afcff84d8, o0x7f0afcff8508, C4<1>;
L_0x5636849d1250 .functor BUF 1, L_0x5636849d1100, C4<0>, C4<0>, C4<0>;
v0x5636849354c0_0 .net "A1", 0 0, o0x7f0afcff8448;  0 drivers
v0x563684935560_0 .net "A2", 0 0, o0x7f0afcff8478;  0 drivers
v0x563684935600_0 .net "A3", 0 0, o0x7f0afcff84a8;  0 drivers
v0x5636849356a0_0 .net "B1", 0 0, o0x7f0afcff84d8;  0 drivers
v0x563684935740_0 .net "C1", 0 0, o0x7f0afcff8508;  0 drivers
L_0x563683f971f0 .functor BUFT 1, C8<770>, C4<0>, C4<0>, C4<0>;
v0x5636849357e0_0 .net8 "VGND", 0 0, L_0x563683f971f0;  1 drivers, strength-aware
L_0x563683f97540 .functor BUFT 1, C8<770>, C4<0>, C4<0>, C4<0>;
v0x563684935880_0 .net8 "VNB", 0 0, L_0x563683f97540;  1 drivers, strength-aware
L_0x563683f97710 .functor BUFT 1, C8<771>, C4<0>, C4<0>, C4<0>;
v0x563684935920_0 .net8 "VPB", 0 0, L_0x563683f97710;  1 drivers, strength-aware
L_0x563683f96f30 .functor BUFT 1, C8<771>, C4<0>, C4<0>, C4<0>;
v0x5636849359c0_0 .net8 "VPWR", 0 0, L_0x563683f96f30;  1 drivers, strength-aware
v0x563684935af0_0 .net "X", 0 0, L_0x5636849d1250;  1 drivers
v0x563684935b90_0 .net "and0_out_X", 0 0, L_0x5636849d1100;  1 drivers
v0x563684935c30_0 .net "or0_out", 0 0, L_0x5636849d1000;  1 drivers
S_0x563683fac3b0 .scope module, "sky130_fd_sc_hd__o311a_2" "sky130_fd_sc_hd__o311a_2" 2 122760;
 .timescale -9 -12;
    .port_info 0 /OUTPUT 1 "X";
    .port_info 1 /INPUT 1 "A1";
    .port_info 2 /INPUT 1 "A2";
    .port_info 3 /INPUT 1 "A3";
    .port_info 4 /INPUT 1 "B1";
    .port_info 5 /INPUT 1 "C1";
o0x7f0afcff87d8 .functor BUFZ 1, C4<z>; HiZ drive
o0x7f0afcff87a8 .functor BUFZ 1, C4<z>; HiZ drive
o0x7f0afcff8808 .functor BUFZ 1, C4<z>; HiZ drive
L_0x5636849d1340 .functor OR 1, o0x7f0afcff87d8, o0x7f0afcff87a8, o0x7f0afcff8808, C4<0>;
o0x7f0afcff8838 .functor BUFZ 1, C4<z>; HiZ drive
o0x7f0afcff8868 .functor BUFZ 1, C4<z>; HiZ drive
L_0x5636849d1470 .functor AND 1, L_0x5636849d1340, o0x7f0afcff8838, o0x7f0afcff8868, C4<1>;
L_0x5636849d15c0 .functor BUF 1, L_0x5636849d1470, C4<0>, C4<0>, C4<0>;
v0x563684935cd0_0 .net "A1", 0 0, o0x7f0afcff87a8;  0 drivers
v0x563684935d70_0 .net "A2", 0 0, o0x7f0afcff87d8;  0 drivers
v0x563684935e10_0 .net "A3", 0 0, o0x7f0afcff8808;  0 drivers
v0x563684935eb0_0 .net "B1", 0 0, o0x7f0afcff8838;  0 drivers
v0x563684935f50_0 .net "C1", 0 0, o0x7f0afcff8868;  0 drivers
L_0x563683f97ab0 .functor BUFT 1, C8<770>, C4<0>, C4<0>, C4<0>;
v0x563684935ff0_0 .net8 "VGND", 0 0, L_0x563683f97ab0;  1 drivers, strength-aware
L_0x563683f94ea0 .functor BUFT 1, C8<770>, C4<0>, C4<0>, C4<0>;
v0x563684936090_0 .net8 "VNB", 0 0, L_0x563683f94ea0;  1 drivers, strength-aware
L_0x563683f951f0 .functor BUFT 1, C8<771>, C4<0>, C4<0>, C4<0>;
v0x563684936130_0 .net8 "VPB", 0 0, L_0x563683f951f0;  1 drivers, strength-aware
L_0x563683f953c0 .functor BUFT 1, C8<771>, C4<0>, C4<0>, C4<0>;
v0x5636849361d0_0 .net8 "VPWR", 0 0, L_0x563683f953c0;  1 drivers, strength-aware
v0x563684936300_0 .net "X", 0 0, L_0x5636849d15c0;  1 drivers
v0x5636849363a0_0 .net "and0_out_X", 0 0, L_0x5636849d1470;  1 drivers
v0x563684936440_0 .net "or0_out", 0 0, L_0x5636849d1340;  1 drivers
S_0x563683fac540 .scope module, "sky130_fd_sc_hd__o311a_4" "sky130_fd_sc_hd__o311a_4" 2 123142;
 .timescale -9 -12;
    .port_info 0 /OUTPUT 1 "X";
    .port_info 1 /INPUT 1 "A1";
    .port_info 2 /INPUT 1 "A2";
    .port_info 3 /INPUT 1 "A3";
    .port_info 4 /INPUT 1 "B1";
    .port_info 5 /INPUT 1 "C1";
o0x7f0afcff8b38 .functor BUFZ 1, C4<z>; HiZ drive
o0x7f0afcff8b08 .functor BUFZ 1, C4<z>; HiZ drive
o0x7f0afcff8b68 .functor BUFZ 1, C4<z>; HiZ drive
L_0x5636849d1680 .functor OR 1, o0x7f0afcff8b38, o0x7f0afcff8b08, o0x7f0afcff8b68, C4<0>;
o0x7f0afcff8b98 .functor BUFZ 1, C4<z>; HiZ drive
o0x7f0afcff8bc8 .functor BUFZ 1, C4<z>; HiZ drive
L_0x5636849d17b0 .functor AND 1, L_0x5636849d1680, o0x7f0afcff8b98, o0x7f0afcff8bc8, C4<1>;
L_0x5636849d1900 .functor BUF 1, L_0x5636849d17b0, C4<0>, C4<0>, C4<0>;
v0x5636849364e0_0 .net "A1", 0 0, o0x7f0afcff8b08;  0 drivers
v0x563684936580_0 .net "A2", 0 0, o0x7f0afcff8b38;  0 drivers
v0x563684936620_0 .net "A3", 0 0, o0x7f0afcff8b68;  0 drivers
v0x5636849366c0_0 .net "B1", 0 0, o0x7f0afcff8b98;  0 drivers
v0x563684936760_0 .net "C1", 0 0, o0x7f0afcff8bc8;  0 drivers
L_0x563683f95930 .functor BUFT 1, C8<770>, C4<0>, C4<0>, C4<0>;
v0x563684936800_0 .net8 "VGND", 0 0, L_0x563683f95930;  1 drivers, strength-aware
L_0x563683f95760 .functor BUFT 1, C8<770>, C4<0>, C4<0>, C4<0>;
v0x5636849368a0_0 .net8 "VNB", 0 0, L_0x563683f95760;  1 drivers, strength-aware
L_0x563683f92b50 .functor BUFT 1, C8<771>, C4<0>, C4<0>, C4<0>;
v0x563684936940_0 .net8 "VPB", 0 0, L_0x563683f92b50;  1 drivers, strength-aware
L_0x563683f92ea0 .functor BUFT 1, C8<771>, C4<0>, C4<0>, C4<0>;
v0x5636849369e0_0 .net8 "VPWR", 0 0, L_0x563683f92ea0;  1 drivers, strength-aware
v0x563684936b10_0 .net "X", 0 0, L_0x5636849d1900;  1 drivers
v0x563684936bb0_0 .net "and0_out_X", 0 0, L_0x5636849d17b0;  1 drivers
v0x563684936c50_0 .net "or0_out", 0 0, L_0x5636849d1680;  1 drivers
S_0x563683faeb50 .scope module, "sky130_fd_sc_hd__o311ai_0" "sky130_fd_sc_hd__o311ai_0" 2 123524;
 .timescale -9 -12;
    .port_info 0 /OUTPUT 1 "Y";
    .port_info 1 /INPUT 1 "A1";
    .port_info 2 /INPUT 1 "A2";
    .port_info 3 /INPUT 1 "A3";
    .port_info 4 /INPUT 1 "B1";
    .port_info 5 /INPUT 1 "C1";
o0x7f0afcff8e98 .functor BUFZ 1, C4<z>; HiZ drive
o0x7f0afcff8e68 .functor BUFZ 1, C4<z>; HiZ drive
o0x7f0afcff8ec8 .functor BUFZ 1, C4<z>; HiZ drive
L_0x5636849d19f0 .functor OR 1, o0x7f0afcff8e98, o0x7f0afcff8e68, o0x7f0afcff8ec8, C4<0>;
o0x7f0afcff8f28 .functor BUFZ 1, C4<z>; HiZ drive
o0x7f0afcff8ef8 .functor BUFZ 1, C4<z>; HiZ drive
L_0x5636849d1b20 .functor NAND 1, o0x7f0afcff8f28, L_0x5636849d19f0, o0x7f0afcff8ef8, C4<1>;
L_0x5636849d1cb0 .functor BUF 1, L_0x5636849d1b20, C4<0>, C4<0>, C4<0>;
v0x563684936cf0_0 .net "A1", 0 0, o0x7f0afcff8e68;  0 drivers
v0x563684936d90_0 .net "A2", 0 0, o0x7f0afcff8e98;  0 drivers
v0x563684936e30_0 .net "A3", 0 0, o0x7f0afcff8ec8;  0 drivers
v0x563684936ed0_0 .net "B1", 0 0, o0x7f0afcff8ef8;  0 drivers
v0x563684936f70_0 .net "C1", 0 0, o0x7f0afcff8f28;  0 drivers
L_0x563683f93070 .functor BUFT 1, C8<770>, C4<0>, C4<0>, C4<0>;
v0x563684937010_0 .net8 "VGND", 0 0, L_0x563683f93070;  1 drivers, strength-aware
L_0x563683f935e0 .functor BUFT 1, C8<770>, C4<0>, C4<0>, C4<0>;
v0x5636849370b0_0 .net8 "VNB", 0 0, L_0x563683f935e0;  1 drivers, strength-aware
L_0x563683f93410 .functor BUFT 1, C8<771>, C4<0>, C4<0>, C4<0>;
v0x563684937150_0 .net8 "VPB", 0 0, L_0x563683f93410;  1 drivers, strength-aware
L_0x563683f90c40 .functor BUFT 1, C8<771>, C4<0>, C4<0>, C4<0>;
v0x5636849371f0_0 .net8 "VPWR", 0 0, L_0x563683f90c40;  1 drivers, strength-aware
v0x563684937320_0 .net "Y", 0 0, L_0x5636849d1cb0;  1 drivers
v0x5636849373c0_0 .net "nand0_out_Y", 0 0, L_0x5636849d1b20;  1 drivers
v0x563684937460_0 .net "or0_out", 0 0, L_0x5636849d19f0;  1 drivers
S_0x563683faece0 .scope module, "sky130_fd_sc_hd__o311ai_1" "sky130_fd_sc_hd__o311ai_1" 2 123906;
 .timescale -9 -12;
    .port_info 0 /OUTPUT 1 "Y";
    .port_info 1 /INPUT 1 "A1";
    .port_info 2 /INPUT 1 "A2";
    .port_info 3 /INPUT 1 "A3";
    .port_info 4 /INPUT 1 "B1";
    .port_info 5 /INPUT 1 "C1";
o0x7f0afcff91f8 .functor BUFZ 1, C4<z>; HiZ drive
o0x7f0afcff91c8 .functor BUFZ 1, C4<z>; HiZ drive
o0x7f0afcff9228 .functor BUFZ 1, C4<z>; HiZ drive
L_0x5636849d1d70 .functor OR 1, o0x7f0afcff91f8, o0x7f0afcff91c8, o0x7f0afcff9228, C4<0>;
o0x7f0afcff9288 .functor BUFZ 1, C4<z>; HiZ drive
o0x7f0afcff9258 .functor BUFZ 1, C4<z>; HiZ drive
L_0x5636849d1ea0 .functor NAND 1, o0x7f0afcff9288, L_0x5636849d1d70, o0x7f0afcff9258, C4<1>;
L_0x5636849d1ff0 .functor BUF 1, L_0x5636849d1ea0, C4<0>, C4<0>, C4<0>;
v0x563684937500_0 .net "A1", 0 0, o0x7f0afcff91c8;  0 drivers
v0x5636849375a0_0 .net "A2", 0 0, o0x7f0afcff91f8;  0 drivers
v0x563684937640_0 .net "A3", 0 0, o0x7f0afcff9228;  0 drivers
v0x5636849376e0_0 .net "B1", 0 0, o0x7f0afcff9258;  0 drivers
v0x563684937780_0 .net "C1", 0 0, o0x7f0afcff9288;  0 drivers
L_0x563683f91330 .functor BUFT 1, C8<770>, C4<0>, C4<0>, C4<0>;
v0x563684937820_0 .net8 "VGND", 0 0, L_0x563683f91330;  1 drivers, strength-aware
L_0x563683f91160 .functor BUFT 1, C8<770>, C4<0>, C4<0>, C4<0>;
v0x5636849378c0_0 .net8 "VNB", 0 0, L_0x563683f91160;  1 drivers, strength-aware
L_0x563683f90980 .functor BUFT 1, C8<771>, C4<0>, C4<0>, C4<0>;
v0x563684937960_0 .net8 "VPB", 0 0, L_0x563683f90980;  1 drivers, strength-aware
L_0x563683f91500 .functor BUFT 1, C8<771>, C4<0>, C4<0>, C4<0>;
v0x563684937a00_0 .net8 "VPWR", 0 0, L_0x563683f91500;  1 drivers, strength-aware
v0x563684937b30_0 .net "Y", 0 0, L_0x5636849d1ff0;  1 drivers
v0x563684937bd0_0 .net "nand0_out_Y", 0 0, L_0x5636849d1ea0;  1 drivers
v0x563684937c70_0 .net "or0_out", 0 0, L_0x5636849d1d70;  1 drivers
S_0x563683faee70 .scope module, "sky130_fd_sc_hd__o311ai_2" "sky130_fd_sc_hd__o311ai_2" 2 124288;
 .timescale -9 -12;
    .port_info 0 /OUTPUT 1 "Y";
    .port_info 1 /INPUT 1 "A1";
    .port_info 2 /INPUT 1 "A2";
    .port_info 3 /INPUT 1 "A3";
    .port_info 4 /INPUT 1 "B1";
    .port_info 5 /INPUT 1 "C1";
o0x7f0afcff9558 .functor BUFZ 1, C4<z>; HiZ drive
o0x7f0afcff9528 .functor BUFZ 1, C4<z>; HiZ drive
o0x7f0afcff9588 .functor BUFZ 1, C4<z>; HiZ drive
L_0x5636849d20e0 .functor OR 1, o0x7f0afcff9558, o0x7f0afcff9528, o0x7f0afcff9588, C4<0>;
o0x7f0afcff95e8 .functor BUFZ 1, C4<z>; HiZ drive
o0x7f0afcff95b8 .functor BUFZ 1, C4<z>; HiZ drive
L_0x5636849d2210 .functor NAND 1, o0x7f0afcff95e8, L_0x5636849d20e0, o0x7f0afcff95b8, C4<1>;
L_0x5636849d23a0 .functor BUF 1, L_0x5636849d2210, C4<0>, C4<0>, C4<0>;
v0x563684937d10_0 .net "A1", 0 0, o0x7f0afcff9528;  0 drivers
v0x563684937db0_0 .net "A2", 0 0, o0x7f0afcff9558;  0 drivers
v0x563684937e50_0 .net "A3", 0 0, o0x7f0afcff9588;  0 drivers
v0x563684937ef0_0 .net "B1", 0 0, o0x7f0afcff95b8;  0 drivers
v0x563684937f90_0 .net "C1", 0 0, o0x7f0afcff95e8;  0 drivers
L_0x563683f8ed40 .functor BUFT 1, C8<770>, C4<0>, C4<0>, C4<0>;
v0x563684938030_0 .net8 "VGND", 0 0, L_0x563683f8ed40;  1 drivers, strength-aware
L_0x563683f8f430 .functor BUFT 1, C8<770>, C4<0>, C4<0>, C4<0>;
v0x5636849380d0_0 .net8 "VNB", 0 0, L_0x563683f8f430;  1 drivers, strength-aware
L_0x563683f8f260 .functor BUFT 1, C8<771>, C4<0>, C4<0>, C4<0>;
v0x563684938170_0 .net8 "VPB", 0 0, L_0x563683f8f260;  1 drivers, strength-aware
L_0x563683f8ea80 .functor BUFT 1, C8<771>, C4<0>, C4<0>, C4<0>;
v0x563684938210_0 .net8 "VPWR", 0 0, L_0x563683f8ea80;  1 drivers, strength-aware
v0x563684938340_0 .net "Y", 0 0, L_0x5636849d23a0;  1 drivers
v0x5636849383e0_0 .net "nand0_out_Y", 0 0, L_0x5636849d2210;  1 drivers
v0x563684938480_0 .net "or0_out", 0 0, L_0x5636849d20e0;  1 drivers
S_0x563683fb1880 .scope module, "sky130_fd_sc_hd__o311ai_4" "sky130_fd_sc_hd__o311ai_4" 2 124670;
 .timescale -9 -12;
    .port_info 0 /OUTPUT 1 "Y";
    .port_info 1 /INPUT 1 "A1";
    .port_info 2 /INPUT 1 "A2";
    .port_info 3 /INPUT 1 "A3";
    .port_info 4 /INPUT 1 "B1";
    .port_info 5 /INPUT 1 "C1";
o0x7f0afcff98b8 .functor BUFZ 1, C4<z>; HiZ drive
o0x7f0afcff9888 .functor BUFZ 1, C4<z>; HiZ drive
o0x7f0afcff98e8 .functor BUFZ 1, C4<z>; HiZ drive
L_0x5636849d2460 .functor OR 1, o0x7f0afcff98b8, o0x7f0afcff9888, o0x7f0afcff98e8, C4<0>;
o0x7f0afcff9948 .functor BUFZ 1, C4<z>; HiZ drive
o0x7f0afcff9918 .functor BUFZ 1, C4<z>; HiZ drive
L_0x5636849d2590 .functor NAND 1, o0x7f0afcff9948, L_0x5636849d2460, o0x7f0afcff9918, C4<1>;
L_0x5636849d26e0 .functor BUF 1, L_0x5636849d2590, C4<0>, C4<0>, C4<0>;
v0x563684938520_0 .net "A1", 0 0, o0x7f0afcff9888;  0 drivers
v0x5636849385c0_0 .net "A2", 0 0, o0x7f0afcff98b8;  0 drivers
v0x563684938660_0 .net "A3", 0 0, o0x7f0afcff98e8;  0 drivers
v0x563684938700_0 .net "B1", 0 0, o0x7f0afcff9918;  0 drivers
v0x5636849387a0_0 .net "C1", 0 0, o0x7f0afcff9948;  0 drivers
L_0x563683f8cce0 .functor BUFT 1, C8<770>, C4<0>, C4<0>, C4<0>;
v0x563684938840_0 .net8 "VGND", 0 0, L_0x563683f8cce0;  1 drivers, strength-aware
L_0x563683f8ce40 .functor BUFT 1, C8<770>, C4<0>, C4<0>, C4<0>;
v0x5636849388e0_0 .net8 "VNB", 0 0, L_0x563683f8ce40;  1 drivers, strength-aware
L_0x563683f8d530 .functor BUFT 1, C8<771>, C4<0>, C4<0>, C4<0>;
v0x563684938980_0 .net8 "VPB", 0 0, L_0x563683f8d530;  1 drivers, strength-aware
L_0x563683f8d360 .functor BUFT 1, C8<771>, C4<0>, C4<0>, C4<0>;
v0x563684938a20_0 .net8 "VPWR", 0 0, L_0x563683f8d360;  1 drivers, strength-aware
v0x563684938b50_0 .net "Y", 0 0, L_0x5636849d26e0;  1 drivers
v0x563684938bf0_0 .net "nand0_out_Y", 0 0, L_0x5636849d2590;  1 drivers
v0x563684938c90_0 .net "or0_out", 0 0, L_0x5636849d2460;  1 drivers
S_0x563683fb1a10 .scope module, "sky130_fd_sc_hd__o31a_1" "sky130_fd_sc_hd__o31a_1" 2 110953;
 .timescale -9 -12;
    .port_info 0 /OUTPUT 1 "X";
    .port_info 1 /INPUT 1 "A1";
    .port_info 2 /INPUT 1 "A2";
    .port_info 3 /INPUT 1 "A3";
    .port_info 4 /INPUT 1 "B1";
o0x7f0afcff9c18 .functor BUFZ 1, C4<z>; HiZ drive
o0x7f0afcff9be8 .functor BUFZ 1, C4<z>; HiZ drive
o0x7f0afcff9c48 .functor BUFZ 1, C4<z>; HiZ drive
L_0x5636849d27d0 .functor OR 1, o0x7f0afcff9c18, o0x7f0afcff9be8, o0x7f0afcff9c48, C4<0>;
o0x7f0afcff9c78 .functor BUFZ 1, C4<z>; HiZ drive
L_0x5636849d2900 .functor AND 1, L_0x5636849d27d0, o0x7f0afcff9c78, C4<1>, C4<1>;
L_0x5636849d2a30 .functor BUF 1, L_0x5636849d2900, C4<0>, C4<0>, C4<0>;
v0x563684938d30_0 .net "A1", 0 0, o0x7f0afcff9be8;  0 drivers
v0x563684938dd0_0 .net "A2", 0 0, o0x7f0afcff9c18;  0 drivers
v0x563684938e70_0 .net "A3", 0 0, o0x7f0afcff9c48;  0 drivers
v0x563684938f10_0 .net "B1", 0 0, o0x7f0afcff9c78;  0 drivers
L_0x563683f8cb80 .functor BUFT 1, C8<770>, C4<0>, C4<0>, C4<0>;
v0x563684938fb0_0 .net8 "VGND", 0 0, L_0x563683f8cb80;  1 drivers, strength-aware
L_0x563683f8ade0 .functor BUFT 1, C8<770>, C4<0>, C4<0>, C4<0>;
v0x563684939050_0 .net8 "VNB", 0 0, L_0x563683f8ade0;  1 drivers, strength-aware
L_0x563683f8af40 .functor BUFT 1, C8<771>, C4<0>, C4<0>, C4<0>;
v0x5636849390f0_0 .net8 "VPB", 0 0, L_0x563683f8af40;  1 drivers, strength-aware
L_0x563683f8b630 .functor BUFT 1, C8<771>, C4<0>, C4<0>, C4<0>;
v0x563684939190_0 .net8 "VPWR", 0 0, L_0x563683f8b630;  1 drivers, strength-aware
v0x563684939230_0 .net "X", 0 0, L_0x5636849d2a30;  1 drivers
v0x563684939360_0 .net "and0_out_X", 0 0, L_0x5636849d2900;  1 drivers
v0x563684939400_0 .net "or0_out", 0 0, L_0x5636849d27d0;  1 drivers
S_0x563683fb1ba0 .scope module, "sky130_fd_sc_hd__o31a_2" "sky130_fd_sc_hd__o31a_2" 2 111313;
 .timescale -9 -12;
    .port_info 0 /OUTPUT 1 "X";
    .port_info 1 /INPUT 1 "A1";
    .port_info 2 /INPUT 1 "A2";
    .port_info 3 /INPUT 1 "A3";
    .port_info 4 /INPUT 1 "B1";
o0x7f0afcff9f18 .functor BUFZ 1, C4<z>; HiZ drive
o0x7f0afcff9ee8 .functor BUFZ 1, C4<z>; HiZ drive
o0x7f0afcff9f48 .functor BUFZ 1, C4<z>; HiZ drive
L_0x5636849d2af0 .functor OR 1, o0x7f0afcff9f18, o0x7f0afcff9ee8, o0x7f0afcff9f48, C4<0>;
o0x7f0afcff9f78 .functor BUFZ 1, C4<z>; HiZ drive
L_0x5636849d2c20 .functor AND 1, L_0x5636849d2af0, o0x7f0afcff9f78, C4<1>, C4<1>;
L_0x5636849d2d10 .functor BUF 1, L_0x5636849d2c20, C4<0>, C4<0>, C4<0>;
v0x5636849394a0_0 .net "A1", 0 0, o0x7f0afcff9ee8;  0 drivers
v0x563684939540_0 .net "A2", 0 0, o0x7f0afcff9f18;  0 drivers
v0x5636849395e0_0 .net "A3", 0 0, o0x7f0afcff9f48;  0 drivers
v0x563684939680_0 .net "B1", 0 0, o0x7f0afcff9f78;  0 drivers
L_0x563683f8b0a0 .functor BUFT 1, C8<770>, C4<0>, C4<0>, C4<0>;
v0x563684939720_0 .net8 "VGND", 0 0, L_0x563683f8b0a0;  1 drivers, strength-aware
L_0x563683f8ac80 .functor BUFT 1, C8<770>, C4<0>, C4<0>, C4<0>;
v0x5636849397c0_0 .net8 "VNB", 0 0, L_0x563683f8ac80;  1 drivers, strength-aware
L_0x563683eb2fe0 .functor BUFT 1, C8<771>, C4<0>, C4<0>, C4<0>;
v0x563684939860_0 .net8 "VPB", 0 0, L_0x563683eb2fe0;  1 drivers, strength-aware
L_0x563683eb3140 .functor BUFT 1, C8<771>, C4<0>, C4<0>, C4<0>;
v0x563684939900_0 .net8 "VPWR", 0 0, L_0x563683eb3140;  1 drivers, strength-aware
v0x5636849399a0_0 .net "X", 0 0, L_0x5636849d2d10;  1 drivers
v0x563684939ad0_0 .net "and0_out_X", 0 0, L_0x5636849d2c20;  1 drivers
v0x563684939b70_0 .net "or0_out", 0 0, L_0x5636849d2af0;  1 drivers
S_0x563683fb45d0 .scope module, "sky130_fd_sc_hd__o31a_4" "sky130_fd_sc_hd__o31a_4" 2 111673;
 .timescale -9 -12;
    .port_info 0 /OUTPUT 1 "X";
    .port_info 1 /INPUT 1 "A1";
    .port_info 2 /INPUT 1 "A2";
    .port_info 3 /INPUT 1 "A3";
    .port_info 4 /INPUT 1 "B1";
o0x7f0afcffa218 .functor BUFZ 1, C4<z>; HiZ drive
o0x7f0afcffa1e8 .functor BUFZ 1, C4<z>; HiZ drive
o0x7f0afcffa248 .functor BUFZ 1, C4<z>; HiZ drive
L_0x5636849d2e00 .functor OR 1, o0x7f0afcffa218, o0x7f0afcffa1e8, o0x7f0afcffa248, C4<0>;
o0x7f0afcffa278 .functor BUFZ 1, C4<z>; HiZ drive
L_0x5636849d2f30 .functor AND 1, L_0x5636849d2e00, o0x7f0afcffa278, C4<1>, C4<1>;
L_0x5636849d3060 .functor BUF 1, L_0x5636849d2f30, C4<0>, C4<0>, C4<0>;
v0x563684939c10_0 .net "A1", 0 0, o0x7f0afcffa1e8;  0 drivers
v0x563684939cb0_0 .net "A2", 0 0, o0x7f0afcffa218;  0 drivers
v0x563684939d50_0 .net "A3", 0 0, o0x7f0afcffa248;  0 drivers
v0x563684939df0_0 .net "B1", 0 0, o0x7f0afcffa278;  0 drivers
L_0x563683eb3400 .functor BUFT 1, C8<770>, C4<0>, C4<0>, C4<0>;
v0x563684939e90_0 .net8 "VGND", 0 0, L_0x563683eb3400;  1 drivers, strength-aware
L_0x563683eb38b0 .functor BUFT 1, C8<770>, C4<0>, C4<0>, C4<0>;
v0x563684939f30_0 .net8 "VNB", 0 0, L_0x563683eb38b0;  1 drivers, strength-aware
L_0x563683eb3c50 .functor BUFT 1, C8<771>, C4<0>, C4<0>, C4<0>;
v0x563684939fd0_0 .net8 "VPB", 0 0, L_0x563683eb3c50;  1 drivers, strength-aware
L_0x563683eb2e80 .functor BUFT 1, C8<771>, C4<0>, C4<0>, C4<0>;
v0x56368493a070_0 .net8 "VPWR", 0 0, L_0x563683eb2e80;  1 drivers, strength-aware
v0x56368493a110_0 .net "X", 0 0, L_0x5636849d3060;  1 drivers
v0x56368493a240_0 .net "and0_out_X", 0 0, L_0x5636849d2f30;  1 drivers
v0x56368493a2e0_0 .net "or0_out", 0 0, L_0x5636849d2e00;  1 drivers
S_0x563683fb4760 .scope module, "sky130_fd_sc_hd__o31ai_1" "sky130_fd_sc_hd__o31ai_1" 2 112033;
 .timescale -9 -12;
    .port_info 0 /OUTPUT 1 "Y";
    .port_info 1 /INPUT 1 "A1";
    .port_info 2 /INPUT 1 "A2";
    .port_info 3 /INPUT 1 "A3";
    .port_info 4 /INPUT 1 "B1";
o0x7f0afcffa518 .functor BUFZ 1, C4<z>; HiZ drive
o0x7f0afcffa4e8 .functor BUFZ 1, C4<z>; HiZ drive
o0x7f0afcffa548 .functor BUFZ 1, C4<z>; HiZ drive
L_0x5636849d3120 .functor OR 1, o0x7f0afcffa518, o0x7f0afcffa4e8, o0x7f0afcffa548, C4<0>;
o0x7f0afcffa578 .functor BUFZ 1, C4<z>; HiZ drive
L_0x5636849d3250 .functor NAND 1, o0x7f0afcffa578, L_0x5636849d3120, C4<1>, C4<1>;
L_0x5636849d3370 .functor BUF 1, L_0x5636849d3250, C4<0>, C4<0>, C4<0>;
v0x56368493a380_0 .net "A1", 0 0, o0x7f0afcffa4e8;  0 drivers
v0x56368493a420_0 .net "A2", 0 0, o0x7f0afcffa518;  0 drivers
v0x56368493a4c0_0 .net "A3", 0 0, o0x7f0afcffa548;  0 drivers
v0x56368493a560_0 .net "B1", 0 0, o0x7f0afcffa578;  0 drivers
L_0x563683eb3ff0 .functor BUFT 1, C8<770>, C4<0>, C4<0>, C4<0>;
v0x56368493a600_0 .net8 "VGND", 0 0, L_0x563683eb3ff0;  1 drivers, strength-aware
L_0x563683eaa8d0 .functor BUFT 1, C8<770>, C4<0>, C4<0>, C4<0>;
v0x56368493a6a0_0 .net8 "VNB", 0 0, L_0x563683eaa8d0;  1 drivers, strength-aware
L_0x563683eaab90 .functor BUFT 1, C8<771>, C4<0>, C4<0>, C4<0>;
v0x56368493a740_0 .net8 "VPB", 0 0, L_0x563683eaab90;  1 drivers, strength-aware
L_0x563683eaacf0 .functor BUFT 1, C8<771>, C4<0>, C4<0>, C4<0>;
v0x56368493a7e0_0 .net8 "VPWR", 0 0, L_0x563683eaacf0;  1 drivers, strength-aware
v0x56368493a880_0 .net "Y", 0 0, L_0x5636849d3370;  1 drivers
v0x56368493a9b0_0 .net "nand0_out_Y", 0 0, L_0x5636849d3250;  1 drivers
v0x56368493aa50_0 .net "or0_out", 0 0, L_0x5636849d3120;  1 drivers
S_0x563683fb48f0 .scope module, "sky130_fd_sc_hd__o31ai_2" "sky130_fd_sc_hd__o31ai_2" 2 112393;
 .timescale -9 -12;
    .port_info 0 /OUTPUT 1 "Y";
    .port_info 1 /INPUT 1 "A1";
    .port_info 2 /INPUT 1 "A2";
    .port_info 3 /INPUT 1 "A3";
    .port_info 4 /INPUT 1 "B1";
o0x7f0afcffa818 .functor BUFZ 1, C4<z>; HiZ drive
o0x7f0afcffa7e8 .functor BUFZ 1, C4<z>; HiZ drive
o0x7f0afcffa848 .functor BUFZ 1, C4<z>; HiZ drive
L_0x5636849d3430 .functor OR 1, o0x7f0afcffa818, o0x7f0afcffa7e8, o0x7f0afcffa848, C4<0>;
o0x7f0afcffa878 .functor BUFZ 1, C4<z>; HiZ drive
L_0x5636849d3560 .functor NAND 1, o0x7f0afcffa878, L_0x5636849d3430, C4<1>, C4<1>;
L_0x5636849d36c0 .functor BUF 1, L_0x5636849d3560, C4<0>, C4<0>, C4<0>;
v0x56368493aaf0_0 .net "A1", 0 0, o0x7f0afcffa7e8;  0 drivers
v0x56368493ab90_0 .net "A2", 0 0, o0x7f0afcffa818;  0 drivers
v0x56368493ac30_0 .net "A3", 0 0, o0x7f0afcffa848;  0 drivers
v0x56368493acd0_0 .net "B1", 0 0, o0x7f0afcffa878;  0 drivers
L_0x563683eab1a0 .functor BUFT 1, C8<770>, C4<0>, C4<0>, C4<0>;
v0x56368493ad70_0 .net8 "VGND", 0 0, L_0x563683eab1a0;  1 drivers, strength-aware
L_0x563683eab370 .functor BUFT 1, C8<770>, C4<0>, C4<0>, C4<0>;
v0x56368493ae10_0 .net8 "VNB", 0 0, L_0x563683eab370;  1 drivers, strength-aware
L_0x563683eaa770 .functor BUFT 1, C8<771>, C4<0>, C4<0>, C4<0>;
v0x56368493aeb0_0 .net8 "VPB", 0 0, L_0x563683eaa770;  1 drivers, strength-aware
L_0x563683eab8e0 .functor BUFT 1, C8<771>, C4<0>, C4<0>, C4<0>;
v0x56368493af50_0 .net8 "VPWR", 0 0, L_0x563683eab8e0;  1 drivers, strength-aware
v0x56368493aff0_0 .net "Y", 0 0, L_0x5636849d36c0;  1 drivers
v0x56368493b120_0 .net "nand0_out_Y", 0 0, L_0x5636849d3560;  1 drivers
v0x56368493b1c0_0 .net "or0_out", 0 0, L_0x5636849d3430;  1 drivers
S_0x563683fb7320 .scope module, "sky130_fd_sc_hd__o31ai_4" "sky130_fd_sc_hd__o31ai_4" 2 112753;
 .timescale -9 -12;
    .port_info 0 /OUTPUT 1 "Y";
    .port_info 1 /INPUT 1 "A1";
    .port_info 2 /INPUT 1 "A2";
    .port_info 3 /INPUT 1 "A3";
    .port_info 4 /INPUT 1 "B1";
o0x7f0afcffab18 .functor BUFZ 1, C4<z>; HiZ drive
o0x7f0afcffaae8 .functor BUFZ 1, C4<z>; HiZ drive
o0x7f0afcffab48 .functor BUFZ 1, C4<z>; HiZ drive
L_0x5636849d3780 .functor OR 1, o0x7f0afcffab18, o0x7f0afcffaae8, o0x7f0afcffab48, C4<0>;
o0x7f0afcffab78 .functor BUFZ 1, C4<z>; HiZ drive
L_0x5636849d3880 .functor NAND 1, o0x7f0afcffab78, L_0x5636849d3780, C4<1>, C4<1>;
L_0x5636849d39a0 .functor BUF 1, L_0x5636849d3880, C4<0>, C4<0>, C4<0>;
v0x56368493b260_0 .net "A1", 0 0, o0x7f0afcffaae8;  0 drivers
v0x56368493b300_0 .net "A2", 0 0, o0x7f0afcffab18;  0 drivers
v0x56368493b3a0_0 .net "A3", 0 0, o0x7f0afcffab48;  0 drivers
v0x56368493b440_0 .net "B1", 0 0, o0x7f0afcffab78;  0 drivers
L_0x563683ea2320 .functor BUFT 1, C8<770>, C4<0>, C4<0>, C4<0>;
v0x56368493b4e0_0 .net8 "VGND", 0 0, L_0x563683ea2320;  1 drivers, strength-aware
L_0x563683ea2480 .functor BUFT 1, C8<770>, C4<0>, C4<0>, C4<0>;
v0x56368493b580_0 .net8 "VNB", 0 0, L_0x563683ea2480;  1 drivers, strength-aware
L_0x563683ea2740 .functor BUFT 1, C8<771>, C4<0>, C4<0>, C4<0>;
v0x56368493b620_0 .net8 "VPB", 0 0, L_0x563683ea2740;  1 drivers, strength-aware
L_0x563683ea2a90 .functor BUFT 1, C8<771>, C4<0>, C4<0>, C4<0>;
v0x56368493b6c0_0 .net8 "VPWR", 0 0, L_0x563683ea2a90;  1 drivers, strength-aware
v0x56368493b760_0 .net "Y", 0 0, L_0x5636849d39a0;  1 drivers
v0x56368493b890_0 .net "nand0_out_Y", 0 0, L_0x5636849d3880;  1 drivers
v0x56368493b930_0 .net "or0_out", 0 0, L_0x5636849d3780;  1 drivers
S_0x563683fb74b0 .scope module, "sky130_fd_sc_hd__o32a_1" "sky130_fd_sc_hd__o32a_1" 2 113138;
 .timescale -9 -12;
    .port_info 0 /OUTPUT 1 "X";
    .port_info 1 /INPUT 1 "A1";
    .port_info 2 /INPUT 1 "A2";
    .port_info 3 /INPUT 1 "A3";
    .port_info 4 /INPUT 1 "B1";
    .port_info 5 /INPUT 1 "B2";
o0x7f0afcffae18 .functor BUFZ 1, C4<z>; HiZ drive
o0x7f0afcffade8 .functor BUFZ 1, C4<z>; HiZ drive
o0x7f0afcffae48 .functor BUFZ 1, C4<z>; HiZ drive
L_0x5636849d3a60 .functor OR 1, o0x7f0afcffae18, o0x7f0afcffade8, o0x7f0afcffae48, C4<0>;
o0x7f0afcffaea8 .functor BUFZ 1, C4<z>; HiZ drive
o0x7f0afcffae78 .functor BUFZ 1, C4<z>; HiZ drive
L_0x5636849d3b90 .functor OR 1, o0x7f0afcffaea8, o0x7f0afcffae78, C4<0>, C4<0>;
L_0x5636849d3cd0 .functor AND 1, L_0x5636849d3a60, L_0x5636849d3b90, C4<1>, C4<1>;
L_0x5636849d3de0 .functor BUF 1, L_0x5636849d3cd0, C4<0>, C4<0>, C4<0>;
v0x56368493b9d0_0 .net "A1", 0 0, o0x7f0afcffade8;  0 drivers
v0x56368493ba70_0 .net "A2", 0 0, o0x7f0afcffae18;  0 drivers
v0x56368493bb10_0 .net "A3", 0 0, o0x7f0afcffae48;  0 drivers
v0x56368493bbb0_0 .net "B1", 0 0, o0x7f0afcffae78;  0 drivers
v0x56368493bc50_0 .net "B2", 0 0, o0x7f0afcffaea8;  0 drivers
L_0x563683ea2c60 .functor BUFT 1, C8<770>, C4<0>, C4<0>, C4<0>;
v0x56368493bcf0_0 .net8 "VGND", 0 0, L_0x563683ea2c60;  1 drivers, strength-aware
L_0x563683ea3000 .functor BUFT 1, C8<770>, C4<0>, C4<0>, C4<0>;
v0x56368493bd90_0 .net8 "VNB", 0 0, L_0x563683ea3000;  1 drivers, strength-aware
L_0x563683ea31d0 .functor BUFT 1, C8<771>, C4<0>, C4<0>, C4<0>;
v0x56368493be30_0 .net8 "VPB", 0 0, L_0x563683ea31d0;  1 drivers, strength-aware
L_0x563683e99c00 .functor BUFT 1, C8<771>, C4<0>, C4<0>, C4<0>;
v0x56368493bed0_0 .net8 "VPWR", 0 0, L_0x563683e99c00;  1 drivers, strength-aware
v0x56368493c000_0 .net "X", 0 0, L_0x5636849d3de0;  1 drivers
v0x56368493c0a0_0 .net "and0_out_X", 0 0, L_0x5636849d3cd0;  1 drivers
v0x56368493c140_0 .net "or0_out", 0 0, L_0x5636849d3a60;  1 drivers
v0x56368493c1e0_0 .net "or1_out", 0 0, L_0x5636849d3b90;  1 drivers
S_0x563683fb7640 .scope module, "sky130_fd_sc_hd__o32a_2" "sky130_fd_sc_hd__o32a_2" 2 113540;
 .timescale -9 -12;
    .port_info 0 /OUTPUT 1 "X";
    .port_info 1 /INPUT 1 "A1";
    .port_info 2 /INPUT 1 "A2";
    .port_info 3 /INPUT 1 "A3";
    .port_info 4 /INPUT 1 "B1";
    .port_info 5 /INPUT 1 "B2";
o0x7f0afcffb1a8 .functor BUFZ 1, C4<z>; HiZ drive
o0x7f0afcffb178 .functor BUFZ 1, C4<z>; HiZ drive
o0x7f0afcffb1d8 .functor BUFZ 1, C4<z>; HiZ drive
L_0x5636849d3ef0 .functor OR 1, o0x7f0afcffb1a8, o0x7f0afcffb178, o0x7f0afcffb1d8, C4<0>;
o0x7f0afcffb238 .functor BUFZ 1, C4<z>; HiZ drive
o0x7f0afcffb208 .functor BUFZ 1, C4<z>; HiZ drive
L_0x5636849d3ff0 .functor OR 1, o0x7f0afcffb238, o0x7f0afcffb208, C4<0>, C4<0>;
L_0x5636849d40f0 .functor AND 1, L_0x5636849d3ef0, L_0x5636849d3ff0, C4<1>, C4<1>;
L_0x5636849d4230 .functor BUF 1, L_0x5636849d40f0, C4<0>, C4<0>, C4<0>;
v0x56368493c280_0 .net "A1", 0 0, o0x7f0afcffb178;  0 drivers
v0x56368493c320_0 .net "A2", 0 0, o0x7f0afcffb1a8;  0 drivers
v0x56368493c3c0_0 .net "A3", 0 0, o0x7f0afcffb1d8;  0 drivers
v0x56368493c460_0 .net "B1", 0 0, o0x7f0afcffb208;  0 drivers
v0x56368493c500_0 .net "B2", 0 0, o0x7f0afcffb238;  0 drivers
L_0x563683e99ec0 .functor BUFT 1, C8<770>, C4<0>, C4<0>, C4<0>;
v0x56368493c5a0_0 .net8 "VGND", 0 0, L_0x563683e99ec0;  1 drivers, strength-aware
L_0x563683e9a020 .functor BUFT 1, C8<770>, C4<0>, C4<0>, C4<0>;
v0x56368493c640_0 .net8 "VNB", 0 0, L_0x563683e9a020;  1 drivers, strength-aware
L_0x563683e9a710 .functor BUFT 1, C8<771>, C4<0>, C4<0>, C4<0>;
v0x56368493c6e0_0 .net8 "VPB", 0 0, L_0x563683e9a710;  1 drivers, strength-aware
L_0x563683e9a540 .functor BUFT 1, C8<771>, C4<0>, C4<0>, C4<0>;
v0x56368493c780_0 .net8 "VPWR", 0 0, L_0x563683e9a540;  1 drivers, strength-aware
v0x56368493c8b0_0 .net "X", 0 0, L_0x5636849d4230;  1 drivers
v0x56368493c950_0 .net "and0_out_X", 0 0, L_0x5636849d40f0;  1 drivers
v0x56368493c9f0_0 .net "or0_out", 0 0, L_0x5636849d3ef0;  1 drivers
v0x56368493ca90_0 .net "or1_out", 0 0, L_0x5636849d3ff0;  1 drivers
S_0x563683fba070 .scope module, "sky130_fd_sc_hd__o32a_4" "sky130_fd_sc_hd__o32a_4" 2 113942;
 .timescale -9 -12;
    .port_info 0 /OUTPUT 1 "X";
    .port_info 1 /INPUT 1 "A1";
    .port_info 2 /INPUT 1 "A2";
    .port_info 3 /INPUT 1 "A3";
    .port_info 4 /INPUT 1 "B1";
    .port_info 5 /INPUT 1 "B2";
o0x7f0afcffb538 .functor BUFZ 1, C4<z>; HiZ drive
o0x7f0afcffb508 .functor BUFZ 1, C4<z>; HiZ drive
o0x7f0afcffb568 .functor BUFZ 1, C4<z>; HiZ drive
L_0x5636849d42f0 .functor OR 1, o0x7f0afcffb538, o0x7f0afcffb508, o0x7f0afcffb568, C4<0>;
o0x7f0afcffb5c8 .functor BUFZ 1, C4<z>; HiZ drive
o0x7f0afcffb598 .functor BUFZ 1, C4<z>; HiZ drive
L_0x5636849d43f0 .functor OR 1, o0x7f0afcffb5c8, o0x7f0afcffb598, C4<0>, C4<0>;
L_0x5636849d44f0 .functor AND 1, L_0x5636849d42f0, L_0x5636849d43f0, C4<1>, C4<1>;
L_0x5636849d4600 .functor BUF 1, L_0x5636849d44f0, C4<0>, C4<0>, C4<0>;
v0x56368493cb30_0 .net "A1", 0 0, o0x7f0afcffb508;  0 drivers
v0x56368493cbd0_0 .net "A2", 0 0, o0x7f0afcffb538;  0 drivers
v0x56368493cc70_0 .net "A3", 0 0, o0x7f0afcffb568;  0 drivers
v0x56368493cd10_0 .net "B1", 0 0, o0x7f0afcffb598;  0 drivers
v0x56368493cdb0_0 .net "B2", 0 0, o0x7f0afcffb5c8;  0 drivers
L_0x563683e9a8e0 .functor BUFT 1, C8<770>, C4<0>, C4<0>, C4<0>;
v0x56368493ce50_0 .net8 "VGND", 0 0, L_0x563683e9a8e0;  1 drivers, strength-aware
L_0x563683e91390 .functor BUFT 1, C8<770>, C4<0>, C4<0>, C4<0>;
v0x56368493cef0_0 .net8 "VNB", 0 0, L_0x563683e91390;  1 drivers, strength-aware
L_0x563683e914f0 .functor BUFT 1, C8<771>, C4<0>, C4<0>, C4<0>;
v0x56368493cf90_0 .net8 "VPB", 0 0, L_0x563683e914f0;  1 drivers, strength-aware
L_0x563683e917b0 .functor BUFT 1, C8<771>, C4<0>, C4<0>, C4<0>;
v0x56368493d030_0 .net8 "VPWR", 0 0, L_0x563683e917b0;  1 drivers, strength-aware
v0x56368493d160_0 .net "X", 0 0, L_0x5636849d4600;  1 drivers
v0x56368493d200_0 .net "and0_out_X", 0 0, L_0x5636849d44f0;  1 drivers
v0x56368493d2a0_0 .net "or0_out", 0 0, L_0x5636849d42f0;  1 drivers
v0x56368493d340_0 .net "or1_out", 0 0, L_0x5636849d43f0;  1 drivers
S_0x563683fba200 .scope module, "sky130_fd_sc_hd__o32ai_1" "sky130_fd_sc_hd__o32ai_1" 2 114344;
 .timescale -9 -12;
    .port_info 0 /OUTPUT 1 "Y";
    .port_info 1 /INPUT 1 "A1";
    .port_info 2 /INPUT 1 "A2";
    .port_info 3 /INPUT 1 "A3";
    .port_info 4 /INPUT 1 "B1";
    .port_info 5 /INPUT 1 "B2";
o0x7f0afcffb8f8 .functor BUFZ 1, C4<z>; HiZ drive
o0x7f0afcffb898 .functor BUFZ 1, C4<z>; HiZ drive
o0x7f0afcffb8c8 .functor BUFZ 1, C4<z>; HiZ drive
L_0x5636849d4710 .functor NOR 1, o0x7f0afcffb8f8, o0x7f0afcffb898, o0x7f0afcffb8c8, C4<0>;
o0x7f0afcffb928 .functor BUFZ 1, C4<z>; HiZ drive
o0x7f0afcffb958 .functor BUFZ 1, C4<z>; HiZ drive
L_0x5636849d4810 .functor NOR 1, o0x7f0afcffb928, o0x7f0afcffb958, C4<0>, C4<0>;
L_0x5636849d4910 .functor OR 1, L_0x5636849d4810, L_0x5636849d4710, C4<0>, C4<0>;
L_0x5636849d4a50 .functor BUF 1, L_0x5636849d4910, C4<0>, C4<0>, C4<0>;
v0x56368493d3e0_0 .net "A1", 0 0, o0x7f0afcffb898;  0 drivers
v0x56368493d480_0 .net "A2", 0 0, o0x7f0afcffb8c8;  0 drivers
v0x56368493d520_0 .net "A3", 0 0, o0x7f0afcffb8f8;  0 drivers
v0x56368493d5c0_0 .net "B1", 0 0, o0x7f0afcffb928;  0 drivers
v0x56368493d660_0 .net "B2", 0 0, o0x7f0afcffb958;  0 drivers
L_0x563683e91c60 .functor BUFT 1, C8<770>, C4<0>, C4<0>, C4<0>;
v0x56368493d700_0 .net8 "VGND", 0 0, L_0x563683e91c60;  1 drivers, strength-aware
L_0x563683e92000 .functor BUFT 1, C8<770>, C4<0>, C4<0>, C4<0>;
v0x56368493d7a0_0 .net8 "VNB", 0 0, L_0x563683e92000;  1 drivers, strength-aware
L_0x563683e91230 .functor BUFT 1, C8<771>, C4<0>, C4<0>, C4<0>;
v0x56368493d840_0 .net8 "VPB", 0 0, L_0x563683e91230;  1 drivers, strength-aware
L_0x563683e921d0 .functor BUFT 1, C8<771>, C4<0>, C4<0>, C4<0>;
v0x56368493d8e0_0 .net8 "VPWR", 0 0, L_0x563683e921d0;  1 drivers, strength-aware
v0x56368493da10_0 .net "Y", 0 0, L_0x5636849d4a50;  1 drivers
v0x56368493dab0_0 .net "nor0_out", 0 0, L_0x5636849d4710;  1 drivers
v0x56368493db50_0 .net "nor1_out", 0 0, L_0x5636849d4810;  1 drivers
v0x56368493dbf0_0 .net "or0_out_Y", 0 0, L_0x5636849d4910;  1 drivers
S_0x563683fba390 .scope module, "sky130_fd_sc_hd__o32ai_2" "sky130_fd_sc_hd__o32ai_2" 2 114746;
 .timescale -9 -12;
    .port_info 0 /OUTPUT 1 "Y";
    .port_info 1 /INPUT 1 "A1";
    .port_info 2 /INPUT 1 "A2";
    .port_info 3 /INPUT 1 "A3";
    .port_info 4 /INPUT 1 "B1";
    .port_info 5 /INPUT 1 "B2";
o0x7f0afcffbc88 .functor BUFZ 1, C4<z>; HiZ drive
o0x7f0afcffbc28 .functor BUFZ 1, C4<z>; HiZ drive
o0x7f0afcffbc58 .functor BUFZ 1, C4<z>; HiZ drive
L_0x5636849d4b10 .functor NOR 1, o0x7f0afcffbc88, o0x7f0afcffbc28, o0x7f0afcffbc58, C4<0>;
o0x7f0afcffbcb8 .functor BUFZ 1, C4<z>; HiZ drive
o0x7f0afcffbce8 .functor BUFZ 1, C4<z>; HiZ drive
L_0x5636849d4c10 .functor NOR 1, o0x7f0afcffbcb8, o0x7f0afcffbce8, C4<0>, C4<0>;
L_0x5636849d4d10 .functor OR 1, L_0x5636849d4c10, L_0x5636849d4b10, C4<0>, C4<0>;
L_0x5636849d4e20 .functor BUF 1, L_0x5636849d4d10, C4<0>, C4<0>, C4<0>;
v0x56368493dc90_0 .net "A1", 0 0, o0x7f0afcffbc28;  0 drivers
v0x56368493dd30_0 .net "A2", 0 0, o0x7f0afcffbc58;  0 drivers
v0x56368493ddd0_0 .net "A3", 0 0, o0x7f0afcffbc88;  0 drivers
v0x56368493de70_0 .net "B1", 0 0, o0x7f0afcffbcb8;  0 drivers
v0x56368493df10_0 .net "B2", 0 0, o0x7f0afcffbce8;  0 drivers
L_0x563683e88c80 .functor BUFT 1, C8<770>, C4<0>, C4<0>, C4<0>;
v0x56368493dfb0_0 .net8 "VGND", 0 0, L_0x563683e88c80;  1 drivers, strength-aware
L_0x563683e88f40 .functor BUFT 1, C8<770>, C4<0>, C4<0>, C4<0>;
v0x56368493e050_0 .net8 "VNB", 0 0, L_0x563683e88f40;  1 drivers, strength-aware
L_0x563683e890a0 .functor BUFT 1, C8<771>, C4<0>, C4<0>, C4<0>;
v0x56368493e0f0_0 .net8 "VPB", 0 0, L_0x563683e890a0;  1 drivers, strength-aware
L_0x563683e89550 .functor BUFT 1, C8<771>, C4<0>, C4<0>, C4<0>;
v0x56368493e190_0 .net8 "VPWR", 0 0, L_0x563683e89550;  1 drivers, strength-aware
v0x56368493e2c0_0 .net "Y", 0 0, L_0x5636849d4e20;  1 drivers
v0x56368493e360_0 .net "nor0_out", 0 0, L_0x5636849d4b10;  1 drivers
v0x56368493e400_0 .net "nor1_out", 0 0, L_0x5636849d4c10;  1 drivers
v0x56368493e4a0_0 .net "or0_out_Y", 0 0, L_0x5636849d4d10;  1 drivers
S_0x563683fbcdc0 .scope module, "sky130_fd_sc_hd__o32ai_4" "sky130_fd_sc_hd__o32ai_4" 2 115148;
 .timescale -9 -12;
    .port_info 0 /OUTPUT 1 "Y";
    .port_info 1 /INPUT 1 "A1";
    .port_info 2 /INPUT 1 "A2";
    .port_info 3 /INPUT 1 "A3";
    .port_info 4 /INPUT 1 "B1";
    .port_info 5 /INPUT 1 "B2";
o0x7f0afcffc018 .functor BUFZ 1, C4<z>; HiZ drive
o0x7f0afcffbfb8 .functor BUFZ 1, C4<z>; HiZ drive
o0x7f0afcffbfe8 .functor BUFZ 1, C4<z>; HiZ drive
L_0x5636849d4f30 .functor NOR 1, o0x7f0afcffc018, o0x7f0afcffbfb8, o0x7f0afcffbfe8, C4<0>;
o0x7f0afcffc048 .functor BUFZ 1, C4<z>; HiZ drive
o0x7f0afcffc078 .functor BUFZ 1, C4<z>; HiZ drive
L_0x5636849d5030 .functor NOR 1, o0x7f0afcffc048, o0x7f0afcffc078, C4<0>, C4<0>;
L_0x5636849d5130 .functor OR 1, L_0x5636849d5030, L_0x5636849d4f30, C4<0>, C4<0>;
L_0x5636849d5270 .functor BUF 1, L_0x5636849d5130, C4<0>, C4<0>, C4<0>;
v0x56368493e540_0 .net "A1", 0 0, o0x7f0afcffbfb8;  0 drivers
v0x56368493e5e0_0 .net "A2", 0 0, o0x7f0afcffbfe8;  0 drivers
v0x56368493e680_0 .net "A3", 0 0, o0x7f0afcffc018;  0 drivers
v0x56368493e720_0 .net "B1", 0 0, o0x7f0afcffc048;  0 drivers
v0x56368493e7c0_0 .net "B2", 0 0, o0x7f0afcffc078;  0 drivers
L_0x563683e89720 .functor BUFT 1, C8<770>, C4<0>, C4<0>, C4<0>;
v0x56368493e860_0 .net8 "VGND", 0 0, L_0x563683e89720;  1 drivers, strength-aware
L_0x563683e88b20 .functor BUFT 1, C8<770>, C4<0>, C4<0>, C4<0>;
v0x56368493e900_0 .net8 "VNB", 0 0, L_0x563683e88b20;  1 drivers, strength-aware
L_0x563683e89c90 .functor BUFT 1, C8<771>, C4<0>, C4<0>, C4<0>;
v0x56368493e9a0_0 .net8 "VPB", 0 0, L_0x563683e89c90;  1 drivers, strength-aware
L_0x563683e7de30 .functor BUFT 1, C8<771>, C4<0>, C4<0>, C4<0>;
v0x56368493ea40_0 .net8 "VPWR", 0 0, L_0x563683e7de30;  1 drivers, strength-aware
v0x56368493eb70_0 .net "Y", 0 0, L_0x5636849d5270;  1 drivers
v0x56368493ec10_0 .net "nor0_out", 0 0, L_0x5636849d4f30;  1 drivers
v0x56368493ecb0_0 .net "nor1_out", 0 0, L_0x5636849d5030;  1 drivers
v0x56368493ed50_0 .net "or0_out_Y", 0 0, L_0x5636849d5130;  1 drivers
S_0x563683fbcf50 .scope module, "sky130_fd_sc_hd__o41a_1" "sky130_fd_sc_hd__o41a_1" 2 115540;
 .timescale -9 -12;
    .port_info 0 /OUTPUT 1 "X";
    .port_info 1 /INPUT 1 "A1";
    .port_info 2 /INPUT 1 "A2";
    .port_info 3 /INPUT 1 "A3";
    .port_info 4 /INPUT 1 "A4";
    .port_info 5 /INPUT 1 "B1";
o0x7f0afcffc3d8 .functor BUFZ 1, C4<z>; HiZ drive
o0x7f0afcffc3a8 .functor BUFZ 1, C4<z>; HiZ drive
o0x7f0afcffc378 .functor BUFZ 1, C4<z>; HiZ drive
o0x7f0afcffc348 .functor BUFZ 1, C4<z>; HiZ drive
L_0x5636849d5330 .functor OR 1, o0x7f0afcffc3d8, o0x7f0afcffc3a8, o0x7f0afcffc378, o0x7f0afcffc348;
o0x7f0afcffc408 .functor BUFZ 1, C4<z>; HiZ drive
L_0x5636849d5460 .functor AND 1, L_0x5636849d5330, o0x7f0afcffc408, C4<1>, C4<1>;
L_0x5636849d5550 .functor BUF 1, L_0x5636849d5460, C4<0>, C4<0>, C4<0>;
v0x56368493edf0_0 .net "A1", 0 0, o0x7f0afcffc348;  0 drivers
v0x56368493ee90_0 .net "A2", 0 0, o0x7f0afcffc378;  0 drivers
v0x56368493ef30_0 .net "A3", 0 0, o0x7f0afcffc3a8;  0 drivers
v0x56368493efd0_0 .net "A4", 0 0, o0x7f0afcffc3d8;  0 drivers
v0x56368493f070_0 .net "B1", 0 0, o0x7f0afcffc408;  0 drivers
L_0x563683e7e0f0 .functor BUFT 1, C8<770>, C4<0>, C4<0>, C4<0>;
v0x56368493f110_0 .net8 "VGND", 0 0, L_0x563683e7e0f0;  1 drivers, strength-aware
L_0x563683e7e3b0 .functor BUFT 1, C8<770>, C4<0>, C4<0>, C4<0>;
v0x56368493f1b0_0 .net8 "VNB", 0 0, L_0x563683e7e3b0;  1 drivers, strength-aware
L_0x563683e7e700 .functor BUFT 1, C8<771>, C4<0>, C4<0>, C4<0>;
v0x56368493f250_0 .net8 "VPB", 0 0, L_0x563683e7e700;  1 drivers, strength-aware
L_0x563683e7e8d0 .functor BUFT 1, C8<771>, C4<0>, C4<0>, C4<0>;
v0x56368493f2f0_0 .net8 "VPWR", 0 0, L_0x563683e7e8d0;  1 drivers, strength-aware
v0x56368493f420_0 .net "X", 0 0, L_0x5636849d5550;  1 drivers
v0x56368493f4c0_0 .net "and0_out_X", 0 0, L_0x5636849d5460;  1 drivers
v0x56368493f560_0 .net "or0_out", 0 0, L_0x5636849d5330;  1 drivers
S_0x563683fbd0e0 .scope module, "sky130_fd_sc_hd__o41a_2" "sky130_fd_sc_hd__o41a_2" 2 115926;
 .timescale -9 -12;
    .port_info 0 /OUTPUT 1 "X";
    .port_info 1 /INPUT 1 "A1";
    .port_info 2 /INPUT 1 "A2";
    .port_info 3 /INPUT 1 "A3";
    .port_info 4 /INPUT 1 "A4";
    .port_info 5 /INPUT 1 "B1";
o0x7f0afcffc738 .functor BUFZ 1, C4<z>; HiZ drive
o0x7f0afcffc708 .functor BUFZ 1, C4<z>; HiZ drive
o0x7f0afcffc6d8 .functor BUFZ 1, C4<z>; HiZ drive
o0x7f0afcffc6a8 .functor BUFZ 1, C4<z>; HiZ drive
L_0x5636849d5610 .functor OR 1, o0x7f0afcffc738, o0x7f0afcffc708, o0x7f0afcffc6d8, o0x7f0afcffc6a8;
o0x7f0afcffc768 .functor BUFZ 1, C4<z>; HiZ drive
L_0x5636849d5770 .functor AND 1, L_0x5636849d5610, o0x7f0afcffc768, C4<1>, C4<1>;
L_0x5636849d5860 .functor BUF 1, L_0x5636849d5770, C4<0>, C4<0>, C4<0>;
v0x56368493f600_0 .net "A1", 0 0, o0x7f0afcffc6a8;  0 drivers
v0x56368493f6a0_0 .net "A2", 0 0, o0x7f0afcffc6d8;  0 drivers
v0x56368493f740_0 .net "A3", 0 0, o0x7f0afcffc708;  0 drivers
v0x56368493f7e0_0 .net "A4", 0 0, o0x7f0afcffc738;  0 drivers
v0x56368493f880_0 .net "B1", 0 0, o0x7f0afcffc768;  0 drivers
L_0x563683e7f010 .functor BUFT 1, C8<770>, C4<0>, C4<0>, C4<0>;
v0x56368493f920_0 .net8 "VGND", 0 0, L_0x563683e7f010;  1 drivers, strength-aware
L_0x563683e7ec70 .functor BUFT 1, C8<770>, C4<0>, C4<0>, C4<0>;
v0x56368493f9c0_0 .net8 "VNB", 0 0, L_0x563683e7ec70;  1 drivers, strength-aware
L_0x563683e72fd0 .functor BUFT 1, C8<771>, C4<0>, C4<0>, C4<0>;
v0x56368493fa60_0 .net8 "VPB", 0 0, L_0x563683e72fd0;  1 drivers, strength-aware
L_0x563683e73130 .functor BUFT 1, C8<771>, C4<0>, C4<0>, C4<0>;
v0x56368493fb00_0 .net8 "VPWR", 0 0, L_0x563683e73130;  1 drivers, strength-aware
v0x56368493fc30_0 .net "X", 0 0, L_0x5636849d5860;  1 drivers
v0x56368493fcd0_0 .net "and0_out_X", 0 0, L_0x5636849d5770;  1 drivers
v0x56368493fd70_0 .net "or0_out", 0 0, L_0x5636849d5610;  1 drivers
S_0x563683fbfb10 .scope module, "sky130_fd_sc_hd__o41a_4" "sky130_fd_sc_hd__o41a_4" 2 116312;
 .timescale -9 -12;
    .port_info 0 /OUTPUT 1 "X";
    .port_info 1 /INPUT 1 "A1";
    .port_info 2 /INPUT 1 "A2";
    .port_info 3 /INPUT 1 "A3";
    .port_info 4 /INPUT 1 "A4";
    .port_info 5 /INPUT 1 "B1";
o0x7f0afcffca98 .functor BUFZ 1, C4<z>; HiZ drive
o0x7f0afcffca68 .functor BUFZ 1, C4<z>; HiZ drive
o0x7f0afcffca38 .functor BUFZ 1, C4<z>; HiZ drive
o0x7f0afcffca08 .functor BUFZ 1, C4<z>; HiZ drive
L_0x5636849d5950 .functor OR 1, o0x7f0afcffca98, o0x7f0afcffca68, o0x7f0afcffca38, o0x7f0afcffca08;
o0x7f0afcffcac8 .functor BUFZ 1, C4<z>; HiZ drive
L_0x5636849d5ab0 .functor AND 1, L_0x5636849d5950, o0x7f0afcffcac8, C4<1>, C4<1>;
L_0x5636849d5be0 .functor BUF 1, L_0x5636849d5ab0, C4<0>, C4<0>, C4<0>;
v0x56368493fe10_0 .net "A1", 0 0, o0x7f0afcffca08;  0 drivers
v0x56368493feb0_0 .net "A2", 0 0, o0x7f0afcffca38;  0 drivers
v0x56368493ff50_0 .net "A3", 0 0, o0x7f0afcffca68;  0 drivers
v0x56368493fff0_0 .net "A4", 0 0, o0x7f0afcffca98;  0 drivers
v0x563684940090_0 .net "B1", 0 0, o0x7f0afcffcac8;  0 drivers
L_0x563683e733f0 .functor BUFT 1, C8<770>, C4<0>, C4<0>, C4<0>;
v0x563684940130_0 .net8 "VGND", 0 0, L_0x563683e733f0;  1 drivers, strength-aware
L_0x563683e738a0 .functor BUFT 1, C8<770>, C4<0>, C4<0>, C4<0>;
v0x5636849401d0_0 .net8 "VNB", 0 0, L_0x563683e738a0;  1 drivers, strength-aware
L_0x563683e73c40 .functor BUFT 1, C8<771>, C4<0>, C4<0>, C4<0>;
v0x563684940270_0 .net8 "VPB", 0 0, L_0x563683e73c40;  1 drivers, strength-aware
L_0x563683e72e70 .functor BUFT 1, C8<771>, C4<0>, C4<0>, C4<0>;
v0x563684940310_0 .net8 "VPWR", 0 0, L_0x563683e72e70;  1 drivers, strength-aware
v0x563684940440_0 .net "X", 0 0, L_0x5636849d5be0;  1 drivers
v0x5636849404e0_0 .net "and0_out_X", 0 0, L_0x5636849d5ab0;  1 drivers
v0x563684940580_0 .net "or0_out", 0 0, L_0x5636849d5950;  1 drivers
S_0x563683fbfca0 .scope module, "sky130_fd_sc_hd__o41ai_1" "sky130_fd_sc_hd__o41ai_1" 2 116698;
 .timescale -9 -12;
    .port_info 0 /OUTPUT 1 "Y";
    .port_info 1 /INPUT 1 "A1";
    .port_info 2 /INPUT 1 "A2";
    .port_info 3 /INPUT 1 "A3";
    .port_info 4 /INPUT 1 "A4";
    .port_info 5 /INPUT 1 "B1";
o0x7f0afcffcdf8 .functor BUFZ 1, C4<z>; HiZ drive
o0x7f0afcffcdc8 .functor BUFZ 1, C4<z>; HiZ drive
o0x7f0afcffcd98 .functor BUFZ 1, C4<z>; HiZ drive
o0x7f0afcffcd68 .functor BUFZ 1, C4<z>; HiZ drive
L_0x5636849d5ca0 .functor OR 1, o0x7f0afcffcdf8, o0x7f0afcffcdc8, o0x7f0afcffcd98, o0x7f0afcffcd68;
o0x7f0afcffce28 .functor BUFZ 1, C4<z>; HiZ drive
L_0x5636849d5e00 .functor NAND 1, o0x7f0afcffce28, L_0x5636849d5ca0, C4<1>, C4<1>;
L_0x5636849d5f20 .functor BUF 1, L_0x5636849d5e00, C4<0>, C4<0>, C4<0>;
v0x563684940620_0 .net "A1", 0 0, o0x7f0afcffcd68;  0 drivers
v0x5636849406c0_0 .net "A2", 0 0, o0x7f0afcffcd98;  0 drivers
v0x563684940760_0 .net "A3", 0 0, o0x7f0afcffcdc8;  0 drivers
v0x563684940800_0 .net "A4", 0 0, o0x7f0afcffcdf8;  0 drivers
v0x5636849408a0_0 .net "B1", 0 0, o0x7f0afcffce28;  0 drivers
L_0x563683e73e10 .functor BUFT 1, C8<770>, C4<0>, C4<0>, C4<0>;
v0x563684940940_0 .net8 "VGND", 0 0, L_0x563683e73e10;  1 drivers, strength-aware
L_0x563683e73fe0 .functor BUFT 1, C8<770>, C4<0>, C4<0>, C4<0>;
v0x5636849409e0_0 .net8 "VNB", 0 0, L_0x563683e73fe0;  1 drivers, strength-aware
L_0x563683e682d0 .functor BUFT 1, C8<771>, C4<0>, C4<0>, C4<0>;
v0x563684940a80_0 .net8 "VPB", 0 0, L_0x563683e682d0;  1 drivers, strength-aware
L_0x563683e68430 .functor BUFT 1, C8<771>, C4<0>, C4<0>, C4<0>;
v0x563684940b20_0 .net8 "VPWR", 0 0, L_0x563683e68430;  1 drivers, strength-aware
v0x563684940c50_0 .net "Y", 0 0, L_0x5636849d5f20;  1 drivers
v0x563684940cf0_0 .net "nand0_out_Y", 0 0, L_0x5636849d5e00;  1 drivers
v0x563684940d90_0 .net "or0_out", 0 0, L_0x5636849d5ca0;  1 drivers
S_0x563683fbfe30 .scope module, "sky130_fd_sc_hd__o41ai_2" "sky130_fd_sc_hd__o41ai_2" 2 117084;
 .timescale -9 -12;
    .port_info 0 /OUTPUT 1 "Y";
    .port_info 1 /INPUT 1 "A1";
    .port_info 2 /INPUT 1 "A2";
    .port_info 3 /INPUT 1 "A3";
    .port_info 4 /INPUT 1 "A4";
    .port_info 5 /INPUT 1 "B1";
o0x7f0afcffd158 .functor BUFZ 1, C4<z>; HiZ drive
o0x7f0afcffd128 .functor BUFZ 1, C4<z>; HiZ drive
o0x7f0afcffd0f8 .functor BUFZ 1, C4<z>; HiZ drive
o0x7f0afcffd0c8 .functor BUFZ 1, C4<z>; HiZ drive
L_0x5636849d5fe0 .functor OR 1, o0x7f0afcffd158, o0x7f0afcffd128, o0x7f0afcffd0f8, o0x7f0afcffd0c8;
o0x7f0afcffd188 .functor BUFZ 1, C4<z>; HiZ drive
L_0x5636849d6140 .functor NAND 1, o0x7f0afcffd188, L_0x5636849d5fe0, C4<1>, C4<1>;
L_0x5636849d62a0 .functor BUF 1, L_0x5636849d6140, C4<0>, C4<0>, C4<0>;
v0x563684940e30_0 .net "A1", 0 0, o0x7f0afcffd0c8;  0 drivers
v0x563684940ed0_0 .net "A2", 0 0, o0x7f0afcffd0f8;  0 drivers
v0x563684940f70_0 .net "A3", 0 0, o0x7f0afcffd128;  0 drivers
v0x563684941010_0 .net "A4", 0 0, o0x7f0afcffd158;  0 drivers
v0x5636849410b0_0 .net "B1", 0 0, o0x7f0afcffd188;  0 drivers
L_0x563683e686f0 .functor BUFT 1, C8<770>, C4<0>, C4<0>, C4<0>;
v0x563684941150_0 .net8 "VGND", 0 0, L_0x563683e686f0;  1 drivers, strength-aware
L_0x563683e68de0 .functor BUFT 1, C8<770>, C4<0>, C4<0>, C4<0>;
v0x5636849411f0_0 .net8 "VNB", 0 0, L_0x563683e68de0;  1 drivers, strength-aware
L_0x563683e68c10 .functor BUFT 1, C8<771>, C4<0>, C4<0>, C4<0>;
v0x563684941290_0 .net8 "VPB", 0 0, L_0x563683e68c10;  1 drivers, strength-aware
L_0x563683e69350 .functor BUFT 1, C8<771>, C4<0>, C4<0>, C4<0>;
v0x563684941330_0 .net8 "VPWR", 0 0, L_0x563683e69350;  1 drivers, strength-aware
v0x563684941460_0 .net "Y", 0 0, L_0x5636849d62a0;  1 drivers
v0x563684941500_0 .net "nand0_out_Y", 0 0, L_0x5636849d6140;  1 drivers
v0x5636849415a0_0 .net "or0_out", 0 0, L_0x5636849d5fe0;  1 drivers
S_0x563683fc7d80 .scope module, "sky130_fd_sc_hd__o41ai_4" "sky130_fd_sc_hd__o41ai_4" 2 117470;
 .timescale -9 -12;
    .port_info 0 /OUTPUT 1 "Y";
    .port_info 1 /INPUT 1 "A1";
    .port_info 2 /INPUT 1 "A2";
    .port_info 3 /INPUT 1 "A3";
    .port_info 4 /INPUT 1 "A4";
    .port_info 5 /INPUT 1 "B1";
o0x7f0afcffd4b8 .functor BUFZ 1, C4<z>; HiZ drive
o0x7f0afcffd488 .functor BUFZ 1, C4<z>; HiZ drive
o0x7f0afcffd458 .functor BUFZ 1, C4<z>; HiZ drive
o0x7f0afcffd428 .functor BUFZ 1, C4<z>; HiZ drive
L_0x5636849d6360 .functor OR 1, o0x7f0afcffd4b8, o0x7f0afcffd488, o0x7f0afcffd458, o0x7f0afcffd428;
o0x7f0afcffd4e8 .functor BUFZ 1, C4<z>; HiZ drive
L_0x5636849d6490 .functor NAND 1, o0x7f0afcffd4e8, L_0x5636849d6360, C4<1>, C4<1>;
L_0x5636849d65b0 .functor BUF 1, L_0x5636849d6490, C4<0>, C4<0>, C4<0>;
v0x563684941640_0 .net "A1", 0 0, o0x7f0afcffd428;  0 drivers
v0x5636849416e0_0 .net "A2", 0 0, o0x7f0afcffd458;  0 drivers
v0x563684941780_0 .net "A3", 0 0, o0x7f0afcffd488;  0 drivers
v0x563684941820_0 .net "A4", 0 0, o0x7f0afcffd4b8;  0 drivers
v0x5636849418c0_0 .net "B1", 0 0, o0x7f0afcffd4e8;  0 drivers
L_0x563683e69180 .functor BUFT 1, C8<770>, C4<0>, C4<0>, C4<0>;
v0x563684941960_0 .net8 "VGND", 0 0, L_0x563683e69180;  1 drivers, strength-aware
L_0x563683e5d300 .functor BUFT 1, C8<770>, C4<0>, C4<0>, C4<0>;
v0x563684941a00_0 .net8 "VNB", 0 0, L_0x563683e5d300;  1 drivers, strength-aware
L_0x563683e5d5c0 .functor BUFT 1, C8<771>, C4<0>, C4<0>, C4<0>;
v0x563684941aa0_0 .net8 "VPB", 0 0, L_0x563683e5d5c0;  1 drivers, strength-aware
L_0x563683e5d720 .functor BUFT 1, C8<771>, C4<0>, C4<0>, C4<0>;
v0x563684941b40_0 .net8 "VPWR", 0 0, L_0x563683e5d720;  1 drivers, strength-aware
v0x563684941c70_0 .net "Y", 0 0, L_0x5636849d65b0;  1 drivers
v0x563684941d10_0 .net "nand0_out_Y", 0 0, L_0x5636849d6490;  1 drivers
v0x563684941db0_0 .net "or0_out", 0 0, L_0x5636849d6360;  1 drivers
S_0x563683fc7f10 .scope module, "sky130_fd_sc_hd__or2_0" "sky130_fd_sc_hd__or2_0" 2 127223;
 .timescale -9 -12;
    .port_info 0 /OUTPUT 1 "X";
    .port_info 1 /INPUT 1 "A";
    .port_info 2 /INPUT 1 "B";
o0x7f0afcffd7b8 .functor BUFZ 1, C4<z>; HiZ drive
o0x7f0afcffd788 .functor BUFZ 1, C4<z>; HiZ drive
L_0x5636849d6670 .functor OR 1, o0x7f0afcffd7b8, o0x7f0afcffd788, C4<0>, C4<0>;
L_0x5636849d6740 .functor BUF 1, L_0x5636849d6670, C4<0>, C4<0>, C4<0>;
v0x563684941e50_0 .net "A", 0 0, o0x7f0afcffd788;  0 drivers
v0x563684941ef0_0 .net "B", 0 0, o0x7f0afcffd7b8;  0 drivers
L_0x563683e5dbd0 .functor BUFT 1, C8<770>, C4<0>, C4<0>, C4<0>;
v0x563684941f90_0 .net8 "VGND", 0 0, L_0x563683e5dbd0;  1 drivers, strength-aware
L_0x563683e5dda0 .functor BUFT 1, C8<770>, C4<0>, C4<0>, C4<0>;
v0x563684942030_0 .net8 "VNB", 0 0, L_0x563683e5dda0;  1 drivers, strength-aware
L_0x563683e5d1a0 .functor BUFT 1, C8<771>, C4<0>, C4<0>, C4<0>;
v0x5636849420d0_0 .net8 "VPB", 0 0, L_0x563683e5d1a0;  1 drivers, strength-aware
L_0x563683e5e310 .functor BUFT 1, C8<771>, C4<0>, C4<0>, C4<0>;
v0x563684942170_0 .net8 "VPWR", 0 0, L_0x563683e5e310;  1 drivers, strength-aware
v0x563684942210_0 .net "X", 0 0, L_0x5636849d6740;  1 drivers
v0x5636849422b0_0 .net "or0_out_X", 0 0, L_0x5636849d6670;  1 drivers
S_0x563683fc9790 .scope module, "sky130_fd_sc_hd__or2_1" "sky130_fd_sc_hd__or2_1" 2 127533;
 .timescale -9 -12;
    .port_info 0 /OUTPUT 1 "X";
    .port_info 1 /INPUT 1 "A";
    .port_info 2 /INPUT 1 "B";
o0x7f0afcffd9c8 .functor BUFZ 1, C4<z>; HiZ drive
o0x7f0afcffd998 .functor BUFZ 1, C4<z>; HiZ drive
L_0x5636849d6870 .functor OR 1, o0x7f0afcffd9c8, o0x7f0afcffd998, C4<0>, C4<0>;
L_0x5636849d6910 .functor BUF 1, L_0x5636849d6870, C4<0>, C4<0>, C4<0>;
v0x563684942350_0 .net "A", 0 0, o0x7f0afcffd998;  0 drivers
v0x5636849423f0_0 .net "B", 0 0, o0x7f0afcffd9c8;  0 drivers
L_0x563683e524a0 .functor BUFT 1, C8<770>, C4<0>, C4<0>, C4<0>;
v0x563684942490_0 .net8 "VGND", 0 0, L_0x563683e524a0;  1 drivers, strength-aware
L_0x563683e52600 .functor BUFT 1, C8<770>, C4<0>, C4<0>, C4<0>;
v0x563684942530_0 .net8 "VNB", 0 0, L_0x563683e52600;  1 drivers, strength-aware
L_0x563683e528c0 .functor BUFT 1, C8<771>, C4<0>, C4<0>, C4<0>;
v0x5636849425d0_0 .net8 "VPB", 0 0, L_0x563683e528c0;  1 drivers, strength-aware
L_0x563683e52a20 .functor BUFT 1, C8<771>, C4<0>, C4<0>, C4<0>;
v0x563684942670_0 .net8 "VPWR", 0 0, L_0x563683e52a20;  1 drivers, strength-aware
v0x563684942710_0 .net "X", 0 0, L_0x5636849d6910;  1 drivers
v0x5636849427b0_0 .net "or0_out_X", 0 0, L_0x5636849d6870;  1 drivers
S_0x563683fc9970 .scope module, "sky130_fd_sc_hd__or2_2" "sky130_fd_sc_hd__or2_2" 2 127843;
 .timescale -9 -12;
    .port_info 0 /OUTPUT 1 "X";
    .port_info 1 /INPUT 1 "A";
    .port_info 2 /INPUT 1 "B";
o0x7f0afcffdbd8 .functor BUFZ 1, C4<z>; HiZ drive
o0x7f0afcffdba8 .functor BUFZ 1, C4<z>; HiZ drive
L_0x5636849d6a00 .functor OR 1, o0x7f0afcffdbd8, o0x7f0afcffdba8, C4<0>, C4<0>;
L_0x5636849d6ad0 .functor BUF 1, L_0x5636849d6a00, C4<0>, C4<0>, C4<0>;
v0x563684942850_0 .net "A", 0 0, o0x7f0afcffdba8;  0 drivers
v0x5636849428f0_0 .net "B", 0 0, o0x7f0afcffdbd8;  0 drivers
L_0x563683e53110 .functor BUFT 1, C8<770>, C4<0>, C4<0>, C4<0>;
v0x563684942990_0 .net8 "VGND", 0 0, L_0x563683e53110;  1 drivers, strength-aware
L_0x563683e52f40 .functor BUFT 1, C8<770>, C4<0>, C4<0>, C4<0>;
v0x563684942a30_0 .net8 "VNB", 0 0, L_0x563683e52f40;  1 drivers, strength-aware
L_0x563683e532e0 .functor BUFT 1, C8<771>, C4<0>, C4<0>, C4<0>;
v0x563684942ad0_0 .net8 "VPB", 0 0, L_0x563683e532e0;  1 drivers, strength-aware
L_0x563683e534b0 .functor BUFT 1, C8<771>, C4<0>, C4<0>, C4<0>;
v0x563684942b70_0 .net8 "VPWR", 0 0, L_0x563683e534b0;  1 drivers, strength-aware
v0x563684942c10_0 .net "X", 0 0, L_0x5636849d6ad0;  1 drivers
v0x563684942cb0_0 .net "or0_out_X", 0 0, L_0x5636849d6a00;  1 drivers
S_0x563683fc1540 .scope module, "sky130_fd_sc_hd__or2_4" "sky130_fd_sc_hd__or2_4" 2 128153;
 .timescale -9 -12;
    .port_info 0 /OUTPUT 1 "X";
    .port_info 1 /INPUT 1 "A";
    .port_info 2 /INPUT 1 "B";
o0x7f0afcffdde8 .functor BUFZ 1, C4<z>; HiZ drive
o0x7f0afcffddb8 .functor BUFZ 1, C4<z>; HiZ drive
L_0x5636849d6bc0 .functor OR 1, o0x7f0afcffdde8, o0x7f0afcffddb8, C4<0>, C4<0>;
L_0x5636849d6c90 .functor BUF 1, L_0x5636849d6bc0, C4<0>, C4<0>, C4<0>;
v0x563684942d50_0 .net "A", 0 0, o0x7f0afcffddb8;  0 drivers
v0x563684942df0_0 .net "B", 0 0, o0x7f0afcffdde8;  0 drivers
L_0x563683e47640 .functor BUFT 1, C8<770>, C4<0>, C4<0>, C4<0>;
v0x563684942e90_0 .net8 "VGND", 0 0, L_0x563683e47640;  1 drivers, strength-aware
L_0x563683e47900 .functor BUFT 1, C8<770>, C4<0>, C4<0>, C4<0>;
v0x563684942f30_0 .net8 "VNB", 0 0, L_0x563683e47900;  1 drivers, strength-aware
L_0x563683e47a60 .functor BUFT 1, C8<771>, C4<0>, C4<0>, C4<0>;
v0x563684942fd0_0 .net8 "VPB", 0 0, L_0x563683e47a60;  1 drivers, strength-aware
L_0x563683e47f10 .functor BUFT 1, C8<771>, C4<0>, C4<0>, C4<0>;
v0x563684943070_0 .net8 "VPWR", 0 0, L_0x563683e47f10;  1 drivers, strength-aware
v0x563684943110_0 .net "X", 0 0, L_0x5636849d6c90;  1 drivers
v0x5636849431b0_0 .net "or0_out_X", 0 0, L_0x5636849d6bc0;  1 drivers
S_0x563683fc1720 .scope module, "sky130_fd_sc_hd__or2b_1" "sky130_fd_sc_hd__or2b_1" 2 128469;
 .timescale -9 -12;
    .port_info 0 /OUTPUT 1 "X";
    .port_info 1 /INPUT 1 "A";
    .port_info 2 /INPUT 1 "B_N";
o0x7f0afcffdff8 .functor BUFZ 1, C4<z>; HiZ drive
L_0x5636849d6dc0 .functor NOT 1, o0x7f0afcffdff8, C4<0>, C4<0>, C4<0>;
o0x7f0afcffdfc8 .functor BUFZ 1, C4<z>; HiZ drive
L_0x5636849d6e30 .functor OR 1, L_0x5636849d6dc0, o0x7f0afcffdfc8, C4<0>, C4<0>;
L_0x5636849d6f60 .functor BUF 1, L_0x5636849d6e30, C4<0>, C4<0>, C4<0>;
v0x563684943250_0 .net "A", 0 0, o0x7f0afcffdfc8;  0 drivers
v0x5636849432f0_0 .net "B_N", 0 0, o0x7f0afcffdff8;  0 drivers
L_0x563683e480e0 .functor BUFT 1, C8<770>, C4<0>, C4<0>, C4<0>;
v0x563684943390_0 .net8 "VGND", 0 0, L_0x563683e480e0;  1 drivers, strength-aware
L_0x563683e474e0 .functor BUFT 1, C8<770>, C4<0>, C4<0>, C4<0>;
v0x563684943430_0 .net8 "VNB", 0 0, L_0x563683e474e0;  1 drivers, strength-aware
L_0x563683e48480 .functor BUFT 1, C8<771>, C4<0>, C4<0>, C4<0>;
v0x5636849434d0_0 .net8 "VPB", 0 0, L_0x563683e48480;  1 drivers, strength-aware
L_0x563683e48820 .functor BUFT 1, C8<771>, C4<0>, C4<0>, C4<0>;
v0x563684943570_0 .net8 "VPWR", 0 0, L_0x563683e48820;  1 drivers, strength-aware
v0x563684943610_0 .net "X", 0 0, L_0x5636849d6f60;  1 drivers
v0x5636849436b0_0 .net "not0_out", 0 0, L_0x5636849d6dc0;  1 drivers
v0x563684943750_0 .net "or0_out_X", 0 0, L_0x5636849d6e30;  1 drivers
S_0x563683fc2f50 .scope module, "sky130_fd_sc_hd__or2b_2" "sky130_fd_sc_hd__or2b_2" 2 128787;
 .timescale -9 -12;
    .port_info 0 /OUTPUT 1 "X";
    .port_info 1 /INPUT 1 "A";
    .port_info 2 /INPUT 1 "B_N";
o0x7f0afcffe238 .functor BUFZ 1, C4<z>; HiZ drive
L_0x5636849d7020 .functor NOT 1, o0x7f0afcffe238, C4<0>, C4<0>, C4<0>;
o0x7f0afcffe208 .functor BUFZ 1, C4<z>; HiZ drive
L_0x5636849d70c0 .functor OR 1, L_0x5636849d7020, o0x7f0afcffe208, C4<0>, C4<0>;
L_0x5636849d71f0 .functor BUF 1, L_0x5636849d70c0, C4<0>, C4<0>, C4<0>;
v0x563684943880_0 .net "A", 0 0, o0x7f0afcffe208;  0 drivers
v0x563684943920_0 .net "B_N", 0 0, o0x7f0afcffe238;  0 drivers
L_0x563683e429c0 .functor BUFT 1, C8<770>, C4<0>, C4<0>, C4<0>;
v0x5636849439c0_0 .net8 "VGND", 0 0, L_0x563683e429c0;  1 drivers, strength-aware
L_0x563683e42b20 .functor BUFT 1, C8<770>, C4<0>, C4<0>, C4<0>;
v0x563684943a60_0 .net8 "VNB", 0 0, L_0x563683e42b20;  1 drivers, strength-aware
L_0x563683e42fd0 .functor BUFT 1, C8<771>, C4<0>, C4<0>, C4<0>;
v0x563684943b00_0 .net8 "VPB", 0 0, L_0x563683e42fd0;  1 drivers, strength-aware
L_0x563683e43370 .functor BUFT 1, C8<771>, C4<0>, C4<0>, C4<0>;
v0x563684943ba0_0 .net8 "VPWR", 0 0, L_0x563683e43370;  1 drivers, strength-aware
v0x563684943c40_0 .net "X", 0 0, L_0x5636849d71f0;  1 drivers
v0x563684943ce0_0 .net "not0_out", 0 0, L_0x5636849d7020;  1 drivers
v0x563684943d80_0 .net "or0_out_X", 0 0, L_0x5636849d70c0;  1 drivers
S_0x563683fc3130 .scope module, "sky130_fd_sc_hd__or2b_4" "sky130_fd_sc_hd__or2b_4" 2 129105;
 .timescale -9 -12;
    .port_info 0 /OUTPUT 1 "X";
    .port_info 1 /INPUT 1 "A";
    .port_info 2 /INPUT 1 "B_N";
o0x7f0afcffe478 .functor BUFZ 1, C4<z>; HiZ drive
L_0x5636849d72b0 .functor NOT 1, o0x7f0afcffe478, C4<0>, C4<0>, C4<0>;
o0x7f0afcffe448 .functor BUFZ 1, C4<z>; HiZ drive
L_0x5636849d7350 .functor OR 1, L_0x5636849d72b0, o0x7f0afcffe448, C4<0>, C4<0>;
L_0x5636849d7440 .functor BUF 1, L_0x5636849d7350, C4<0>, C4<0>, C4<0>;
v0x563684943eb0_0 .net "A", 0 0, o0x7f0afcffe448;  0 drivers
v0x563684943f50_0 .net "B_N", 0 0, o0x7f0afcffe478;  0 drivers
L_0x563683e42700 .functor BUFT 1, C8<770>, C4<0>, C4<0>, C4<0>;
v0x563684943ff0_0 .net8 "VGND", 0 0, L_0x563683e42700;  1 drivers, strength-aware
L_0x563683e43540 .functor BUFT 1, C8<770>, C4<0>, C4<0>, C4<0>;
v0x563684944090_0 .net8 "VNB", 0 0, L_0x563683e43540;  1 drivers, strength-aware
L_0x563683e3db70 .functor BUFT 1, C8<771>, C4<0>, C4<0>, C4<0>;
v0x563684944130_0 .net8 "VPB", 0 0, L_0x563683e3db70;  1 drivers, strength-aware
L_0x563683e3dcd0 .functor BUFT 1, C8<771>, C4<0>, C4<0>, C4<0>;
v0x5636849441d0_0 .net8 "VPWR", 0 0, L_0x563683e3dcd0;  1 drivers, strength-aware
v0x563684944270_0 .net "X", 0 0, L_0x5636849d7440;  1 drivers
v0x563684944310_0 .net "not0_out", 0 0, L_0x5636849d72b0;  1 drivers
v0x5636849443b0_0 .net "or0_out_X", 0 0, L_0x5636849d7350;  1 drivers
S_0x563683fc4960 .scope module, "sky130_fd_sc_hd__or3_1" "sky130_fd_sc_hd__or3_1" 2 129424;
 .timescale -9 -12;
    .port_info 0 /OUTPUT 1 "X";
    .port_info 1 /INPUT 1 "A";
    .port_info 2 /INPUT 1 "B";
    .port_info 3 /INPUT 1 "C";
o0x7f0afcffe6b8 .functor BUFZ 1, C4<z>; HiZ drive
o0x7f0afcffe688 .functor BUFZ 1, C4<z>; HiZ drive
o0x7f0afcffe6e8 .functor BUFZ 1, C4<z>; HiZ drive
L_0x5636849d7530 .functor OR 1, o0x7f0afcffe6b8, o0x7f0afcffe688, o0x7f0afcffe6e8, C4<0>;
L_0x5636849d7660 .functor BUF 1, L_0x5636849d7530, C4<0>, C4<0>, C4<0>;
v0x5636849444e0_0 .net "A", 0 0, o0x7f0afcffe688;  0 drivers
v0x563684944580_0 .net "B", 0 0, o0x7f0afcffe6b8;  0 drivers
v0x563684944620_0 .net "C", 0 0, o0x7f0afcffe6e8;  0 drivers
L_0x563683e3df90 .functor BUFT 1, C8<770>, C4<0>, C4<0>, C4<0>;
v0x5636849446c0_0 .net8 "VGND", 0 0, L_0x563683e3df90;  1 drivers, strength-aware
L_0x563683e3e680 .functor BUFT 1, C8<770>, C4<0>, C4<0>, C4<0>;
v0x563684944760_0 .net8 "VNB", 0 0, L_0x563683e3e680;  1 drivers, strength-aware
L_0x563683e3e4b0 .functor BUFT 1, C8<771>, C4<0>, C4<0>, C4<0>;
v0x563684944800_0 .net8 "VPB", 0 0, L_0x563683e3e4b0;  1 drivers, strength-aware
L_0x563683e3e850 .functor BUFT 1, C8<771>, C4<0>, C4<0>, C4<0>;
v0x5636849448a0_0 .net8 "VPWR", 0 0, L_0x563683e3e850;  1 drivers, strength-aware
v0x563684944940_0 .net "X", 0 0, L_0x5636849d7660;  1 drivers
v0x5636849449e0_0 .net "or0_out_X", 0 0, L_0x5636849d7530;  1 drivers
S_0x563683fc4b60 .scope module, "sky130_fd_sc_hd__or3_2" "sky130_fd_sc_hd__or3_2" 2 129744;
 .timescale -9 -12;
    .port_info 0 /OUTPUT 1 "X";
    .port_info 1 /INPUT 1 "A";
    .port_info 2 /INPUT 1 "B";
    .port_info 3 /INPUT 1 "C";
o0x7f0afcffe928 .functor BUFZ 1, C4<z>; HiZ drive
o0x7f0afcffe8f8 .functor BUFZ 1, C4<z>; HiZ drive
o0x7f0afcffe958 .functor BUFZ 1, C4<z>; HiZ drive
L_0x5636849d7790 .functor OR 1, o0x7f0afcffe928, o0x7f0afcffe8f8, o0x7f0afcffe958, C4<0>;
L_0x5636849d7890 .functor BUF 1, L_0x5636849d7790, C4<0>, C4<0>, C4<0>;
v0x563684944b10_0 .net "A", 0 0, o0x7f0afcffe8f8;  0 drivers
v0x563684944bb0_0 .net "B", 0 0, o0x7f0afcffe928;  0 drivers
v0x563684944c50_0 .net "C", 0 0, o0x7f0afcffe958;  0 drivers
L_0x563683e38e80 .functor BUFT 1, C8<770>, C4<0>, C4<0>, C4<0>;
v0x563684944cf0_0 .net8 "VGND", 0 0, L_0x563683e38e80;  1 drivers, strength-aware
L_0x563683e38fe0 .functor BUFT 1, C8<770>, C4<0>, C4<0>, C4<0>;
v0x563684944d90_0 .net8 "VNB", 0 0, L_0x563683e38fe0;  1 drivers, strength-aware
L_0x563683e392a0 .functor BUFT 1, C8<771>, C4<0>, C4<0>, C4<0>;
v0x563684944e30_0 .net8 "VPB", 0 0, L_0x563683e392a0;  1 drivers, strength-aware
L_0x563683e395f0 .functor BUFT 1, C8<771>, C4<0>, C4<0>, C4<0>;
v0x563684944ed0_0 .net8 "VPWR", 0 0, L_0x563683e395f0;  1 drivers, strength-aware
v0x563684944f70_0 .net "X", 0 0, L_0x5636849d7890;  1 drivers
v0x563684945010_0 .net "or0_out_X", 0 0, L_0x5636849d7790;  1 drivers
S_0x563683fc6370 .scope module, "sky130_fd_sc_hd__or3_4" "sky130_fd_sc_hd__or3_4" 2 130064;
 .timescale -9 -12;
    .port_info 0 /OUTPUT 1 "X";
    .port_info 1 /INPUT 1 "A";
    .port_info 2 /INPUT 1 "B";
    .port_info 3 /INPUT 1 "C";
o0x7f0afcffeb98 .functor BUFZ 1, C4<z>; HiZ drive
o0x7f0afcffeb68 .functor BUFZ 1, C4<z>; HiZ drive
o0x7f0afcffebc8 .functor BUFZ 1, C4<z>; HiZ drive
L_0x5636849d7980 .functor OR 1, o0x7f0afcffeb98, o0x7f0afcffeb68, o0x7f0afcffebc8, C4<0>;
L_0x5636849d7ab0 .functor BUF 1, L_0x5636849d7980, C4<0>, C4<0>, C4<0>;
v0x563684945140_0 .net "A", 0 0, o0x7f0afcffeb68;  0 drivers
v0x5636849451e0_0 .net "B", 0 0, o0x7f0afcffeb98;  0 drivers
v0x563684945280_0 .net "C", 0 0, o0x7f0afcffebc8;  0 drivers
L_0x563683e397c0 .functor BUFT 1, C8<770>, C4<0>, C4<0>, C4<0>;
v0x563684945320_0 .net8 "VGND", 0 0, L_0x563683e397c0;  1 drivers, strength-aware
L_0x563683e39b60 .functor BUFT 1, C8<770>, C4<0>, C4<0>, C4<0>;
v0x5636849453c0_0 .net8 "VNB", 0 0, L_0x563683e39b60;  1 drivers, strength-aware
L_0x563683e39d30 .functor BUFT 1, C8<771>, C4<0>, C4<0>, C4<0>;
v0x563684945460_0 .net8 "VPB", 0 0, L_0x563683e39d30;  1 drivers, strength-aware
L_0x563683e342e0 .functor BUFT 1, C8<771>, C4<0>, C4<0>, C4<0>;
v0x563684945500_0 .net8 "VPWR", 0 0, L_0x563683e342e0;  1 drivers, strength-aware
v0x5636849455a0_0 .net "X", 0 0, L_0x5636849d7ab0;  1 drivers
v0x563684945640_0 .net "or0_out_X", 0 0, L_0x5636849d7980;  1 drivers
S_0x563683fc6570 .scope module, "sky130_fd_sc_hd__or3b_1" "sky130_fd_sc_hd__or3b_1" 2 130390;
 .timescale -9 -12;
    .port_info 0 /OUTPUT 1 "X";
    .port_info 1 /INPUT 1 "A";
    .port_info 2 /INPUT 1 "B";
    .port_info 3 /INPUT 1 "C_N";
o0x7f0afcffee38 .functor BUFZ 1, C4<z>; HiZ drive
L_0x5636849d7be0 .functor NOT 1, o0x7f0afcffee38, C4<0>, C4<0>, C4<0>;
o0x7f0afcffee08 .functor BUFZ 1, C4<z>; HiZ drive
o0x7f0afcffedd8 .functor BUFZ 1, C4<z>; HiZ drive
L_0x5636849d7c50 .functor OR 1, o0x7f0afcffee08, o0x7f0afcffedd8, L_0x5636849d7be0, C4<0>;
L_0x5636849d7dd0 .functor BUF 1, L_0x5636849d7c50, C4<0>, C4<0>, C4<0>;
v0x563684945770_0 .net "A", 0 0, o0x7f0afcffedd8;  0 drivers
v0x563684945810_0 .net "B", 0 0, o0x7f0afcffee08;  0 drivers
v0x5636849458b0_0 .net "C_N", 0 0, o0x7f0afcffee38;  0 drivers
L_0x563683e345a0 .functor BUFT 1, C8<770>, C4<0>, C4<0>, C4<0>;
v0x563684945950_0 .net8 "VGND", 0 0, L_0x563683e345a0;  1 drivers, strength-aware
L_0x563683e348f0 .functor BUFT 1, C8<770>, C4<0>, C4<0>, C4<0>;
v0x5636849459f0_0 .net8 "VNB", 0 0, L_0x563683e348f0;  1 drivers, strength-aware
L_0x563683e34ac0 .functor BUFT 1, C8<771>, C4<0>, C4<0>, C4<0>;
v0x563684945a90_0 .net8 "VPB", 0 0, L_0x563683e34ac0;  1 drivers, strength-aware
L_0x563683e34020 .functor BUFT 1, C8<771>, C4<0>, C4<0>, C4<0>;
v0x563684945b30_0 .net8 "VPWR", 0 0, L_0x563683e34020;  1 drivers, strength-aware
v0x563684945bd0_0 .net "X", 0 0, L_0x5636849d7dd0;  1 drivers
v0x563684945c70_0 .net "not0_out", 0 0, L_0x5636849d7be0;  1 drivers
v0x563684945da0_0 .net "or0_out_X", 0 0, L_0x5636849d7c50;  1 drivers
S_0x563683fccbc0 .scope module, "sky130_fd_sc_hd__or3b_2" "sky130_fd_sc_hd__or3b_2" 2 130718;
 .timescale -9 -12;
    .port_info 0 /OUTPUT 1 "X";
    .port_info 1 /INPUT 1 "A";
    .port_info 2 /INPUT 1 "B";
    .port_info 3 /INPUT 1 "C_N";
o0x7f0afcfff0d8 .functor BUFZ 1, C4<z>; HiZ drive
L_0x5636849d7e90 .functor NOT 1, o0x7f0afcfff0d8, C4<0>, C4<0>, C4<0>;
o0x7f0afcfff0a8 .functor BUFZ 1, C4<z>; HiZ drive
o0x7f0afcfff078 .functor BUFZ 1, C4<z>; HiZ drive
L_0x5636849d7f30 .functor OR 1, o0x7f0afcfff0a8, o0x7f0afcfff078, L_0x5636849d7e90, C4<0>;
L_0x5636849d80f0 .functor BUF 1, L_0x5636849d7f30, C4<0>, C4<0>, C4<0>;
v0x563684945e40_0 .net "A", 0 0, o0x7f0afcfff078;  0 drivers
v0x563684945ee0_0 .net "B", 0 0, o0x7f0afcfff0a8;  0 drivers
v0x563684945f80_0 .net "C_N", 0 0, o0x7f0afcfff0d8;  0 drivers
L_0x563683e35030 .functor BUFT 1, C8<770>, C4<0>, C4<0>, C4<0>;
v0x563684946020_0 .net8 "VGND", 0 0, L_0x563683e35030;  1 drivers, strength-aware
L_0x563683e2f5f0 .functor BUFT 1, C8<770>, C4<0>, C4<0>, C4<0>;
v0x5636849460c0_0 .net8 "VNB", 0 0, L_0x563683e2f5f0;  1 drivers, strength-aware
L_0x563683e2f750 .functor BUFT 1, C8<771>, C4<0>, C4<0>, C4<0>;
v0x563684946160_0 .net8 "VPB", 0 0, L_0x563683e2f750;  1 drivers, strength-aware
L_0x563683e2fc00 .functor BUFT 1, C8<771>, C4<0>, C4<0>, C4<0>;
v0x563684946200_0 .net8 "VPWR", 0 0, L_0x563683e2fc00;  1 drivers, strength-aware
v0x5636849462a0_0 .net "X", 0 0, L_0x5636849d80f0;  1 drivers
v0x563684946340_0 .net "not0_out", 0 0, L_0x5636849d7e90;  1 drivers
v0x563684946470_0 .net "or0_out_X", 0 0, L_0x5636849d7f30;  1 drivers
S_0x563683fccdc0 .scope module, "sky130_fd_sc_hd__or3b_4" "sky130_fd_sc_hd__or3b_4" 2 131046;
 .timescale -9 -12;
    .port_info 0 /OUTPUT 1 "X";
    .port_info 1 /INPUT 1 "A";
    .port_info 2 /INPUT 1 "B";
    .port_info 3 /INPUT 1 "C_N";
o0x7f0afcfff378 .functor BUFZ 1, C4<z>; HiZ drive
L_0x5636849d81b0 .functor NOT 1, o0x7f0afcfff378, C4<0>, C4<0>, C4<0>;
o0x7f0afcfff348 .functor BUFZ 1, C4<z>; HiZ drive
o0x7f0afcfff318 .functor BUFZ 1, C4<z>; HiZ drive
L_0x5636849d8220 .functor OR 1, o0x7f0afcfff348, o0x7f0afcfff318, L_0x5636849d81b0, C4<0>;
L_0x5636849d83a0 .functor BUF 1, L_0x5636849d8220, C4<0>, C4<0>, C4<0>;
v0x563684946510_0 .net "A", 0 0, o0x7f0afcfff318;  0 drivers
v0x5636849465b0_0 .net "B", 0 0, o0x7f0afcfff348;  0 drivers
v0x563684946650_0 .net "C_N", 0 0, o0x7f0afcfff378;  0 drivers
L_0x563683e2fdd0 .functor BUFT 1, C8<770>, C4<0>, C4<0>, C4<0>;
v0x5636849466f0_0 .net8 "VGND", 0 0, L_0x563683e2fdd0;  1 drivers, strength-aware
L_0x563683e2f330 .functor BUFT 1, C8<770>, C4<0>, C4<0>, C4<0>;
v0x563684946790_0 .net8 "VNB", 0 0, L_0x563683e2f330;  1 drivers, strength-aware
L_0x563683e30340 .functor BUFT 1, C8<771>, C4<0>, C4<0>, C4<0>;
v0x563684946830_0 .net8 "VPB", 0 0, L_0x563683e30340;  1 drivers, strength-aware
L_0x563683e2a7a0 .functor BUFT 1, C8<771>, C4<0>, C4<0>, C4<0>;
v0x5636849468d0_0 .net8 "VPWR", 0 0, L_0x563683e2a7a0;  1 drivers, strength-aware
v0x563684946970_0 .net "X", 0 0, L_0x5636849d83a0;  1 drivers
v0x563684946a10_0 .net "not0_out", 0 0, L_0x5636849d81b0;  1 drivers
v0x563684946b40_0 .net "or0_out_X", 0 0, L_0x5636849d8220;  1 drivers
S_0x563683fcb1a0 .scope module, "sky130_fd_sc_hd__or4_1" "sky130_fd_sc_hd__or4_1" 2 131375;
 .timescale -9 -12;
    .port_info 0 /OUTPUT 1 "X";
    .port_info 1 /INPUT 1 "A";
    .port_info 2 /INPUT 1 "B";
    .port_info 3 /INPUT 1 "C";
    .port_info 4 /INPUT 1 "D";
o0x7f0afcfff648 .functor BUFZ 1, C4<z>; HiZ drive
o0x7f0afcfff618 .functor BUFZ 1, C4<z>; HiZ drive
o0x7f0afcfff5e8 .functor BUFZ 1, C4<z>; HiZ drive
o0x7f0afcfff5b8 .functor BUFZ 1, C4<z>; HiZ drive
L_0x5636849d8460 .functor OR 1, o0x7f0afcfff648, o0x7f0afcfff618, o0x7f0afcfff5e8, o0x7f0afcfff5b8;
L_0x5636849d85c0 .functor BUF 1, L_0x5636849d8460, C4<0>, C4<0>, C4<0>;
v0x563684946be0_0 .net "A", 0 0, o0x7f0afcfff5b8;  0 drivers
v0x563684946c80_0 .net "B", 0 0, o0x7f0afcfff5e8;  0 drivers
v0x563684946d20_0 .net "C", 0 0, o0x7f0afcfff618;  0 drivers
v0x563684946dc0_0 .net "D", 0 0, o0x7f0afcfff648;  0 drivers
L_0x563683e2aa60 .functor BUFT 1, C8<770>, C4<0>, C4<0>, C4<0>;
v0x563684946e60_0 .net8 "VGND", 0 0, L_0x563683e2aa60;  1 drivers, strength-aware
L_0x563683e2af10 .functor BUFT 1, C8<770>, C4<0>, C4<0>, C4<0>;
v0x563684946f00_0 .net8 "VNB", 0 0, L_0x563683e2af10;  1 drivers, strength-aware
L_0x563683e2b2b0 .functor BUFT 1, C8<771>, C4<0>, C4<0>, C4<0>;
v0x563684946fa0_0 .net8 "VPB", 0 0, L_0x563683e2b2b0;  1 drivers, strength-aware
L_0x563683e2a640 .functor BUFT 1, C8<771>, C4<0>, C4<0>, C4<0>;
v0x563684947040_0 .net8 "VPWR", 0 0, L_0x563683e2a640;  1 drivers, strength-aware
v0x5636849470e0_0 .net "X", 0 0, L_0x5636849d85c0;  1 drivers
v0x563684947210_0 .net "or0_out_X", 0 0, L_0x5636849d8460;  1 drivers
S_0x563683fcb330 .scope module, "sky130_fd_sc_hd__or4_2" "sky130_fd_sc_hd__or4_2" 2 131705;
 .timescale -9 -12;
    .port_info 0 /OUTPUT 1 "X";
    .port_info 1 /INPUT 1 "A";
    .port_info 2 /INPUT 1 "B";
    .port_info 3 /INPUT 1 "C";
    .port_info 4 /INPUT 1 "D";
o0x7f0afcfff918 .functor BUFZ 1, C4<z>; HiZ drive
o0x7f0afcfff8e8 .functor BUFZ 1, C4<z>; HiZ drive
o0x7f0afcfff8b8 .functor BUFZ 1, C4<z>; HiZ drive
o0x7f0afcfff888 .functor BUFZ 1, C4<z>; HiZ drive
L_0x5636849d86f0 .functor OR 1, o0x7f0afcfff918, o0x7f0afcfff8e8, o0x7f0afcfff8b8, o0x7f0afcfff888;
L_0x5636849d8820 .functor BUF 1, L_0x5636849d86f0, C4<0>, C4<0>, C4<0>;
v0x5636849472b0_0 .net "A", 0 0, o0x7f0afcfff888;  0 drivers
v0x563684947350_0 .net "B", 0 0, o0x7f0afcfff8b8;  0 drivers
v0x5636849473f0_0 .net "C", 0 0, o0x7f0afcfff8e8;  0 drivers
v0x563684947490_0 .net "D", 0 0, o0x7f0afcfff918;  0 drivers
L_0x563683e2b650 .functor BUFT 1, C8<770>, C4<0>, C4<0>, C4<0>;
v0x563684947530_0 .net8 "VGND", 0 0, L_0x563683e2b650;  1 drivers, strength-aware
L_0x563683f57a10 .functor BUFT 1, C8<770>, C4<0>, C4<0>, C4<0>;
v0x5636849475d0_0 .net8 "VNB", 0 0, L_0x563683f57a10;  1 drivers, strength-aware
L_0x563683f57cd0 .functor BUFT 1, C8<771>, C4<0>, C4<0>, C4<0>;
v0x563684947670_0 .net8 "VPB", 0 0, L_0x563683f57cd0;  1 drivers, strength-aware
L_0x563683f57e30 .functor BUFT 1, C8<771>, C4<0>, C4<0>, C4<0>;
v0x563684947710_0 .net8 "VPWR", 0 0, L_0x563683f57e30;  1 drivers, strength-aware
v0x5636849477b0_0 .net "X", 0 0, L_0x5636849d8820;  1 drivers
v0x5636849478e0_0 .net "or0_out_X", 0 0, L_0x5636849d86f0;  1 drivers
S_0x563683fcb4c0 .scope module, "sky130_fd_sc_hd__or4_4" "sky130_fd_sc_hd__or4_4" 2 132035;
 .timescale -9 -12;
    .port_info 0 /OUTPUT 1 "X";
    .port_info 1 /INPUT 1 "A";
    .port_info 2 /INPUT 1 "B";
    .port_info 3 /INPUT 1 "C";
    .port_info 4 /INPUT 1 "D";
o0x7f0afcfffbe8 .functor BUFZ 1, C4<z>; HiZ drive
o0x7f0afcfffbb8 .functor BUFZ 1, C4<z>; HiZ drive
o0x7f0afcfffb88 .functor BUFZ 1, C4<z>; HiZ drive
o0x7f0afcfffb58 .functor BUFZ 1, C4<z>; HiZ drive
L_0x5636849d8910 .functor OR 1, o0x7f0afcfffbe8, o0x7f0afcfffbb8, o0x7f0afcfffb88, o0x7f0afcfffb58;
L_0x5636849d8a70 .functor BUF 1, L_0x5636849d8910, C4<0>, C4<0>, C4<0>;
v0x563684947980_0 .net "A", 0 0, o0x7f0afcfffb58;  0 drivers
v0x563684947a20_0 .net "B", 0 0, o0x7f0afcfffb88;  0 drivers
v0x563684947ac0_0 .net "C", 0 0, o0x7f0afcfffbb8;  0 drivers
v0x563684947b60_0 .net "D", 0 0, o0x7f0afcfffbe8;  0 drivers
L_0x563683f582e0 .functor BUFT 1, C8<770>, C4<0>, C4<0>, C4<0>;
v0x563684947c00_0 .net8 "VGND", 0 0, L_0x563683f582e0;  1 drivers, strength-aware
L_0x563683f584b0 .functor BUFT 1, C8<770>, C4<0>, C4<0>, C4<0>;
v0x563684947ca0_0 .net8 "VNB", 0 0, L_0x563683f584b0;  1 drivers, strength-aware
L_0x563683f578b0 .functor BUFT 1, C8<771>, C4<0>, C4<0>, C4<0>;
v0x563684947d40_0 .net8 "VPB", 0 0, L_0x563683f578b0;  1 drivers, strength-aware
L_0x563683f58a20 .functor BUFT 1, C8<771>, C4<0>, C4<0>, C4<0>;
v0x563684947de0_0 .net8 "VPWR", 0 0, L_0x563683f58a20;  1 drivers, strength-aware
v0x563684947e80_0 .net "X", 0 0, L_0x5636849d8a70;  1 drivers
v0x563684947fb0_0 .net "or0_out_X", 0 0, L_0x5636849d8910;  1 drivers
S_0x563683fcffe0 .scope module, "sky130_fd_sc_hd__or4b_1" "sky130_fd_sc_hd__or4b_1" 2 132371;
 .timescale -9 -12;
    .port_info 0 /OUTPUT 1 "X";
    .port_info 1 /INPUT 1 "A";
    .port_info 2 /INPUT 1 "B";
    .port_info 3 /INPUT 1 "C";
    .port_info 4 /INPUT 1 "D_N";
o0x7f0afcfffeb8 .functor BUFZ 1, C4<z>; HiZ drive
L_0x5636849d8ba0 .functor NOT 1, o0x7f0afcfffeb8, C4<0>, C4<0>, C4<0>;
o0x7f0afcfffe88 .functor BUFZ 1, C4<z>; HiZ drive
o0x7f0afcfffe58 .functor BUFZ 1, C4<z>; HiZ drive
o0x7f0afcfffe28 .functor BUFZ 1, C4<z>; HiZ drive
L_0x5636849d8c10 .functor OR 1, L_0x5636849d8ba0, o0x7f0afcfffe88, o0x7f0afcfffe58, o0x7f0afcfffe28;
L_0x5636849d8d90 .functor BUF 1, L_0x5636849d8c10, C4<0>, C4<0>, C4<0>;
v0x563684948050_0 .net "A", 0 0, o0x7f0afcfffe28;  0 drivers
v0x5636849480f0_0 .net "B", 0 0, o0x7f0afcfffe58;  0 drivers
v0x563684948190_0 .net "C", 0 0, o0x7f0afcfffe88;  0 drivers
v0x563684948230_0 .net "D_N", 0 0, o0x7f0afcfffeb8;  0 drivers
L_0x563683f4fa10 .functor BUFT 1, C8<770>, C4<0>, C4<0>, C4<0>;
v0x5636849482d0_0 .net8 "VGND", 0 0, L_0x563683f4fa10;  1 drivers, strength-aware
L_0x563683f4fb70 .functor BUFT 1, C8<770>, C4<0>, C4<0>, C4<0>;
v0x563684948370_0 .net8 "VNB", 0 0, L_0x563683f4fb70;  1 drivers, strength-aware
L_0x563683f4fe30 .functor BUFT 1, C8<771>, C4<0>, C4<0>, C4<0>;
v0x563684948410_0 .net8 "VPB", 0 0, L_0x563683f4fe30;  1 drivers, strength-aware
L_0x563683f50180 .functor BUFT 1, C8<771>, C4<0>, C4<0>, C4<0>;
v0x5636849484b0_0 .net8 "VPWR", 0 0, L_0x563683f50180;  1 drivers, strength-aware
v0x563684948550_0 .net "X", 0 0, L_0x5636849d8d90;  1 drivers
v0x563684948680_0 .net "not0_out", 0 0, L_0x5636849d8ba0;  1 drivers
v0x563684948720_0 .net "or0_out_X", 0 0, L_0x5636849d8c10;  1 drivers
S_0x563683fd0170 .scope module, "sky130_fd_sc_hd__or4b_2" "sky130_fd_sc_hd__or4b_2" 2 132709;
 .timescale -9 -12;
    .port_info 0 /OUTPUT 1 "X";
    .port_info 1 /INPUT 1 "A";
    .port_info 2 /INPUT 1 "B";
    .port_info 3 /INPUT 1 "C";
    .port_info 4 /INPUT 1 "D_N";
o0x7f0afd0001b8 .functor BUFZ 1, C4<z>; HiZ drive
L_0x5636849d8e80 .functor NOT 1, o0x7f0afd0001b8, C4<0>, C4<0>, C4<0>;
o0x7f0afd000188 .functor BUFZ 1, C4<z>; HiZ drive
o0x7f0afd000158 .functor BUFZ 1, C4<z>; HiZ drive
o0x7f0afd000128 .functor BUFZ 1, C4<z>; HiZ drive
L_0x5636849d8f20 .functor OR 1, L_0x5636849d8e80, o0x7f0afd000188, o0x7f0afd000158, o0x7f0afd000128;
L_0x5636849d90e0 .functor BUF 1, L_0x5636849d8f20, C4<0>, C4<0>, C4<0>;
v0x5636849487c0_0 .net "A", 0 0, o0x7f0afd000128;  0 drivers
v0x563684948860_0 .net "B", 0 0, o0x7f0afd000158;  0 drivers
v0x563684948900_0 .net "C", 0 0, o0x7f0afd000188;  0 drivers
v0x5636849489a0_0 .net "D_N", 0 0, o0x7f0afd0001b8;  0 drivers
L_0x563683f50350 .functor BUFT 1, C8<770>, C4<0>, C4<0>, C4<0>;
v0x563684948a40_0 .net8 "VGND", 0 0, L_0x563683f50350;  1 drivers, strength-aware
L_0x563683f506f0 .functor BUFT 1, C8<770>, C4<0>, C4<0>, C4<0>;
v0x563684948ae0_0 .net8 "VNB", 0 0, L_0x563683f506f0;  1 drivers, strength-aware
L_0x563683f508c0 .functor BUFT 1, C8<771>, C4<0>, C4<0>, C4<0>;
v0x563684948b80_0 .net8 "VPB", 0 0, L_0x563683f508c0;  1 drivers, strength-aware
L_0x563683f478b0 .functor BUFT 1, C8<771>, C4<0>, C4<0>, C4<0>;
v0x563684948c20_0 .net8 "VPWR", 0 0, L_0x563683f478b0;  1 drivers, strength-aware
v0x563684948cc0_0 .net "X", 0 0, L_0x5636849d90e0;  1 drivers
v0x563684948df0_0 .net "not0_out", 0 0, L_0x5636849d8e80;  1 drivers
v0x563684948e90_0 .net "or0_out_X", 0 0, L_0x5636849d8f20;  1 drivers
S_0x563683fd0300 .scope module, "sky130_fd_sc_hd__or4b_4" "sky130_fd_sc_hd__or4b_4" 2 133047;
 .timescale -9 -12;
    .port_info 0 /OUTPUT 1 "X";
    .port_info 1 /INPUT 1 "A";
    .port_info 2 /INPUT 1 "B";
    .port_info 3 /INPUT 1 "C";
    .port_info 4 /INPUT 1 "D_N";
o0x7f0afd0004b8 .functor BUFZ 1, C4<z>; HiZ drive
L_0x5636849d91a0 .functor NOT 1, o0x7f0afd0004b8, C4<0>, C4<0>, C4<0>;
o0x7f0afd000488 .functor BUFZ 1, C4<z>; HiZ drive
o0x7f0afd000458 .functor BUFZ 1, C4<z>; HiZ drive
o0x7f0afd000428 .functor BUFZ 1, C4<z>; HiZ drive
L_0x5636849d9240 .functor OR 1, L_0x5636849d91a0, o0x7f0afd000488, o0x7f0afd000458, o0x7f0afd000428;
L_0x5636849d93c0 .functor BUF 1, L_0x5636849d9240, C4<0>, C4<0>, C4<0>;
v0x563684948f30_0 .net "A", 0 0, o0x7f0afd000428;  0 drivers
v0x563684948fd0_0 .net "B", 0 0, o0x7f0afd000458;  0 drivers
v0x563684949070_0 .net "C", 0 0, o0x7f0afd000488;  0 drivers
v0x563684949110_0 .net "D_N", 0 0, o0x7f0afd0004b8;  0 drivers
L_0x563683f47b70 .functor BUFT 1, C8<770>, C4<0>, C4<0>, C4<0>;
v0x5636849491b0_0 .net8 "VGND", 0 0, L_0x563683f47b70;  1 drivers, strength-aware
L_0x563683f47cd0 .functor BUFT 1, C8<770>, C4<0>, C4<0>, C4<0>;
v0x563684949250_0 .net8 "VNB", 0 0, L_0x563683f47cd0;  1 drivers, strength-aware
L_0x563683f483c0 .functor BUFT 1, C8<771>, C4<0>, C4<0>, C4<0>;
v0x5636849492f0_0 .net8 "VPB", 0 0, L_0x563683f483c0;  1 drivers, strength-aware
L_0x563683f481f0 .functor BUFT 1, C8<771>, C4<0>, C4<0>, C4<0>;
v0x563684949390_0 .net8 "VPWR", 0 0, L_0x563683f481f0;  1 drivers, strength-aware
v0x563684949430_0 .net "X", 0 0, L_0x5636849d93c0;  1 drivers
v0x563684949560_0 .net "not0_out", 0 0, L_0x5636849d91a0;  1 drivers
v0x563684949600_0 .net "or0_out_X", 0 0, L_0x5636849d9240;  1 drivers
S_0x563683fce5d0 .scope module, "sky130_fd_sc_hd__or4bb_1" "sky130_fd_sc_hd__or4bb_1" 2 133385;
 .timescale -9 -12;
    .port_info 0 /OUTPUT 1 "X";
    .port_info 1 /INPUT 1 "A";
    .port_info 2 /INPUT 1 "B";
    .port_info 3 /INPUT 1 "C_N";
    .port_info 4 /INPUT 1 "D_N";
o0x7f0afd0007b8 .functor BUFZ 1, C4<z>; HiZ drive
o0x7f0afd000788 .functor BUFZ 1, C4<z>; HiZ drive
L_0x5636849d94b0 .functor NAND 1, o0x7f0afd0007b8, o0x7f0afd000788, C4<1>, C4<1>;
o0x7f0afd000758 .functor BUFZ 1, C4<z>; HiZ drive
o0x7f0afd000728 .functor BUFZ 1, C4<z>; HiZ drive
L_0x5636849d9580 .functor OR 1, o0x7f0afd000758, o0x7f0afd000728, L_0x5636849d94b0, C4<0>;
L_0x5636849d9740 .functor BUF 1, L_0x5636849d9580, C4<0>, C4<0>, C4<0>;
v0x5636849496a0_0 .net "A", 0 0, o0x7f0afd000728;  0 drivers
v0x563684949740_0 .net "B", 0 0, o0x7f0afd000758;  0 drivers
v0x5636849497e0_0 .net "C_N", 0 0, o0x7f0afd000788;  0 drivers
v0x563684949880_0 .net "D_N", 0 0, o0x7f0afd0007b8;  0 drivers
L_0x563683f48590 .functor BUFT 1, C8<770>, C4<0>, C4<0>, C4<0>;
v0x563684949920_0 .net8 "VGND", 0 0, L_0x563683f48590;  1 drivers, strength-aware
L_0x563683f3f5f0 .functor BUFT 1, C8<770>, C4<0>, C4<0>, C4<0>;
v0x5636849499c0_0 .net8 "VNB", 0 0, L_0x563683f3f5f0;  1 drivers, strength-aware
L_0x563683f3f750 .functor BUFT 1, C8<771>, C4<0>, C4<0>, C4<0>;
v0x563684949a60_0 .net8 "VPB", 0 0, L_0x563683f3f750;  1 drivers, strength-aware
L_0x563683f3fa10 .functor BUFT 1, C8<771>, C4<0>, C4<0>, C4<0>;
v0x563684949b00_0 .net8 "VPWR", 0 0, L_0x563683f3fa10;  1 drivers, strength-aware
v0x563684949ba0_0 .net "X", 0 0, L_0x5636849d9740;  1 drivers
v0x563684949cd0_0 .net "nand0_out", 0 0, L_0x5636849d94b0;  1 drivers
v0x563684949d70_0 .net "or0_out_X", 0 0, L_0x5636849d9580;  1 drivers
S_0x563683fce760 .scope module, "sky130_fd_sc_hd__or4bb_2" "sky130_fd_sc_hd__or4bb_2" 2 133723;
 .timescale -9 -12;
    .port_info 0 /OUTPUT 1 "X";
    .port_info 1 /INPUT 1 "A";
    .port_info 2 /INPUT 1 "B";
    .port_info 3 /INPUT 1 "C_N";
    .port_info 4 /INPUT 1 "D_N";
o0x7f0afd000ab8 .functor BUFZ 1, C4<z>; HiZ drive
o0x7f0afd000a88 .functor BUFZ 1, C4<z>; HiZ drive
L_0x5636849d9800 .functor NAND 1, o0x7f0afd000ab8, o0x7f0afd000a88, C4<1>, C4<1>;
o0x7f0afd000a58 .functor BUFZ 1, C4<z>; HiZ drive
o0x7f0afd000a28 .functor BUFZ 1, C4<z>; HiZ drive
L_0x5636849d98a0 .functor OR 1, o0x7f0afd000a58, o0x7f0afd000a28, L_0x5636849d9800, C4<0>;
L_0x5636849d9a20 .functor BUF 1, L_0x5636849d98a0, C4<0>, C4<0>, C4<0>;
v0x563684949e10_0 .net "A", 0 0, o0x7f0afd000a28;  0 drivers
v0x563684949eb0_0 .net "B", 0 0, o0x7f0afd000a58;  0 drivers
v0x563684949f50_0 .net "C_N", 0 0, o0x7f0afd000a88;  0 drivers
v0x563684949ff0_0 .net "D_N", 0 0, o0x7f0afd000ab8;  0 drivers
L_0x563683f3fec0 .functor BUFT 1, C8<770>, C4<0>, C4<0>, C4<0>;
v0x56368494a090_0 .net8 "VGND", 0 0, L_0x563683f3fec0;  1 drivers, strength-aware
L_0x563683f40260 .functor BUFT 1, C8<770>, C4<0>, C4<0>, C4<0>;
v0x56368494a130_0 .net8 "VNB", 0 0, L_0x563683f40260;  1 drivers, strength-aware
L_0x563683f3f490 .functor BUFT 1, C8<771>, C4<0>, C4<0>, C4<0>;
v0x56368494a1d0_0 .net8 "VPB", 0 0, L_0x563683f3f490;  1 drivers, strength-aware
L_0x563683f40430 .functor BUFT 1, C8<771>, C4<0>, C4<0>, C4<0>;
v0x56368494a270_0 .net8 "VPWR", 0 0, L_0x563683f40430;  1 drivers, strength-aware
v0x56368494a310_0 .net "X", 0 0, L_0x5636849d9a20;  1 drivers
v0x56368494a440_0 .net "nand0_out", 0 0, L_0x5636849d9800;  1 drivers
v0x56368494a4e0_0 .net "or0_out_X", 0 0, L_0x5636849d98a0;  1 drivers
S_0x563683fce8f0 .scope module, "sky130_fd_sc_hd__or4bb_4" "sky130_fd_sc_hd__or4bb_4" 2 134061;
 .timescale -9 -12;
    .port_info 0 /OUTPUT 1 "X";
    .port_info 1 /INPUT 1 "A";
    .port_info 2 /INPUT 1 "B";
    .port_info 3 /INPUT 1 "C_N";
    .port_info 4 /INPUT 1 "D_N";
o0x7f0afd000db8 .functor BUFZ 1, C4<z>; HiZ drive
o0x7f0afd000d88 .functor BUFZ 1, C4<z>; HiZ drive
L_0x5636849d9ae0 .functor NAND 1, o0x7f0afd000db8, o0x7f0afd000d88, C4<1>, C4<1>;
o0x7f0afd000d58 .functor BUFZ 1, C4<z>; HiZ drive
o0x7f0afd000d28 .functor BUFZ 1, C4<z>; HiZ drive
L_0x5636849d9bb0 .functor OR 1, o0x7f0afd000d58, o0x7f0afd000d28, L_0x5636849d9ae0, C4<0>;
L_0x5636849d9d70 .functor BUF 1, L_0x5636849d9bb0, C4<0>, C4<0>, C4<0>;
v0x56368494a580_0 .net "A", 0 0, o0x7f0afd000d28;  0 drivers
v0x56368494a620_0 .net "B", 0 0, o0x7f0afd000d58;  0 drivers
v0x56368494a6c0_0 .net "C_N", 0 0, o0x7f0afd000d88;  0 drivers
v0x56368494a760_0 .net "D_N", 0 0, o0x7f0afd000db8;  0 drivers
L_0x563683f37490 .functor BUFT 1, C8<770>, C4<0>, C4<0>, C4<0>;
v0x56368494a800_0 .net8 "VGND", 0 0, L_0x563683f37490;  1 drivers, strength-aware
L_0x563683f37750 .functor BUFT 1, C8<770>, C4<0>, C4<0>, C4<0>;
v0x56368494a8a0_0 .net8 "VNB", 0 0, L_0x563683f37750;  1 drivers, strength-aware
L_0x563683f378b0 .functor BUFT 1, C8<771>, C4<0>, C4<0>, C4<0>;
v0x56368494a940_0 .net8 "VPB", 0 0, L_0x563683f378b0;  1 drivers, strength-aware
L_0x563683f37d60 .functor BUFT 1, C8<771>, C4<0>, C4<0>, C4<0>;
v0x56368494a9e0_0 .net8 "VPWR", 0 0, L_0x563683f37d60;  1 drivers, strength-aware
v0x56368494aa80_0 .net "X", 0 0, L_0x5636849d9d70;  1 drivers
v0x56368494abb0_0 .net "nand0_out", 0 0, L_0x5636849d9ae0;  1 drivers
v0x56368494ac50_0 .net "or0_out_X", 0 0, L_0x5636849d9bb0;  1 drivers
S_0x563683fd19f0 .scope module, "sky130_fd_sc_hd__probe_p_8" "sky130_fd_sc_hd__probe_p_8" 2 134372;
 .timescale -9 -12;
    .port_info 0 /OUTPUT 1 "X";
    .port_info 1 /INPUT 1 "A";
o0x7f0afd001028 .functor BUFZ 1, C4<z>; HiZ drive
L_0x5636849d9e30 .functor BUF 1, o0x7f0afd001028, C4<0>, C4<0>, C4<0>;
L_0x5636849d9ea0 .functor BUF 1, L_0x5636849d9e30, C4<0>, C4<0>, C4<0>;
v0x56368494acf0_0 .net "A", 0 0, o0x7f0afd001028;  0 drivers
L_0x563683f37f30 .functor BUFT 1, C8<770>, C4<0>, C4<0>, C4<0>;
v0x56368494ad90_0 .net8 "VGND", 0 0, L_0x563683f37f30;  1 drivers, strength-aware
L_0x563683f37330 .functor BUFT 1, C8<770>, C4<0>, C4<0>, C4<0>;
v0x56368494ae30_0 .net8 "VNB", 0 0, L_0x563683f37330;  1 drivers, strength-aware
L_0x563683f384a0 .functor BUFT 1, C8<771>, C4<0>, C4<0>, C4<0>;
v0x56368494aed0_0 .net8 "VPB", 0 0, L_0x563683f384a0;  1 drivers, strength-aware
L_0x563683f2f330 .functor BUFT 1, C8<771>, C4<0>, C4<0>, C4<0>;
v0x56368494af70_0 .net8 "VPWR", 0 0, L_0x563683f2f330;  1 drivers, strength-aware
v0x56368494b010_0 .net "X", 0 0, L_0x5636849d9ea0;  1 drivers
v0x56368494b0b0_0 .net "buf0_out_X", 0 0, L_0x5636849d9e30;  1 drivers
S_0x563683fd1b80 .scope module, "sky130_fd_sc_hd__probec_p_8" "sky130_fd_sc_hd__probec_p_8" 2 134672;
 .timescale -9 -12;
    .port_info 0 /OUTPUT 1 "X";
    .port_info 1 /INPUT 1 "A";
o0x7f0afd0011d8 .functor BUFZ 1, C4<z>; HiZ drive
L_0x5636849d9f90 .functor BUF 1, o0x7f0afd0011d8, C4<0>, C4<0>, C4<0>;
L_0x5636849da030 .functor BUF 1, L_0x5636849d9f90, C4<0>, C4<0>, C4<0>;
v0x56368494b150_0 .net "A", 0 0, o0x7f0afd0011d8;  0 drivers
L_0x563683f2f5f0 .functor BUFT 1, C8<770>, C4<0>, C4<0>, C4<0>;
v0x56368494b1f0_0 .net8 "VGND", 0 0, L_0x563683f2f5f0;  1 drivers, strength-aware
L_0x563683f2f8b0 .functor BUFT 1, C8<770>, C4<0>, C4<0>, C4<0>;
v0x56368494b290_0 .net8 "VNB", 0 0, L_0x563683f2f8b0;  1 drivers, strength-aware
L_0x563683f2fc00 .functor BUFT 1, C8<771>, C4<0>, C4<0>, C4<0>;
v0x56368494b330_0 .net8 "VPB", 0 0, L_0x563683f2fc00;  1 drivers, strength-aware
L_0x563683f2fdd0 .functor BUFT 1, C8<771>, C4<0>, C4<0>, C4<0>;
v0x56368494b3d0_0 .net8 "VPWR", 0 0, L_0x563683f2fdd0;  1 drivers, strength-aware
v0x56368494b470_0 .net "X", 0 0, L_0x5636849da030;  1 drivers
v0x56368494b510_0 .net "buf0_out_X", 0 0, L_0x5636849d9f90;  1 drivers
S_0x563683fd1d10 .scope module, "sky130_fd_sc_hd__sdfbbn_1" "sky130_fd_sc_hd__sdfbbn_1" 2 135080;
 .timescale -9 -12;
    .port_info 0 /OUTPUT 1 "Q";
    .port_info 1 /OUTPUT 1 "Q_N";
    .port_info 2 /INPUT 1 "D";
    .port_info 3 /INPUT 1 "SCD";
    .port_info 4 /INPUT 1 "SCE";
    .port_info 5 /INPUT 1 "CLK_N";
    .port_info 6 /INPUT 1 "SET_B";
    .port_info 7 /INPUT 1 "RESET_B";
o0x7f0afd001538 .functor BUFZ 1, C4<z>; HiZ drive
L_0x5636849da160 .functor NOT 1, o0x7f0afd001538, C4<0>, C4<0>, C4<0>;
o0x7f0afd001688 .functor BUFZ 1, C4<z>; HiZ drive
L_0x5636849da1d0 .functor NOT 1, o0x7f0afd001688, C4<0>, C4<0>, C4<0>;
o0x7f0afd0013e8 .functor BUFZ 1, C4<z>; HiZ drive
L_0x5636849da2e0 .functor NOT 1, o0x7f0afd0013e8, C4<0>, C4<0>, C4<0>;
o0x7f0afd001448 .functor BUFZ 1, C4<z>; HiZ drive
o0x7f0afd001598 .functor BUFZ 1, C4<z>; HiZ drive
o0x7f0afd0015f8 .functor BUFZ 1, C4<z>; HiZ drive
L_0x5636849da380 .udp UDP_sky130_fd_sc_hd__udp_mux_2to1, o0x7f0afd001448, o0x7f0afd001598, o0x7f0afd0015f8;
L_0x563683dd62b0 .functor BUFT 1, C8<771>, C4<0>, C4<0>, C4<0>;
L_0x563683f30170 .functor BUFT 1, C8<770>, C4<0>, C4<0>, C4<0>;
L_0x5636849da500 .udp UDP_sky130_fd_sc_hd__udp_dff$NSR_pp$PG$N, L_0x5636849da1d0, L_0x5636849da160, L_0x5636849da2e0, L_0x5636849da380, v0x56368494d050_0, L_0x563683dd62b0, L_0x563683f30170;
L_0x5636849daa00 .functor AND 1, L_0x5636849da7d0, L_0x5636849da8c0, C4<1>, C4<1>;
L_0x5636849dac60 .functor AND 1, L_0x5636849da7d0, L_0x5636849dab70, C4<1>, C4<1>;
L_0x5636849dad20 .functor AND 1, L_0x5636849daa00, L_0x5636849dac60, C4<1>, C4<1>;
L_0x5636849db010 .functor AND 1, L_0x5636849daea0, L_0x5636849dad20, C4<1>, C4<1>;
L_0x5636849db210 .functor AND 1, L_0x5636849db120, L_0x5636849dad20, C4<1>, C4<1>;
L_0x5636849dae30 .functor AND 1, L_0x5636849db350, L_0x5636849dad20, C4<1>, C4<1>;
L_0x5636849db570 .functor BUF 1, L_0x5636849da500, C4<0>, C4<0>, C4<0>;
L_0x5636849db670 .functor NOT 1, L_0x5636849da500, C4<0>, C4<0>, C4<0>;
v0x56368494b5b0_0 .net "CLK", 0 0, L_0x5636849da2e0;  1 drivers
o0x7f0afd0013b8 .functor BUFZ 1, C4<z>; HiZ drive
v0x56368494b650_0 .net "CLK_N", 0 0, o0x7f0afd0013b8;  0 drivers
v0x56368494b6f0_0 .net "CLK_N_delayed", 0 0, o0x7f0afd0013e8;  0 drivers
o0x7f0afd001418 .functor BUFZ 1, C4<z>; HiZ drive
v0x56368494b790_0 .net "D", 0 0, o0x7f0afd001418;  0 drivers
v0x56368494b830_0 .net "D_delayed", 0 0, o0x7f0afd001448;  0 drivers
v0x56368494b8d0_0 .net "Q", 0 0, L_0x5636849db570;  1 drivers
v0x56368494b970_0 .net "Q_N", 0 0, L_0x5636849db670;  1 drivers
v0x56368494ba10_0 .net "RESET", 0 0, L_0x5636849da160;  1 drivers
o0x7f0afd001508 .functor BUFZ 1, C4<z>; HiZ drive
v0x56368494bab0_0 .net "RESET_B", 0 0, o0x7f0afd001508;  0 drivers
v0x56368494bbe0_0 .net "RESET_B_delayed", 0 0, o0x7f0afd001538;  0 drivers
o0x7f0afd001568 .functor BUFZ 1, C4<z>; HiZ drive
v0x56368494bc80_0 .net "SCD", 0 0, o0x7f0afd001568;  0 drivers
v0x56368494bd20_0 .net "SCD_delayed", 0 0, o0x7f0afd001598;  0 drivers
o0x7f0afd0015c8 .functor BUFZ 1, C4<z>; HiZ drive
v0x56368494bdc0_0 .net "SCE", 0 0, o0x7f0afd0015c8;  0 drivers
v0x56368494be60_0 .net "SCE_delayed", 0 0, o0x7f0afd0015f8;  0 drivers
v0x56368494bf00_0 .net "SET", 0 0, L_0x5636849da1d0;  1 drivers
o0x7f0afd001658 .functor BUFZ 1, C4<z>; HiZ drive
v0x56368494bfa0_0 .net "SET_B", 0 0, o0x7f0afd001658;  0 drivers
v0x56368494c040_0 .net "SET_B_delayed", 0 0, o0x7f0afd001688;  0 drivers
v0x56368494c1f0_0 .net8 "VGND", 0 0, L_0x563683f30170;  1 drivers, strength-aware
L_0x563683f30340 .functor BUFT 1, C8<770>, C4<0>, C4<0>, C4<0>;
v0x56368494c290_0 .net8 "VNB", 0 0, L_0x563683f30340;  1 drivers, strength-aware
L_0x563683dd5ff0 .functor BUFT 1, C8<771>, C4<0>, C4<0>, C4<0>;
v0x56368494c330_0 .net8 "VPB", 0 0, L_0x563683dd5ff0;  1 drivers, strength-aware
v0x56368494c3d0_0 .net8 "VPWR", 0 0, L_0x563683dd62b0;  1 drivers, strength-aware
v0x56368494c470_0 .net *"_ivl_10", 0 0, L_0x5636849da8c0;  1 drivers
L_0x7f0afcfa5a40 .functor BUFT 1, C4<1>, C4<0>, C4<0>, C4<0>;
v0x56368494c510_0 .net/2u *"_ivl_14", 0 0, L_0x7f0afcfa5a40;  1 drivers
v0x56368494c5b0_0 .net *"_ivl_16", 0 0, L_0x5636849dab70;  1 drivers
L_0x7f0afcfa5a88 .functor BUFT 1, C4<0>, C4<0>, C4<0>, C4<0>;
v0x56368494c650_0 .net/2u *"_ivl_22", 0 0, L_0x7f0afcfa5a88;  1 drivers
v0x56368494c6f0_0 .net *"_ivl_24", 0 0, L_0x5636849daea0;  1 drivers
L_0x7f0afcfa5ad0 .functor BUFT 1, C4<1>, C4<0>, C4<0>, C4<0>;
v0x56368494c790_0 .net/2u *"_ivl_28", 0 0, L_0x7f0afcfa5ad0;  1 drivers
v0x56368494c830_0 .net *"_ivl_30", 0 0, L_0x5636849db120;  1 drivers
v0x56368494c8d0_0 .net *"_ivl_34", 0 0, L_0x5636849db350;  1 drivers
L_0x7f0afcfa59b0 .functor BUFT 1, C4<1>, C4<0>, C4<0>, C4<0>;
v0x56368494c970_0 .net/2u *"_ivl_4", 0 0, L_0x7f0afcfa59b0;  1 drivers
L_0x7f0afcfa59f8 .functor BUFT 1, C4<1>, C4<0>, C4<0>, C4<0>;
v0x56368494ca10_0 .net/2u *"_ivl_8", 0 0, L_0x7f0afcfa59f8;  1 drivers
v0x56368494cab0_0 .net "awake", 0 0, L_0x5636849da7d0;  1 drivers
v0x56368494cb50_0 .net "buf_Q", 0 0, L_0x5636849da500;  1 drivers
v0x56368494cbf0_0 .net "cond0", 0 0, L_0x5636849daa00;  1 drivers
v0x56368494cc90_0 .net "cond1", 0 0, L_0x5636849dac60;  1 drivers
v0x56368494cd30_0 .net "cond_D", 0 0, L_0x5636849db010;  1 drivers
v0x56368494cdd0_0 .net "cond_SCD", 0 0, L_0x5636849db210;  1 drivers
v0x56368494ce70_0 .net "cond_SCE", 0 0, L_0x5636849dae30;  1 drivers
v0x56368494cf10_0 .net "condb", 0 0, L_0x5636849dad20;  1 drivers
v0x56368494cfb0_0 .net "mux_out", 0 0, L_0x5636849da380;  1 drivers
v0x56368494d050_0 .var "notifier", 0 0;
L_0x5636849da7d0 .cmp/eeq 1, L_0x563683dd62b0, L_0x7f0afcfa59b0;
L_0x5636849da8c0 .cmp/eeq 1, o0x7f0afd001538, L_0x7f0afcfa59f8;
L_0x5636849dab70 .cmp/eeq 1, o0x7f0afd001688, L_0x7f0afcfa5a40;
L_0x5636849daea0 .cmp/eeq 1, o0x7f0afd0015f8, L_0x7f0afcfa5a88;
L_0x5636849db120 .cmp/eeq 1, o0x7f0afd0015f8, L_0x7f0afcfa5ad0;
L_0x5636849db350 .cmp/nee 1, o0x7f0afd001448, o0x7f0afd001598;
S_0x563683fd8230 .scope module, "sky130_fd_sc_hd__sdfbbn_2" "sky130_fd_sc_hd__sdfbbn_2" 2 135549;
 .timescale -9 -12;
    .port_info 0 /OUTPUT 1 "Q";
    .port_info 1 /OUTPUT 1 "Q_N";
    .port_info 2 /INPUT 1 "D";
    .port_info 3 /INPUT 1 "SCD";
    .port_info 4 /INPUT 1 "SCE";
    .port_info 5 /INPUT 1 "CLK_N";
    .port_info 6 /INPUT 1 "SET_B";
    .port_info 7 /INPUT 1 "RESET_B";
o0x7f0afd001e68 .functor BUFZ 1, C4<z>; HiZ drive
L_0x5636849db6e0 .functor NOT 1, o0x7f0afd001e68, C4<0>, C4<0>, C4<0>;
o0x7f0afd001fb8 .functor BUFZ 1, C4<z>; HiZ drive
L_0x5636849db750 .functor NOT 1, o0x7f0afd001fb8, C4<0>, C4<0>, C4<0>;
o0x7f0afd001d18 .functor BUFZ 1, C4<z>; HiZ drive
L_0x5636849db7c0 .functor NOT 1, o0x7f0afd001d18, C4<0>, C4<0>, C4<0>;
o0x7f0afd001d78 .functor BUFZ 1, C4<z>; HiZ drive
o0x7f0afd001ec8 .functor BUFZ 1, C4<z>; HiZ drive
o0x7f0afd001f28 .functor BUFZ 1, C4<z>; HiZ drive
L_0x5636849db830 .udp UDP_sky130_fd_sc_hd__udp_mux_2to1, o0x7f0afd001d78, o0x7f0afd001ec8, o0x7f0afd001f28;
L_0x563683dd5e90 .functor BUFT 1, C8<771>, C4<0>, C4<0>, C4<0>;
L_0x563683dd6760 .functor BUFT 1, C8<770>, C4<0>, C4<0>, C4<0>;
L_0x5636849db960 .udp UDP_sky130_fd_sc_hd__udp_dff$NSR_pp$PG$N, L_0x5636849db750, L_0x5636849db6e0, L_0x5636849db7c0, L_0x5636849db830, v0x56368494ec00_0, L_0x563683dd5e90, L_0x563683dd6760;
L_0x5636849dbe60 .functor AND 1, L_0x5636849dbc30, L_0x5636849dbd20, C4<1>, C4<1>;
L_0x5636849dc060 .functor AND 1, L_0x5636849dbc30, L_0x5636849dbf70, C4<1>, C4<1>;
L_0x5636849dc120 .functor AND 1, L_0x5636849dbe60, L_0x5636849dc060, C4<1>, C4<1>;
L_0x5636849dc410 .functor AND 1, L_0x5636849dc2a0, L_0x5636849dc120, C4<1>, C4<1>;
L_0x5636849dc610 .functor AND 1, L_0x5636849dc520, L_0x5636849dc120, C4<1>, C4<1>;
L_0x5636849dc230 .functor AND 1, L_0x5636849dc750, L_0x5636849dc120, C4<1>, C4<1>;
L_0x5636849dc9b0 .functor BUF 1, L_0x5636849db960, C4<0>, C4<0>, C4<0>;
L_0x5636849dcab0 .functor NOT 1, L_0x5636849db960, C4<0>, C4<0>, C4<0>;
v0x56368494d0f0_0 .net "CLK", 0 0, L_0x5636849db7c0;  1 drivers
o0x7f0afd001ce8 .functor BUFZ 1, C4<z>; HiZ drive
v0x56368494d190_0 .net "CLK_N", 0 0, o0x7f0afd001ce8;  0 drivers
v0x56368494d230_0 .net "CLK_N_delayed", 0 0, o0x7f0afd001d18;  0 drivers
o0x7f0afd001d48 .functor BUFZ 1, C4<z>; HiZ drive
v0x56368494d2d0_0 .net "D", 0 0, o0x7f0afd001d48;  0 drivers
v0x56368494d370_0 .net "D_delayed", 0 0, o0x7f0afd001d78;  0 drivers
v0x56368494d410_0 .net "Q", 0 0, L_0x5636849dc9b0;  1 drivers
v0x56368494d4b0_0 .net "Q_N", 0 0, L_0x5636849dcab0;  1 drivers
v0x56368494d550_0 .net "RESET", 0 0, L_0x5636849db6e0;  1 drivers
o0x7f0afd001e38 .functor BUFZ 1, C4<z>; HiZ drive
v0x56368494d5f0_0 .net "RESET_B", 0 0, o0x7f0afd001e38;  0 drivers
v0x56368494d690_0 .net "RESET_B_delayed", 0 0, o0x7f0afd001e68;  0 drivers
o0x7f0afd001e98 .functor BUFZ 1, C4<z>; HiZ drive
v0x56368494d730_0 .net "SCD", 0 0, o0x7f0afd001e98;  0 drivers
v0x56368494d7d0_0 .net "SCD_delayed", 0 0, o0x7f0afd001ec8;  0 drivers
o0x7f0afd001ef8 .functor BUFZ 1, C4<z>; HiZ drive
v0x56368494d870_0 .net "SCE", 0 0, o0x7f0afd001ef8;  0 drivers
v0x56368494d910_0 .net "SCE_delayed", 0 0, o0x7f0afd001f28;  0 drivers
v0x56368494d9b0_0 .net "SET", 0 0, L_0x5636849db750;  1 drivers
o0x7f0afd001f88 .functor BUFZ 1, C4<z>; HiZ drive
v0x56368494da50_0 .net "SET_B", 0 0, o0x7f0afd001f88;  0 drivers
v0x56368494daf0_0 .net "SET_B_delayed", 0 0, o0x7f0afd001fb8;  0 drivers
v0x56368494db90_0 .net8 "VGND", 0 0, L_0x563683dd6760;  1 drivers, strength-aware
L_0x563683dd6b00 .functor BUFT 1, C8<770>, C4<0>, C4<0>, C4<0>;
v0x56368494dc30_0 .net8 "VNB", 0 0, L_0x563683dd6b00;  1 drivers, strength-aware
L_0x563683dd6570 .functor BUFT 1, C8<771>, C4<0>, C4<0>, C4<0>;
v0x56368494dcd0_0 .net8 "VPB", 0 0, L_0x563683dd6570;  1 drivers, strength-aware
v0x56368494dd70_0 .net8 "VPWR", 0 0, L_0x563683dd5e90;  1 drivers, strength-aware
v0x56368494de10_0 .net *"_ivl_10", 0 0, L_0x5636849dbd20;  1 drivers
L_0x7f0afcfa5ba8 .functor BUFT 1, C4<1>, C4<0>, C4<0>, C4<0>;
v0x56368494deb0_0 .net/2u *"_ivl_14", 0 0, L_0x7f0afcfa5ba8;  1 drivers
v0x56368494df50_0 .net *"_ivl_16", 0 0, L_0x5636849dbf70;  1 drivers
L_0x7f0afcfa5bf0 .functor BUFT 1, C4<0>, C4<0>, C4<0>, C4<0>;
v0x56368494dff0_0 .net/2u *"_ivl_22", 0 0, L_0x7f0afcfa5bf0;  1 drivers
v0x56368494e090_0 .net *"_ivl_24", 0 0, L_0x5636849dc2a0;  1 drivers
L_0x7f0afcfa5c38 .functor BUFT 1, C4<1>, C4<0>, C4<0>, C4<0>;
v0x56368494e130_0 .net/2u *"_ivl_28", 0 0, L_0x7f0afcfa5c38;  1 drivers
v0x56368494e1d0_0 .net *"_ivl_30", 0 0, L_0x5636849dc520;  1 drivers
v0x56368494e270_0 .net *"_ivl_34", 0 0, L_0x5636849dc750;  1 drivers
L_0x7f0afcfa5b18 .functor BUFT 1, C4<1>, C4<0>, C4<0>, C4<0>;
v0x56368494e310_0 .net/2u *"_ivl_4", 0 0, L_0x7f0afcfa5b18;  1 drivers
L_0x7f0afcfa5b60 .functor BUFT 1, C4<1>, C4<0>, C4<0>, C4<0>;
v0x56368494e3b0_0 .net/2u *"_ivl_8", 0 0, L_0x7f0afcfa5b60;  1 drivers
v0x56368494e450_0 .net "awake", 0 0, L_0x5636849dbc30;  1 drivers
v0x56368494e4f0_0 .net "buf_Q", 0 0, L_0x5636849db960;  1 drivers
v0x56368494e7a0_0 .net "cond0", 0 0, L_0x5636849dbe60;  1 drivers
v0x56368494e840_0 .net "cond1", 0 0, L_0x5636849dc060;  1 drivers
v0x56368494e8e0_0 .net "cond_D", 0 0, L_0x5636849dc410;  1 drivers
v0x56368494e980_0 .net "cond_SCD", 0 0, L_0x5636849dc610;  1 drivers
v0x56368494ea20_0 .net "cond_SCE", 0 0, L_0x5636849dc230;  1 drivers
v0x56368494eac0_0 .net "condb", 0 0, L_0x5636849dc120;  1 drivers
v0x56368494eb60_0 .net "mux_out", 0 0, L_0x5636849db830;  1 drivers
v0x56368494ec00_0 .var "notifier", 0 0;
L_0x5636849dbc30 .cmp/eeq 1, L_0x563683dd5e90, L_0x7f0afcfa5b18;
L_0x5636849dbd20 .cmp/eeq 1, o0x7f0afd001e68, L_0x7f0afcfa5b60;
L_0x5636849dbf70 .cmp/eeq 1, o0x7f0afd001fb8, L_0x7f0afcfa5ba8;
L_0x5636849dc2a0 .cmp/eeq 1, o0x7f0afd001f28, L_0x7f0afcfa5bf0;
L_0x5636849dc520 .cmp/eeq 1, o0x7f0afd001f28, L_0x7f0afcfa5c38;
L_0x5636849dc750 .cmp/nee 1, o0x7f0afd001d78, o0x7f0afd001ec8;
S_0x563683fd84e0 .scope module, "sky130_fd_sc_hd__sdfbbp_1" "sky130_fd_sc_hd__sdfbbp_1" 2 136012;
 .timescale -9 -12;
    .port_info 0 /OUTPUT 1 "Q";
    .port_info 1 /OUTPUT 1 "Q_N";
    .port_info 2 /INPUT 1 "D";
    .port_info 3 /INPUT 1 "SCD";
    .port_info 4 /INPUT 1 "SCE";
    .port_info 5 /INPUT 1 "CLK";
    .port_info 6 /INPUT 1 "SET_B";
    .port_info 7 /INPUT 1 "RESET_B";
o0x7f0afd002768 .functor BUFZ 1, C4<z>; HiZ drive
L_0x5636849dcb20 .functor NOT 1, o0x7f0afd002768, C4<0>, C4<0>, C4<0>;
o0x7f0afd0028b8 .functor BUFZ 1, C4<z>; HiZ drive
L_0x5636849dcb90 .functor NOT 1, o0x7f0afd0028b8, C4<0>, C4<0>, C4<0>;
o0x7f0afd002678 .functor BUFZ 1, C4<z>; HiZ drive
o0x7f0afd0027c8 .functor BUFZ 1, C4<z>; HiZ drive
o0x7f0afd002828 .functor BUFZ 1, C4<z>; HiZ drive
L_0x5636849dcc40 .udp UDP_sky130_fd_sc_hd__udp_mux_2to1, o0x7f0afd002678, o0x7f0afd0027c8, o0x7f0afd002828;
o0x7f0afd002618 .functor BUFZ 1, C4<z>; HiZ drive
L_0x563683dd0180 .functor BUFT 1, C8<771>, C4<0>, C4<0>, C4<0>;
L_0x563683dd6ea0 .functor BUFT 1, C8<770>, C4<0>, C4<0>, C4<0>;
L_0x5636849dccb0 .udp UDP_sky130_fd_sc_hd__udp_dff$NSR_pp$PG$N, L_0x5636849dcb90, L_0x5636849dcb20, o0x7f0afd002618, L_0x5636849dcc40, v0x563684950710_0, L_0x563683dd0180, L_0x563683dd6ea0;
L_0x5636849dd1b0 .functor AND 1, L_0x5636849dcf80, L_0x5636849dd070, C4<1>, C4<1>;
L_0x5636849dd400 .functor AND 1, L_0x5636849dcf80, L_0x5636849dd2c0, C4<1>, C4<1>;
L_0x5636849dd4c0 .functor AND 1, L_0x5636849dd1b0, L_0x5636849dd400, C4<1>, C4<1>;
L_0x5636849dd6f0 .functor AND 1, L_0x5636849dd580, L_0x5636849dd4c0, C4<1>, C4<1>;
L_0x5636849dd960 .functor AND 1, L_0x5636849dd870, L_0x5636849dd4c0, C4<1>, C4<1>;
L_0x5636849ddb60 .functor AND 1, L_0x5636849dda20, L_0x5636849dd4c0, C4<1>, C4<1>;
L_0x5636849dd800 .functor BUF 1, L_0x5636849dccb0, C4<0>, C4<0>, C4<0>;
L_0x5636849ddd30 .functor NOT 1, L_0x5636849dccb0, C4<0>, C4<0>, C4<0>;
o0x7f0afd0025e8 .functor BUFZ 1, C4<z>; HiZ drive
v0x56368494eca0_0 .net "CLK", 0 0, o0x7f0afd0025e8;  0 drivers
v0x56368494ed40_0 .net "CLK_delayed", 0 0, o0x7f0afd002618;  0 drivers
o0x7f0afd002648 .functor BUFZ 1, C4<z>; HiZ drive
v0x56368494ede0_0 .net "D", 0 0, o0x7f0afd002648;  0 drivers
v0x56368494ee80_0 .net "D_delayed", 0 0, o0x7f0afd002678;  0 drivers
v0x56368494ef20_0 .net "Q", 0 0, L_0x5636849dd800;  1 drivers
v0x56368494efc0_0 .net "Q_N", 0 0, L_0x5636849ddd30;  1 drivers
v0x56368494f060_0 .net "RESET", 0 0, L_0x5636849dcb20;  1 drivers
o0x7f0afd002738 .functor BUFZ 1, C4<z>; HiZ drive
v0x56368494f100_0 .net "RESET_B", 0 0, o0x7f0afd002738;  0 drivers
v0x56368494f1a0_0 .net "RESET_B_delayed", 0 0, o0x7f0afd002768;  0 drivers
o0x7f0afd002798 .functor BUFZ 1, C4<z>; HiZ drive
v0x56368494f240_0 .net "SCD", 0 0, o0x7f0afd002798;  0 drivers
v0x56368494f2e0_0 .net "SCD_delayed", 0 0, o0x7f0afd0027c8;  0 drivers
o0x7f0afd0027f8 .functor BUFZ 1, C4<z>; HiZ drive
v0x56368494f380_0 .net "SCE", 0 0, o0x7f0afd0027f8;  0 drivers
v0x56368494f420_0 .net "SCE_delayed", 0 0, o0x7f0afd002828;  0 drivers
v0x56368494f4c0_0 .net "SET", 0 0, L_0x5636849dcb90;  1 drivers
o0x7f0afd002888 .functor BUFZ 1, C4<z>; HiZ drive
v0x56368494f560_0 .net "SET_B", 0 0, o0x7f0afd002888;  0 drivers
v0x56368494f600_0 .net "SET_B_delayed", 0 0, o0x7f0afd0028b8;  0 drivers
v0x56368494f6a0_0 .net8 "VGND", 0 0, L_0x563683dd6ea0;  1 drivers, strength-aware
L_0x563683dcfd60 .functor BUFT 1, C8<770>, C4<0>, C4<0>, C4<0>;
v0x56368494f740_0 .net8 "VNB", 0 0, L_0x563683dcfd60;  1 drivers, strength-aware
L_0x563683dcfec0 .functor BUFT 1, C8<771>, C4<0>, C4<0>, C4<0>;
v0x56368494f7e0_0 .net8 "VPB", 0 0, L_0x563683dcfec0;  1 drivers, strength-aware
v0x56368494f880_0 .net8 "VPWR", 0 0, L_0x563683dd0180;  1 drivers, strength-aware
v0x56368494f920_0 .net *"_ivl_10", 0 0, L_0x5636849dd070;  1 drivers
L_0x7f0afcfa5d10 .functor BUFT 1, C4<1>, C4<0>, C4<0>, C4<0>;
v0x56368494f9c0_0 .net/2u *"_ivl_14", 0 0, L_0x7f0afcfa5d10;  1 drivers
v0x56368494fa60_0 .net *"_ivl_16", 0 0, L_0x5636849dd2c0;  1 drivers
L_0x7f0afcfa5d58 .functor BUFT 1, C4<0>, C4<0>, C4<0>, C4<0>;
v0x56368494fb00_0 .net/2u *"_ivl_22", 0 0, L_0x7f0afcfa5d58;  1 drivers
v0x56368494fba0_0 .net *"_ivl_24", 0 0, L_0x5636849dd580;  1 drivers
L_0x7f0afcfa5da0 .functor BUFT 1, C4<1>, C4<0>, C4<0>, C4<0>;
v0x56368494fc40_0 .net/2u *"_ivl_28", 0 0, L_0x7f0afcfa5da0;  1 drivers
v0x56368494fce0_0 .net *"_ivl_30", 0 0, L_0x5636849dd870;  1 drivers
v0x56368494fd80_0 .net *"_ivl_34", 0 0, L_0x5636849dda20;  1 drivers
L_0x7f0afcfa5c80 .functor BUFT 1, C4<1>, C4<0>, C4<0>, C4<0>;
v0x56368494fe20_0 .net/2u *"_ivl_4", 0 0, L_0x7f0afcfa5c80;  1 drivers
L_0x7f0afcfa5cc8 .functor BUFT 1, C4<1>, C4<0>, C4<0>, C4<0>;
v0x56368494fec0_0 .net/2u *"_ivl_8", 0 0, L_0x7f0afcfa5cc8;  1 drivers
v0x56368494ff60_0 .net "awake", 0 0, L_0x5636849dcf80;  1 drivers
v0x563684950000_0 .net "buf_Q", 0 0, L_0x5636849dccb0;  1 drivers
v0x5636849500a0_0 .net "cond0", 0 0, L_0x5636849dd1b0;  1 drivers
v0x563684950350_0 .net "cond1", 0 0, L_0x5636849dd400;  1 drivers
v0x5636849503f0_0 .net "cond_D", 0 0, L_0x5636849dd6f0;  1 drivers
v0x563684950490_0 .net "cond_SCD", 0 0, L_0x5636849dd960;  1 drivers
v0x563684950530_0 .net "cond_SCE", 0 0, L_0x5636849ddb60;  1 drivers
v0x5636849505d0_0 .net "condb", 0 0, L_0x5636849dd4c0;  1 drivers
v0x563684950670_0 .net "mux_out", 0 0, L_0x5636849dcc40;  1 drivers
v0x563684950710_0 .var "notifier", 0 0;
L_0x5636849dcf80 .cmp/eeq 1, L_0x563683dd0180, L_0x7f0afcfa5c80;
L_0x5636849dd070 .cmp/eeq 1, o0x7f0afd002768, L_0x7f0afcfa5cc8;
L_0x5636849dd2c0 .cmp/eeq 1, o0x7f0afd0028b8, L_0x7f0afcfa5d10;
L_0x5636849dd580 .cmp/eeq 1, o0x7f0afd002828, L_0x7f0afcfa5d58;
L_0x5636849dd870 .cmp/eeq 1, o0x7f0afd002828, L_0x7f0afcfa5da0;
L_0x5636849dda20 .cmp/nee 1, o0x7f0afd002678, o0x7f0afd0027c8;
S_0x563683fd3400 .scope module, "sky130_fd_sc_hd__sdfrbp_1" "sky130_fd_sc_hd__sdfrbp_1" 2 136452;
 .timescale -9 -12;
    .port_info 0 /OUTPUT 1 "Q";
    .port_info 1 /OUTPUT 1 "Q_N";
    .port_info 2 /INPUT 1 "CLK";
    .port_info 3 /INPUT 1 "D";
    .port_info 4 /INPUT 1 "SCD";
    .port_info 5 /INPUT 1 "SCE";
    .port_info 6 /INPUT 1 "RESET_B";
o0x7f0afd003068 .functor BUFZ 1, C4<z>; HiZ drive
L_0x5636849dde30 .functor NOT 1, o0x7f0afd003068, C4<0>, C4<0>, C4<0>;
o0x7f0afd002f78 .functor BUFZ 1, C4<z>; HiZ drive
o0x7f0afd0030c8 .functor BUFZ 1, C4<z>; HiZ drive
o0x7f0afd003128 .functor BUFZ 1, C4<z>; HiZ drive
L_0x5636849ddea0 .udp UDP_sky130_fd_sc_hd__udp_mux_2to1, o0x7f0afd002f78, o0x7f0afd0030c8, o0x7f0afd003128;
o0x7f0afd002f18 .functor BUFZ 1, C4<z>; HiZ drive
L_0x563683dd0a40 .functor BUFT 1, C8<771>, C4<0>, C4<0>, C4<0>;
L_0x563683dd0870 .functor BUFT 1, C8<770>, C4<0>, C4<0>, C4<0>;
L_0x5636849ddf70 .udp UDP_sky130_fd_sc_hd__udp_dff$PR_pp$PG$N, L_0x5636849ddea0, o0x7f0afd002f18, L_0x5636849dde30, v0x563684951fa0_0, L_0x563683dd0a40, L_0x563683dd0870;
L_0x5636849de380 .functor AND 1, L_0x5636849de240, L_0x5636849de150, C4<1>, C4<1>;
L_0x5636849de5d0 .functor AND 1, L_0x5636849de490, L_0x5636849de380, C4<1>, C4<1>;
L_0x5636849de800 .functor AND 1, L_0x5636849de6e0, L_0x5636849de380, C4<1>, C4<1>;
L_0x5636849de9b0 .functor AND 1, L_0x5636849de8c0, L_0x5636849de380, C4<1>, C4<1>;
L_0x5636849debe0 .functor AND 1, L_0x5636849deb00, L_0x5636849de150, C4<1>, C4<1>;
L_0x5636849ded10 .functor BUF 1, L_0x5636849ddf70, C4<0>, C4<0>, C4<0>;
L_0x5636849dedd0 .functor NOT 1, L_0x5636849ddf70, C4<0>, C4<0>, C4<0>;
o0x7f0afd002ee8 .functor BUFZ 1, C4<z>; HiZ drive
v0x5636849507b0_0 .net "CLK", 0 0, o0x7f0afd002ee8;  0 drivers
v0x563684950850_0 .net "CLK_delayed", 0 0, o0x7f0afd002f18;  0 drivers
o0x7f0afd002f48 .functor BUFZ 1, C4<z>; HiZ drive
v0x5636849508f0_0 .net "D", 0 0, o0x7f0afd002f48;  0 drivers
v0x563684950990_0 .net "D_delayed", 0 0, o0x7f0afd002f78;  0 drivers
v0x563684950a30_0 .net "Q", 0 0, L_0x5636849ded10;  1 drivers
v0x563684950ad0_0 .net "Q_N", 0 0, L_0x5636849dedd0;  1 drivers
v0x563684950b70_0 .net "RESET", 0 0, L_0x5636849dde30;  1 drivers
o0x7f0afd003038 .functor BUFZ 1, C4<z>; HiZ drive
v0x563684950c10_0 .net "RESET_B", 0 0, o0x7f0afd003038;  0 drivers
v0x563684950cb0_0 .net "RESET_B_delayed", 0 0, o0x7f0afd003068;  0 drivers
o0x7f0afd003098 .functor BUFZ 1, C4<z>; HiZ drive
v0x563684950d50_0 .net "SCD", 0 0, o0x7f0afd003098;  0 drivers
v0x563684950df0_0 .net "SCD_delayed", 0 0, o0x7f0afd0030c8;  0 drivers
o0x7f0afd0030f8 .functor BUFZ 1, C4<z>; HiZ drive
v0x563684950e90_0 .net "SCE", 0 0, o0x7f0afd0030f8;  0 drivers
v0x563684950f30_0 .net "SCE_delayed", 0 0, o0x7f0afd003128;  0 drivers
v0x563684950fd0_0 .net8 "VGND", 0 0, L_0x563683dd0870;  1 drivers, strength-aware
L_0x563683dd06a0 .functor BUFT 1, C8<770>, C4<0>, C4<0>, C4<0>;
v0x563684951070_0 .net8 "VNB", 0 0, L_0x563683dd06a0;  1 drivers, strength-aware
L_0x563683dcfc00 .functor BUFT 1, C8<771>, C4<0>, C4<0>, C4<0>;
v0x563684951110_0 .net8 "VPB", 0 0, L_0x563683dcfc00;  1 drivers, strength-aware
v0x5636849511b0_0 .net8 "VPWR", 0 0, L_0x563683dd0a40;  1 drivers, strength-aware
v0x563684951250_0 .net *"_ivl_10", 0 0, L_0x5636849de240;  1 drivers
L_0x7f0afcfa5e78 .functor BUFT 1, C4<0>, C4<0>, C4<0>, C4<0>;
v0x5636849512f0_0 .net/2u *"_ivl_14", 0 0, L_0x7f0afcfa5e78;  1 drivers
v0x563684951390_0 .net *"_ivl_16", 0 0, L_0x5636849de490;  1 drivers
L_0x7f0afcfa5ec0 .functor BUFT 1, C4<1>, C4<0>, C4<0>, C4<0>;
v0x563684951430_0 .net/2u *"_ivl_20", 0 0, L_0x7f0afcfa5ec0;  1 drivers
v0x5636849514d0_0 .net *"_ivl_22", 0 0, L_0x5636849de6e0;  1 drivers
v0x563684951570_0 .net *"_ivl_26", 0 0, L_0x5636849de8c0;  1 drivers
L_0x7f0afcfa5f08 .functor BUFT 1, C4<1>, C4<0>, C4<0>, C4<0>;
v0x563684951610_0 .net/2u *"_ivl_30", 0 0, L_0x7f0afcfa5f08;  1 drivers
v0x5636849516b0_0 .net *"_ivl_32", 0 0, L_0x5636849deb00;  1 drivers
L_0x7f0afcfa5de8 .functor BUFT 1, C4<1>, C4<0>, C4<0>, C4<0>;
v0x563684951750_0 .net/2u *"_ivl_4", 0 0, L_0x7f0afcfa5de8;  1 drivers
L_0x7f0afcfa5e30 .functor BUFT 1, C4<1>, C4<0>, C4<0>, C4<0>;
v0x5636849517f0_0 .net/2u *"_ivl_8", 0 0, L_0x7f0afcfa5e30;  1 drivers
v0x563684951890_0 .net "awake", 0 0, L_0x5636849de150;  1 drivers
v0x563684951930_0 .net "buf_Q", 0 0, L_0x5636849ddf70;  1 drivers
v0x5636849519d0_0 .net "cond0", 0 0, L_0x5636849de380;  1 drivers
v0x563684951a70_0 .net "cond1", 0 0, L_0x5636849de5d0;  1 drivers
v0x563684951b10_0 .net "cond2", 0 0, L_0x5636849de800;  1 drivers
v0x563684951bb0_0 .net "cond3", 0 0, L_0x5636849de9b0;  1 drivers
v0x563684951e60_0 .net "cond4", 0 0, L_0x5636849debe0;  1 drivers
v0x563684951f00_0 .net "mux_out", 0 0, L_0x5636849ddea0;  1 drivers
v0x563684951fa0_0 .var "notifier", 0 0;
L_0x5636849de150 .cmp/eeq 1, L_0x563683dd0a40, L_0x7f0afcfa5de8;
L_0x5636849de240 .cmp/eeq 1, o0x7f0afd003068, L_0x7f0afcfa5e30;
L_0x5636849de490 .cmp/eeq 1, o0x7f0afd003128, L_0x7f0afcfa5e78;
L_0x5636849de6e0 .cmp/eeq 1, o0x7f0afd003128, L_0x7f0afcfa5ec0;
L_0x5636849de8c0 .cmp/nee 1, o0x7f0afd002f78, o0x7f0afd0030c8;
L_0x5636849deb00 .cmp/eeq 1, o0x7f0afd003038, L_0x7f0afcfa5f08;
S_0x563683fd3640 .scope module, "sky130_fd_sc_hd__sdfrbp_2" "sky130_fd_sc_hd__sdfrbp_2" 2 136879;
 .timescale -9 -12;
    .port_info 0 /OUTPUT 1 "Q";
    .port_info 1 /OUTPUT 1 "Q_N";
    .port_info 2 /INPUT 1 "CLK";
    .port_info 3 /INPUT 1 "D";
    .port_info 4 /INPUT 1 "SCD";
    .port_info 5 /INPUT 1 "SCE";
    .port_info 6 /INPUT 1 "RESET_B";
o0x7f0afd003878 .functor BUFZ 1, C4<z>; HiZ drive
L_0x5636849deca0 .functor NOT 1, o0x7f0afd003878, C4<0>, C4<0>, C4<0>;
o0x7f0afd003788 .functor BUFZ 1, C4<z>; HiZ drive
o0x7f0afd0038d8 .functor BUFZ 1, C4<z>; HiZ drive
o0x7f0afd003938 .functor BUFZ 1, C4<z>; HiZ drive
L_0x5636849deef0 .udp UDP_sky130_fd_sc_hd__udp_mux_2to1, o0x7f0afd003788, o0x7f0afd0038d8, o0x7f0afd003938;
o0x7f0afd003728 .functor BUFZ 1, C4<z>; HiZ drive
L_0x563683dca240 .functor BUFT 1, C8<771>, C4<0>, C4<0>, C4<0>;
L_0x563683dd0de0 .functor BUFT 1, C8<770>, C4<0>, C4<0>, C4<0>;
L_0x5636849df090 .udp UDP_sky130_fd_sc_hd__udp_dff$PR_pp$PG$N, L_0x5636849deef0, o0x7f0afd003728, L_0x5636849deca0, v0x563684953830_0, L_0x563683dca240, L_0x563683dd0de0;
L_0x5636849df470 .functor AND 1, L_0x5636849df330, L_0x5636849df240, C4<1>, C4<1>;
L_0x5636849df710 .functor AND 1, L_0x5636849df5d0, L_0x5636849df470, C4<1>, C4<1>;
L_0x5636849df940 .functor AND 1, L_0x5636849df820, L_0x5636849df470, C4<1>, C4<1>;
L_0x5636849dfaf0 .functor AND 1, L_0x5636849dfa00, L_0x5636849df470, C4<1>, C4<1>;
L_0x5636849dfd20 .functor AND 1, L_0x5636849dfc40, L_0x5636849df240, C4<1>, C4<1>;
L_0x5636849dfe50 .functor BUF 1, L_0x5636849df090, C4<0>, C4<0>, C4<0>;
L_0x5636849dff10 .functor NOT 1, L_0x5636849df090, C4<0>, C4<0>, C4<0>;
o0x7f0afd0036f8 .functor BUFZ 1, C4<z>; HiZ drive
v0x563684952040_0 .net "CLK", 0 0, o0x7f0afd0036f8;  0 drivers
v0x5636849520e0_0 .net "CLK_delayed", 0 0, o0x7f0afd003728;  0 drivers
o0x7f0afd003758 .functor BUFZ 1, C4<z>; HiZ drive
v0x563684952180_0 .net "D", 0 0, o0x7f0afd003758;  0 drivers
v0x563684952220_0 .net "D_delayed", 0 0, o0x7f0afd003788;  0 drivers
v0x5636849522c0_0 .net "Q", 0 0, L_0x5636849dfe50;  1 drivers
v0x563684952360_0 .net "Q_N", 0 0, L_0x5636849dff10;  1 drivers
v0x563684952400_0 .net "RESET", 0 0, L_0x5636849deca0;  1 drivers
o0x7f0afd003848 .functor BUFZ 1, C4<z>; HiZ drive
v0x5636849524a0_0 .net "RESET_B", 0 0, o0x7f0afd003848;  0 drivers
v0x563684952540_0 .net "RESET_B_delayed", 0 0, o0x7f0afd003878;  0 drivers
o0x7f0afd0038a8 .functor BUFZ 1, C4<z>; HiZ drive
v0x5636849525e0_0 .net "SCD", 0 0, o0x7f0afd0038a8;  0 drivers
v0x563684952680_0 .net "SCD_delayed", 0 0, o0x7f0afd0038d8;  0 drivers
o0x7f0afd003908 .functor BUFZ 1, C4<z>; HiZ drive
v0x563684952720_0 .net "SCE", 0 0, o0x7f0afd003908;  0 drivers
v0x5636849527c0_0 .net "SCE_delayed", 0 0, o0x7f0afd003938;  0 drivers
v0x563684952860_0 .net8 "VGND", 0 0, L_0x563683dd0de0;  1 drivers, strength-aware
L_0x563683dc9c30 .functor BUFT 1, C8<770>, C4<0>, C4<0>, C4<0>;
v0x563684952900_0 .net8 "VNB", 0 0, L_0x563683dc9c30;  1 drivers, strength-aware
L_0x563683dc9d90 .functor BUFT 1, C8<771>, C4<0>, C4<0>, C4<0>;
v0x5636849529a0_0 .net8 "VPB", 0 0, L_0x563683dc9d90;  1 drivers, strength-aware
v0x563684952a40_0 .net8 "VPWR", 0 0, L_0x563683dca240;  1 drivers, strength-aware
v0x563684952ae0_0 .net *"_ivl_10", 0 0, L_0x5636849df330;  1 drivers
L_0x7f0afcfa5fe0 .functor BUFT 1, C4<0>, C4<0>, C4<0>, C4<0>;
v0x563684952b80_0 .net/2u *"_ivl_14", 0 0, L_0x7f0afcfa5fe0;  1 drivers
v0x563684952c20_0 .net *"_ivl_16", 0 0, L_0x5636849df5d0;  1 drivers
L_0x7f0afcfa6028 .functor BUFT 1, C4<1>, C4<0>, C4<0>, C4<0>;
v0x563684952cc0_0 .net/2u *"_ivl_20", 0 0, L_0x7f0afcfa6028;  1 drivers
v0x563684952d60_0 .net *"_ivl_22", 0 0, L_0x5636849df820;  1 drivers
v0x563684952e00_0 .net *"_ivl_26", 0 0, L_0x5636849dfa00;  1 drivers
L_0x7f0afcfa6070 .functor BUFT 1, C4<1>, C4<0>, C4<0>, C4<0>;
v0x563684952ea0_0 .net/2u *"_ivl_30", 0 0, L_0x7f0afcfa6070;  1 drivers
v0x563684952f40_0 .net *"_ivl_32", 0 0, L_0x5636849dfc40;  1 drivers
L_0x7f0afcfa5f50 .functor BUFT 1, C4<1>, C4<0>, C4<0>, C4<0>;
v0x563684952fe0_0 .net/2u *"_ivl_4", 0 0, L_0x7f0afcfa5f50;  1 drivers
L_0x7f0afcfa5f98 .functor BUFT 1, C4<1>, C4<0>, C4<0>, C4<0>;
v0x563684953080_0 .net/2u *"_ivl_8", 0 0, L_0x7f0afcfa5f98;  1 drivers
v0x563684953120_0 .net "awake", 0 0, L_0x5636849df240;  1 drivers
v0x5636849531c0_0 .net "buf_Q", 0 0, L_0x5636849df090;  1 drivers
v0x563684953260_0 .net "cond0", 0 0, L_0x5636849df470;  1 drivers
v0x563684953300_0 .net "cond1", 0 0, L_0x5636849df710;  1 drivers
v0x5636849533a0_0 .net "cond2", 0 0, L_0x5636849df940;  1 drivers
v0x563684953440_0 .net "cond3", 0 0, L_0x5636849dfaf0;  1 drivers
v0x5636849536f0_0 .net "cond4", 0 0, L_0x5636849dfd20;  1 drivers
v0x563684953790_0 .net "mux_out", 0 0, L_0x5636849deef0;  1 drivers
v0x563684953830_0 .var "notifier", 0 0;
L_0x5636849df240 .cmp/eeq 1, L_0x563683dca240, L_0x7f0afcfa5f50;
L_0x5636849df330 .cmp/eeq 1, o0x7f0afd003878, L_0x7f0afcfa5f98;
L_0x5636849df5d0 .cmp/eeq 1, o0x7f0afd003938, L_0x7f0afcfa5fe0;
L_0x5636849df820 .cmp/eeq 1, o0x7f0afd003938, L_0x7f0afcfa6028;
L_0x5636849dfa00 .cmp/nee 1, o0x7f0afd003788, o0x7f0afd0038d8;
L_0x5636849dfc40 .cmp/eeq 1, o0x7f0afd003848, L_0x7f0afcfa6070;
S_0x563683fd4e10 .scope module, "sky130_fd_sc_hd__sdfrtn_1" "sky130_fd_sc_hd__sdfrtn_1" 2 137301;
 .timescale -9 -12;
    .port_info 0 /OUTPUT 1 "Q";
    .port_info 1 /INPUT 1 "CLK_N";
    .port_info 2 /INPUT 1 "D";
    .port_info 3 /INPUT 1 "SCD";
    .port_info 4 /INPUT 1 "SCE";
    .port_info 5 /INPUT 1 "RESET_B";
o0x7f0afd004058 .functor BUFZ 1, C4<z>; HiZ drive
L_0x5636849dfde0 .functor NOT 1, o0x7f0afd004058, C4<0>, C4<0>, C4<0>;
o0x7f0afd003f38 .functor BUFZ 1, C4<z>; HiZ drive
L_0x5636842b9f20 .functor NOT 1, o0x7f0afd003f38, C4<0>, C4<0>, C4<0>;
o0x7f0afd003f98 .functor BUFZ 1, C4<z>; HiZ drive
o0x7f0afd0040b8 .functor BUFZ 1, C4<z>; HiZ drive
o0x7f0afd004118 .functor BUFZ 1, C4<z>; HiZ drive
L_0x5636842db690 .udp UDP_sky130_fd_sc_hd__udp_mux_2to1, o0x7f0afd003f98, o0x7f0afd0040b8, o0x7f0afd004118;
L_0x563683dca980 .functor BUFT 1, C8<771>, C4<0>, C4<0>, C4<0>;
L_0x563683dca410 .functor BUFT 1, C8<770>, C4<0>, C4<0>, C4<0>;
L_0x5636842e7000 .udp UDP_sky130_fd_sc_hd__udp_dff$PR_pp$PG$N, L_0x5636842db690, L_0x5636842b9f20, L_0x5636849dfde0, v0x5636849550c0_0, L_0x563683dca980, L_0x563683dca410;
L_0x5636842f1930 .functor AND 1, L_0x5636849dff80, L_0x5636849e0020, C4<1>, C4<1>;
L_0x5636842fdc20 .functor AND 1, L_0x5636849e00c0, L_0x5636842f1930, C4<1>, C4<1>;
L_0x563684305970 .functor AND 1, L_0x5636849e0160, L_0x5636842f1930, C4<1>, C4<1>;
L_0x563684317030 .functor AND 1, L_0x5636849e0200, L_0x5636842f1930, C4<1>, C4<1>;
L_0x563684326c40 .functor AND 1, L_0x5636849dff80, L_0x5636849e0330, C4<1>, C4<1>;
L_0x5636843df940 .functor BUF 1, L_0x5636842e7000, C4<0>, C4<0>, C4<0>;
o0x7f0afd003f08 .functor BUFZ 1, C4<z>; HiZ drive
v0x5636849538d0_0 .net "CLK_N", 0 0, o0x7f0afd003f08;  0 drivers
v0x563684953970_0 .net "CLK_N_delayed", 0 0, o0x7f0afd003f38;  0 drivers
o0x7f0afd003f68 .functor BUFZ 1, C4<z>; HiZ drive
v0x563684953a10_0 .net "D", 0 0, o0x7f0afd003f68;  0 drivers
v0x563684953ab0_0 .net "D_delayed", 0 0, o0x7f0afd003f98;  0 drivers
v0x563684953b50_0 .net "Q", 0 0, L_0x5636843df940;  1 drivers
v0x563684953bf0_0 .net "RESET", 0 0, L_0x5636849dfde0;  1 drivers
o0x7f0afd004028 .functor BUFZ 1, C4<z>; HiZ drive
v0x563684953c90_0 .net "RESET_B", 0 0, o0x7f0afd004028;  0 drivers
v0x563684953d30_0 .net "RESET_B_delayed", 0 0, o0x7f0afd004058;  0 drivers
o0x7f0afd004088 .functor BUFZ 1, C4<z>; HiZ drive
v0x563684953dd0_0 .net "SCD", 0 0, o0x7f0afd004088;  0 drivers
v0x563684953e70_0 .net "SCD_delayed", 0 0, o0x7f0afd0040b8;  0 drivers
o0x7f0afd0040e8 .functor BUFZ 1, C4<z>; HiZ drive
v0x563684953f10_0 .net "SCE", 0 0, o0x7f0afd0040e8;  0 drivers
v0x563684953fb0_0 .net "SCE_delayed", 0 0, o0x7f0afd004118;  0 drivers
v0x563684954050_0 .net8 "VGND", 0 0, L_0x563683dca410;  1 drivers, strength-aware
L_0x563683dca050 .functor BUFT 1, C8<770>, C4<0>, C4<0>, C4<0>;
v0x5636849540f0_0 .net8 "VNB", 0 0, L_0x563683dca050;  1 drivers, strength-aware
L_0x563683dca7b0 .functor BUFT 1, C8<771>, C4<0>, C4<0>, C4<0>;
v0x563684954190_0 .net8 "VPB", 0 0, L_0x563683dca7b0;  1 drivers, strength-aware
v0x563684954230_0 .net8 "VPWR", 0 0, L_0x563683dca980;  1 drivers, strength-aware
v0x5636849542d0_0 .net *"_ivl_10", 0 0, L_0x5636849e0020;  1 drivers
L_0x7f0afcfa6148 .functor BUFT 1, C4<0>, C4<0>, C4<0>, C4<0>;
v0x563684954370_0 .net/2u *"_ivl_14", 0 0, L_0x7f0afcfa6148;  1 drivers
v0x563684954410_0 .net *"_ivl_16", 0 0, L_0x5636849e00c0;  1 drivers
L_0x7f0afcfa6190 .functor BUFT 1, C4<1>, C4<0>, C4<0>, C4<0>;
v0x5636849544b0_0 .net/2u *"_ivl_20", 0 0, L_0x7f0afcfa6190;  1 drivers
v0x563684954550_0 .net *"_ivl_22", 0 0, L_0x5636849e0160;  1 drivers
v0x5636849545f0_0 .net *"_ivl_26", 0 0, L_0x5636849e0200;  1 drivers
L_0x7f0afcfa61d8 .functor BUFT 1, C4<1>, C4<0>, C4<0>, C4<0>;
v0x563684954690_0 .net/2u *"_ivl_30", 0 0, L_0x7f0afcfa61d8;  1 drivers
v0x563684954730_0 .net *"_ivl_32", 0 0, L_0x5636849e0330;  1 drivers
L_0x7f0afcfa60b8 .functor BUFT 1, C4<1>, C4<0>, C4<0>, C4<0>;
v0x5636849547d0_0 .net/2u *"_ivl_4", 0 0, L_0x7f0afcfa60b8;  1 drivers
L_0x7f0afcfa6100 .functor BUFT 1, C4<1>, C4<0>, C4<0>, C4<0>;
v0x563684954870_0 .net/2u *"_ivl_8", 0 0, L_0x7f0afcfa6100;  1 drivers
v0x563684954910_0 .net "awake", 0 0, L_0x5636849dff80;  1 drivers
v0x5636849549b0_0 .net "buf_Q", 0 0, L_0x5636842e7000;  1 drivers
v0x563684954a50_0 .net "cond0", 0 0, L_0x5636842f1930;  1 drivers
v0x563684954af0_0 .net "cond1", 0 0, L_0x5636842fdc20;  1 drivers
v0x563684954b90_0 .net "cond2", 0 0, L_0x563684305970;  1 drivers
v0x563684954c30_0 .net "cond3", 0 0, L_0x563684317030;  1 drivers
v0x563684954cd0_0 .net "cond4", 0 0, L_0x563684326c40;  1 drivers
v0x563684954f80_0 .net "intclk", 0 0, L_0x5636842b9f20;  1 drivers
v0x563684955020_0 .net "mux_out", 0 0, L_0x5636842db690;  1 drivers
v0x5636849550c0_0 .var "notifier", 0 0;
L_0x5636849dff80 .cmp/eeq 1, L_0x563683dca980, L_0x7f0afcfa60b8;
L_0x5636849e0020 .cmp/eeq 1, o0x7f0afd004058, L_0x7f0afcfa6100;
L_0x5636849e00c0 .cmp/eeq 1, o0x7f0afd004118, L_0x7f0afcfa6148;
L_0x5636849e0160 .cmp/eeq 1, o0x7f0afd004118, L_0x7f0afcfa6190;
L_0x5636849e0200 .cmp/nee 1, o0x7f0afd003f98, o0x7f0afd0040b8;
L_0x5636849e0330 .cmp/eeq 1, o0x7f0afd004028, L_0x7f0afcfa61d8;
S_0x563683fd4fa0 .scope module, "sky130_fd_sc_hd__sdfrtp_1" "sky130_fd_sc_hd__sdfrtp_1" 2 137714;
 .timescale -9 -12;
    .port_info 0 /OUTPUT 1 "Q";
    .port_info 1 /INPUT 1 "CLK";
    .port_info 2 /INPUT 1 "D";
    .port_info 3 /INPUT 1 "SCD";
    .port_info 4 /INPUT 1 "SCE";
    .port_info 5 /INPUT 1 "RESET_B";
o0x7f0afd004838 .functor BUFZ 1, C4<z>; HiZ drive
L_0x5636843f4a20 .functor NOT 1, o0x7f0afd004838, C4<0>, C4<0>, C4<0>;
o0x7f0afd004778 .functor BUFZ 1, C4<z>; HiZ drive
o0x7f0afd004898 .functor BUFZ 1, C4<z>; HiZ drive
o0x7f0afd0048f8 .functor BUFZ 1, C4<z>; HiZ drive
L_0x5636843f7280 .udp UDP_sky130_fd_sc_hd__udp_mux_2to1, o0x7f0afd004778, o0x7f0afd004898, o0x7f0afd0048f8;
o0x7f0afd004718 .functor BUFZ 1, C4<z>; HiZ drive
L_0x563683dc4350 .functor BUFT 1, C8<771>, C4<0>, C4<0>, C4<0>;
L_0x563683dc3840 .functor BUFT 1, C8<770>, C4<0>, C4<0>, C4<0>;
L_0x5636843f9ae0 .udp UDP_sky130_fd_sc_hd__udp_dff$PR_pp$PG$N, L_0x5636843f7280, o0x7f0afd004718, L_0x5636843f4a20, v0x5636849568b0_0, L_0x563683dc4350, L_0x563683dc3840;
L_0x563684403d40 .functor AND 1, L_0x5636849e0470, L_0x5636849e03d0, C4<1>, C4<1>;
L_0x5636849e05b0 .functor AND 1, L_0x5636849e0510, L_0x563684403d40, C4<1>, C4<1>;
L_0x5636849e06c0 .functor AND 1, L_0x5636849e0620, L_0x563684403d40, C4<1>, C4<1>;
L_0x5636849e07d0 .functor AND 1, L_0x5636849e0730, L_0x563684403d40, C4<1>, C4<1>;
L_0x5636849e0970 .functor AND 1, L_0x5636849e08d0, L_0x5636849e03d0, C4<1>, C4<1>;
L_0x5636849e0a50 .functor BUF 1, L_0x5636843f9ae0, C4<0>, C4<0>, C4<0>;
o0x7f0afd0046e8 .functor BUFZ 1, C4<z>; HiZ drive
v0x563684955160_0 .net "CLK", 0 0, o0x7f0afd0046e8;  0 drivers
v0x563684955200_0 .net "CLK_delayed", 0 0, o0x7f0afd004718;  0 drivers
o0x7f0afd004748 .functor BUFZ 1, C4<z>; HiZ drive
v0x5636849552a0_0 .net "D", 0 0, o0x7f0afd004748;  0 drivers
v0x563684955340_0 .net "D_delayed", 0 0, o0x7f0afd004778;  0 drivers
v0x5636849553e0_0 .net "Q", 0 0, L_0x5636849e0a50;  1 drivers
v0x563684955480_0 .net "RESET", 0 0, L_0x5636843f4a20;  1 drivers
o0x7f0afd004808 .functor BUFZ 1, C4<z>; HiZ drive
v0x563684955520_0 .net "RESET_B", 0 0, o0x7f0afd004808;  0 drivers
v0x5636849555c0_0 .net "RESET_B_delayed", 0 0, o0x7f0afd004838;  0 drivers
o0x7f0afd004868 .functor BUFZ 1, C4<z>; HiZ drive
v0x563684955660_0 .net "SCD", 0 0, o0x7f0afd004868;  0 drivers
v0x563684955700_0 .net "SCD_delayed", 0 0, o0x7f0afd004898;  0 drivers
o0x7f0afd0048c8 .functor BUFZ 1, C4<z>; HiZ drive
v0x5636849557a0_0 .net "SCE", 0 0, o0x7f0afd0048c8;  0 drivers
v0x563684955840_0 .net "SCE_delayed", 0 0, o0x7f0afd0048f8;  0 drivers
v0x5636849558e0_0 .net8 "VGND", 0 0, L_0x563683dc3840;  1 drivers, strength-aware
L_0x563683dc3b00 .functor BUFT 1, C8<770>, C4<0>, C4<0>, C4<0>;
v0x563684955980_0 .net8 "VNB", 0 0, L_0x563683dc3b00;  1 drivers, strength-aware
L_0x563683dc3c60 .functor BUFT 1, C8<771>, C4<0>, C4<0>, C4<0>;
v0x563684955a20_0 .net8 "VPB", 0 0, L_0x563683dc3c60;  1 drivers, strength-aware
v0x563684955ac0_0 .net8 "VPWR", 0 0, L_0x563683dc4350;  1 drivers, strength-aware
v0x563684955b60_0 .net *"_ivl_10", 0 0, L_0x5636849e0470;  1 drivers
L_0x7f0afcfa62b0 .functor BUFT 1, C4<0>, C4<0>, C4<0>, C4<0>;
v0x563684955c00_0 .net/2u *"_ivl_14", 0 0, L_0x7f0afcfa62b0;  1 drivers
v0x563684955ca0_0 .net *"_ivl_16", 0 0, L_0x5636849e0510;  1 drivers
L_0x7f0afcfa62f8 .functor BUFT 1, C4<1>, C4<0>, C4<0>, C4<0>;
v0x563684955d40_0 .net/2u *"_ivl_20", 0 0, L_0x7f0afcfa62f8;  1 drivers
v0x563684955de0_0 .net *"_ivl_22", 0 0, L_0x5636849e0620;  1 drivers
v0x563684955e80_0 .net *"_ivl_26", 0 0, L_0x5636849e0730;  1 drivers
L_0x7f0afcfa6340 .functor BUFT 1, C4<1>, C4<0>, C4<0>, C4<0>;
v0x563684955f20_0 .net/2u *"_ivl_30", 0 0, L_0x7f0afcfa6340;  1 drivers
v0x563684955fc0_0 .net *"_ivl_32", 0 0, L_0x5636849e08d0;  1 drivers
L_0x7f0afcfa6220 .functor BUFT 1, C4<1>, C4<0>, C4<0>, C4<0>;
v0x563684956060_0 .net/2u *"_ivl_4", 0 0, L_0x7f0afcfa6220;  1 drivers
L_0x7f0afcfa6268 .functor BUFT 1, C4<1>, C4<0>, C4<0>, C4<0>;
v0x563684956100_0 .net/2u *"_ivl_8", 0 0, L_0x7f0afcfa6268;  1 drivers
v0x5636849561a0_0 .net "awake", 0 0, L_0x5636849e03d0;  1 drivers
v0x563684956240_0 .net "buf_Q", 0 0, L_0x5636843f9ae0;  1 drivers
v0x5636849562e0_0 .net "cond0", 0 0, L_0x563684403d40;  1 drivers
v0x563684956380_0 .net "cond1", 0 0, L_0x5636849e05b0;  1 drivers
v0x563684956420_0 .net "cond2", 0 0, L_0x5636849e06c0;  1 drivers
v0x5636849564c0_0 .net "cond3", 0 0, L_0x5636849e07d0;  1 drivers
v0x563684956560_0 .net "cond4", 0 0, L_0x5636849e0970;  1 drivers
v0x563684956810_0 .net "mux_out", 0 0, L_0x5636843f7280;  1 drivers
v0x5636849568b0_0 .var "notifier", 0 0;
L_0x5636849e03d0 .cmp/eeq 1, L_0x563683dc4350, L_0x7f0afcfa6220;
L_0x5636849e0470 .cmp/eeq 1, o0x7f0afd004838, L_0x7f0afcfa6268;
L_0x5636849e0510 .cmp/eeq 1, o0x7f0afd0048f8, L_0x7f0afcfa62b0;
L_0x5636849e0620 .cmp/eeq 1, o0x7f0afd0048f8, L_0x7f0afcfa62f8;
L_0x5636849e0730 .cmp/nee 1, o0x7f0afd004778, o0x7f0afd004898;
L_0x5636849e08d0 .cmp/eeq 1, o0x7f0afd004808, L_0x7f0afcfa6340;
S_0x563683fd5130 .scope module, "sky130_fd_sc_hd__sdfrtp_2" "sky130_fd_sc_hd__sdfrtp_2" 2 138125;
 .timescale -9 -12;
    .port_info 0 /OUTPUT 1 "Q";
    .port_info 1 /INPUT 1 "CLK";
    .port_info 2 /INPUT 1 "D";
    .port_info 3 /INPUT 1 "SCD";
    .port_info 4 /INPUT 1 "SCE";
    .port_info 5 /INPUT 1 "RESET_B";
o0x7f0afd004fe8 .functor BUFZ 1, C4<z>; HiZ drive
L_0x5636849e0ac0 .functor NOT 1, o0x7f0afd004fe8, C4<0>, C4<0>, C4<0>;
o0x7f0afd004f28 .functor BUFZ 1, C4<z>; HiZ drive
o0x7f0afd005048 .functor BUFZ 1, C4<z>; HiZ drive
o0x7f0afd0050a8 .functor BUFZ 1, C4<z>; HiZ drive
L_0x5636849e0b30 .udp UDP_sky130_fd_sc_hd__udp_mux_2to1, o0x7f0afd004f28, o0x7f0afd005048, o0x7f0afd0050a8;
o0x7f0afd004ec8 .functor BUFZ 1, C4<z>; HiZ drive
L_0x563683dc48c0 .functor BUFT 1, C8<771>, C4<0>, C4<0>, C4<0>;
L_0x563683dc3dc0 .functor BUFT 1, C8<770>, C4<0>, C4<0>, C4<0>;
L_0x5636849e0ba0 .udp UDP_sky130_fd_sc_hd__udp_dff$PR_pp$PG$N, L_0x5636849e0b30, o0x7f0afd004ec8, L_0x5636849e0ac0, v0x5636849580a0_0, L_0x563683dc48c0, L_0x563683dc3dc0;
L_0x5636849e0d50 .functor AND 1, L_0x5636849e0cb0, L_0x5636849e0c10, C4<1>, C4<1>;
L_0x5636849e1670 .functor AND 1, L_0x5636849e15d0, L_0x5636849e0d50, C4<1>, C4<1>;
L_0x5636849e1780 .functor AND 1, L_0x5636849e16e0, L_0x5636849e0d50, C4<1>, C4<1>;
L_0x5636849e1890 .functor AND 1, L_0x5636849e17f0, L_0x5636849e0d50, C4<1>, C4<1>;
L_0x5636849e1a30 .functor AND 1, L_0x5636849e1990, L_0x5636849e0c10, C4<1>, C4<1>;
L_0x5636849e1b10 .functor BUF 1, L_0x5636849e0ba0, C4<0>, C4<0>, C4<0>;
o0x7f0afd004e98 .functor BUFZ 1, C4<z>; HiZ drive
v0x563684956950_0 .net "CLK", 0 0, o0x7f0afd004e98;  0 drivers
v0x5636849569f0_0 .net "CLK_delayed", 0 0, o0x7f0afd004ec8;  0 drivers
o0x7f0afd004ef8 .functor BUFZ 1, C4<z>; HiZ drive
v0x563684956a90_0 .net "D", 0 0, o0x7f0afd004ef8;  0 drivers
v0x563684956b30_0 .net "D_delayed", 0 0, o0x7f0afd004f28;  0 drivers
v0x563684956bd0_0 .net "Q", 0 0, L_0x5636849e1b10;  1 drivers
v0x563684956c70_0 .net "RESET", 0 0, L_0x5636849e0ac0;  1 drivers
o0x7f0afd004fb8 .functor BUFZ 1, C4<z>; HiZ drive
v0x563684956d10_0 .net "RESET_B", 0 0, o0x7f0afd004fb8;  0 drivers
v0x563684956db0_0 .net "RESET_B_delayed", 0 0, o0x7f0afd004fe8;  0 drivers
o0x7f0afd005018 .functor BUFZ 1, C4<z>; HiZ drive
v0x563684956e50_0 .net "SCD", 0 0, o0x7f0afd005018;  0 drivers
v0x563684956ef0_0 .net "SCD_delayed", 0 0, o0x7f0afd005048;  0 drivers
o0x7f0afd005078 .functor BUFZ 1, C4<z>; HiZ drive
v0x563684956f90_0 .net "SCE", 0 0, o0x7f0afd005078;  0 drivers
v0x563684957030_0 .net "SCE_delayed", 0 0, o0x7f0afd0050a8;  0 drivers
v0x5636849570d0_0 .net8 "VGND", 0 0, L_0x563683dc3dc0;  1 drivers, strength-aware
L_0x563683dc36e0 .functor BUFT 1, C8<770>, C4<0>, C4<0>, C4<0>;
v0x563684957170_0 .net8 "VNB", 0 0, L_0x563683dc36e0;  1 drivers, strength-aware
L_0x563683dc46f0 .functor BUFT 1, C8<771>, C4<0>, C4<0>, C4<0>;
v0x563684957210_0 .net8 "VPB", 0 0, L_0x563683dc46f0;  1 drivers, strength-aware
v0x5636849572b0_0 .net8 "VPWR", 0 0, L_0x563683dc48c0;  1 drivers, strength-aware
v0x563684957350_0 .net *"_ivl_10", 0 0, L_0x5636849e0cb0;  1 drivers
L_0x7f0afcfa6418 .functor BUFT 1, C4<0>, C4<0>, C4<0>, C4<0>;
v0x5636849573f0_0 .net/2u *"_ivl_14", 0 0, L_0x7f0afcfa6418;  1 drivers
v0x563684957490_0 .net *"_ivl_16", 0 0, L_0x5636849e15d0;  1 drivers
L_0x7f0afcfa6460 .functor BUFT 1, C4<1>, C4<0>, C4<0>, C4<0>;
v0x563684957530_0 .net/2u *"_ivl_20", 0 0, L_0x7f0afcfa6460;  1 drivers
v0x5636849575d0_0 .net *"_ivl_22", 0 0, L_0x5636849e16e0;  1 drivers
v0x563684957670_0 .net *"_ivl_26", 0 0, L_0x5636849e17f0;  1 drivers
L_0x7f0afcfa64a8 .functor BUFT 1, C4<1>, C4<0>, C4<0>, C4<0>;
v0x563684957710_0 .net/2u *"_ivl_30", 0 0, L_0x7f0afcfa64a8;  1 drivers
v0x5636849577b0_0 .net *"_ivl_32", 0 0, L_0x5636849e1990;  1 drivers
L_0x7f0afcfa6388 .functor BUFT 1, C4<1>, C4<0>, C4<0>, C4<0>;
v0x563684957850_0 .net/2u *"_ivl_4", 0 0, L_0x7f0afcfa6388;  1 drivers
L_0x7f0afcfa63d0 .functor BUFT 1, C4<1>, C4<0>, C4<0>, C4<0>;
v0x5636849578f0_0 .net/2u *"_ivl_8", 0 0, L_0x7f0afcfa63d0;  1 drivers
v0x563684957990_0 .net "awake", 0 0, L_0x5636849e0c10;  1 drivers
v0x563684957a30_0 .net "buf_Q", 0 0, L_0x5636849e0ba0;  1 drivers
v0x563684957ad0_0 .net "cond0", 0 0, L_0x5636849e0d50;  1 drivers
v0x563684957b70_0 .net "cond1", 0 0, L_0x5636849e1670;  1 drivers
v0x563684957c10_0 .net "cond2", 0 0, L_0x5636849e1780;  1 drivers
v0x563684957cb0_0 .net "cond3", 0 0, L_0x5636849e1890;  1 drivers
v0x563684957d50_0 .net "cond4", 0 0, L_0x5636849e1a30;  1 drivers
v0x563684958000_0 .net "mux_out", 0 0, L_0x5636849e0b30;  1 drivers
v0x5636849580a0_0 .var "notifier", 0 0;
L_0x5636849e0c10 .cmp/eeq 1, L_0x563683dc48c0, L_0x7f0afcfa6388;
L_0x5636849e0cb0 .cmp/eeq 1, o0x7f0afd004fe8, L_0x7f0afcfa63d0;
L_0x5636849e15d0 .cmp/eeq 1, o0x7f0afd0050a8, L_0x7f0afcfa6418;
L_0x5636849e16e0 .cmp/eeq 1, o0x7f0afd0050a8, L_0x7f0afcfa6460;
L_0x5636849e17f0 .cmp/nee 1, o0x7f0afd004f28, o0x7f0afd005048;
L_0x5636849e1990 .cmp/eeq 1, o0x7f0afd004fb8, L_0x7f0afcfa64a8;
S_0x563683fd6820 .scope module, "sky130_fd_sc_hd__sdfrtp_4" "sky130_fd_sc_hd__sdfrtp_4" 2 138536;
 .timescale -9 -12;
    .port_info 0 /OUTPUT 1 "Q";
    .port_info 1 /INPUT 1 "CLK";
    .port_info 2 /INPUT 1 "D";
    .port_info 3 /INPUT 1 "SCD";
    .port_info 4 /INPUT 1 "SCE";
    .port_info 5 /INPUT 1 "RESET_B";
o0x7f0afd005798 .functor BUFZ 1, C4<z>; HiZ drive
L_0x5636849e1bd0 .functor NOT 1, o0x7f0afd005798, C4<0>, C4<0>, C4<0>;
o0x7f0afd0056d8 .functor BUFZ 1, C4<z>; HiZ drive
o0x7f0afd0057f8 .functor BUFZ 1, C4<z>; HiZ drive
o0x7f0afd005858 .functor BUFZ 1, C4<z>; HiZ drive
L_0x5636849e1c40 .udp UDP_sky130_fd_sc_hd__udp_mux_2to1, o0x7f0afd0056d8, o0x7f0afd0057f8, o0x7f0afd005858;
o0x7f0afd005678 .functor BUFZ 1, C4<z>; HiZ drive
L_0x563683dbdef0 .functor BUFT 1, C8<771>, C4<0>, C4<0>, C4<0>;
L_0x563683dbd710 .functor BUFT 1, C8<770>, C4<0>, C4<0>, C4<0>;
L_0x5636849e1cb0 .udp UDP_sky130_fd_sc_hd__udp_dff$PR_pp$PG$N, L_0x5636849e1c40, o0x7f0afd005678, L_0x5636849e1bd0, v0x563684959890_0, L_0x563683dbdef0, L_0x563683dbd710;
L_0x5636849e2090 .functor AND 1, L_0x5636849e1f50, L_0x5636849e1e60, C4<1>, C4<1>;
L_0x5636849e2330 .functor AND 1, L_0x5636849e21f0, L_0x5636849e2090, C4<1>, C4<1>;
L_0x5636849e2530 .functor AND 1, L_0x5636849e2440, L_0x5636849e2090, C4<1>, C4<1>;
L_0x5636849e26e0 .functor AND 1, L_0x5636849e25f0, L_0x5636849e2090, C4<1>, C4<1>;
L_0x5636849e28d0 .functor AND 1, L_0x5636849e2830, L_0x5636849e1e60, C4<1>, C4<1>;
L_0x5636849e2a00 .functor BUF 1, L_0x5636849e1cb0, C4<0>, C4<0>, C4<0>;
o0x7f0afd005648 .functor BUFZ 1, C4<z>; HiZ drive
v0x563684958140_0 .net "CLK", 0 0, o0x7f0afd005648;  0 drivers
v0x5636849581e0_0 .net "CLK_delayed", 0 0, o0x7f0afd005678;  0 drivers
o0x7f0afd0056a8 .functor BUFZ 1, C4<z>; HiZ drive
v0x563684958280_0 .net "D", 0 0, o0x7f0afd0056a8;  0 drivers
v0x563684958320_0 .net "D_delayed", 0 0, o0x7f0afd0056d8;  0 drivers
v0x5636849583c0_0 .net "Q", 0 0, L_0x5636849e2a00;  1 drivers
v0x563684958460_0 .net "RESET", 0 0, L_0x5636849e1bd0;  1 drivers
o0x7f0afd005768 .functor BUFZ 1, C4<z>; HiZ drive
v0x563684958500_0 .net "RESET_B", 0 0, o0x7f0afd005768;  0 drivers
v0x5636849585a0_0 .net "RESET_B_delayed", 0 0, o0x7f0afd005798;  0 drivers
o0x7f0afd0057c8 .functor BUFZ 1, C4<z>; HiZ drive
v0x563684958640_0 .net "SCD", 0 0, o0x7f0afd0057c8;  0 drivers
v0x5636849586e0_0 .net "SCD_delayed", 0 0, o0x7f0afd0057f8;  0 drivers
o0x7f0afd005828 .functor BUFZ 1, C4<z>; HiZ drive
v0x563684958780_0 .net "SCE", 0 0, o0x7f0afd005828;  0 drivers
v0x563684958820_0 .net "SCE_delayed", 0 0, o0x7f0afd005858;  0 drivers
v0x5636849588c0_0 .net8 "VGND", 0 0, L_0x563683dbd710;  1 drivers, strength-aware
L_0x563683dbd9d0 .functor BUFT 1, C8<770>, C4<0>, C4<0>, C4<0>;
v0x563684958960_0 .net8 "VNB", 0 0, L_0x563683dbd9d0;  1 drivers, strength-aware
L_0x563683dbdd20 .functor BUFT 1, C8<771>, C4<0>, C4<0>, C4<0>;
v0x563684958a00_0 .net8 "VPB", 0 0, L_0x563683dbdd20;  1 drivers, strength-aware
v0x563684958aa0_0 .net8 "VPWR", 0 0, L_0x563683dbdef0;  1 drivers, strength-aware
v0x563684958b40_0 .net *"_ivl_10", 0 0, L_0x5636849e1f50;  1 drivers
L_0x7f0afcfa6580 .functor BUFT 1, C4<0>, C4<0>, C4<0>, C4<0>;
v0x563684958be0_0 .net/2u *"_ivl_14", 0 0, L_0x7f0afcfa6580;  1 drivers
v0x563684958c80_0 .net *"_ivl_16", 0 0, L_0x5636849e21f0;  1 drivers
L_0x7f0afcfa65c8 .functor BUFT 1, C4<1>, C4<0>, C4<0>, C4<0>;
v0x563684958d20_0 .net/2u *"_ivl_20", 0 0, L_0x7f0afcfa65c8;  1 drivers
v0x563684958dc0_0 .net *"_ivl_22", 0 0, L_0x5636849e2440;  1 drivers
v0x563684958e60_0 .net *"_ivl_26", 0 0, L_0x5636849e25f0;  1 drivers
L_0x7f0afcfa6610 .functor BUFT 1, C4<1>, C4<0>, C4<0>, C4<0>;
v0x563684958f00_0 .net/2u *"_ivl_30", 0 0, L_0x7f0afcfa6610;  1 drivers
v0x563684958fa0_0 .net *"_ivl_32", 0 0, L_0x5636849e2830;  1 drivers
L_0x7f0afcfa64f0 .functor BUFT 1, C4<1>, C4<0>, C4<0>, C4<0>;
v0x563684959040_0 .net/2u *"_ivl_4", 0 0, L_0x7f0afcfa64f0;  1 drivers
L_0x7f0afcfa6538 .functor BUFT 1, C4<1>, C4<0>, C4<0>, C4<0>;
v0x5636849590e0_0 .net/2u *"_ivl_8", 0 0, L_0x7f0afcfa6538;  1 drivers
v0x563684959180_0 .net "awake", 0 0, L_0x5636849e1e60;  1 drivers
v0x563684959220_0 .net "buf_Q", 0 0, L_0x5636849e1cb0;  1 drivers
v0x5636849592c0_0 .net "cond0", 0 0, L_0x5636849e2090;  1 drivers
v0x563684959360_0 .net "cond1", 0 0, L_0x5636849e2330;  1 drivers
v0x563684959400_0 .net "cond2", 0 0, L_0x5636849e2530;  1 drivers
v0x5636849594a0_0 .net "cond3", 0 0, L_0x5636849e26e0;  1 drivers
v0x563684959540_0 .net "cond4", 0 0, L_0x5636849e28d0;  1 drivers
v0x5636849597f0_0 .net "mux_out", 0 0, L_0x5636849e1c40;  1 drivers
v0x563684959890_0 .var "notifier", 0 0;
L_0x5636849e1e60 .cmp/eeq 1, L_0x563683dbdef0, L_0x7f0afcfa64f0;
L_0x5636849e1f50 .cmp/eeq 1, o0x7f0afd005798, L_0x7f0afcfa6538;
L_0x5636849e21f0 .cmp/eeq 1, o0x7f0afd005858, L_0x7f0afcfa6580;
L_0x5636849e2440 .cmp/eeq 1, o0x7f0afd005858, L_0x7f0afcfa65c8;
L_0x5636849e25f0 .cmp/nee 1, o0x7f0afd0056d8, o0x7f0afd0057f8;
L_0x5636849e2830 .cmp/eeq 1, o0x7f0afd005768, L_0x7f0afcfa6610;
S_0x563683fd69b0 .scope module, "sky130_fd_sc_hd__sdfsbp_1" "sky130_fd_sc_hd__sdfsbp_1" 2 138958;
 .timescale -9 -12;
    .port_info 0 /OUTPUT 1 "Q";
    .port_info 1 /OUTPUT 1 "Q_N";
    .port_info 2 /INPUT 1 "CLK";
    .port_info 3 /INPUT 1 "D";
    .port_info 4 /INPUT 1 "SCD";
    .port_info 5 /INPUT 1 "SCE";
    .port_info 6 /INPUT 1 "SET_B";
o0x7f0afd006038 .functor BUFZ 1, C4<z>; HiZ drive
L_0x5636849e2ac0 .functor NOT 1, o0x7f0afd006038, C4<0>, C4<0>, C4<0>;
o0x7f0afd005e88 .functor BUFZ 1, C4<z>; HiZ drive
o0x7f0afd005f48 .functor BUFZ 1, C4<z>; HiZ drive
o0x7f0afd005fa8 .functor BUFZ 1, C4<z>; HiZ drive
L_0x5636849e2b30 .udp UDP_sky130_fd_sc_hd__udp_mux_2to1, o0x7f0afd005e88, o0x7f0afd005f48, o0x7f0afd005fa8;
o0x7f0afd005e28 .functor BUFZ 1, C4<z>; HiZ drive
L_0x563683db7400 .functor BUFT 1, C8<771>, C4<0>, C4<0>, C4<0>;
L_0x563683dbd450 .functor BUFT 1, C8<770>, C4<0>, C4<0>, C4<0>;
L_0x5636849e2ba0 .udp UDP_sky130_fd_sc_hd__udp_dff$PS_pp$PG$N, L_0x5636849e2b30, o0x7f0afd005e28, L_0x5636849e2ac0, v0x56368495b120_0, L_0x563683db7400, L_0x563683dbd450;
L_0x5636849e2f80 .functor AND 1, L_0x5636849e2e40, L_0x5636849e2d50, C4<1>, C4<1>;
L_0x5636849e31d0 .functor AND 1, L_0x5636849e3090, L_0x5636849e2f80, C4<1>, C4<1>;
L_0x5636849e33d0 .functor AND 1, L_0x5636849e32e0, L_0x5636849e2f80, C4<1>, C4<1>;
L_0x5636849e3580 .functor AND 1, L_0x5636849e3490, L_0x5636849e2f80, C4<1>, C4<1>;
L_0x5636849e3770 .functor AND 1, L_0x5636849e36d0, L_0x5636849e2d50, C4<1>, C4<1>;
L_0x5636849e38a0 .functor BUF 1, L_0x5636849e2ba0, C4<0>, C4<0>, C4<0>;
L_0x5636849e3960 .functor NOT 1, L_0x5636849e2ba0, C4<0>, C4<0>, C4<0>;
o0x7f0afd005df8 .functor BUFZ 1, C4<z>; HiZ drive
v0x563684959930_0 .net "CLK", 0 0, o0x7f0afd005df8;  0 drivers
v0x5636849599d0_0 .net "CLK_delayed", 0 0, o0x7f0afd005e28;  0 drivers
o0x7f0afd005e58 .functor BUFZ 1, C4<z>; HiZ drive
v0x563684959a70_0 .net "D", 0 0, o0x7f0afd005e58;  0 drivers
v0x563684959b10_0 .net "D_delayed", 0 0, o0x7f0afd005e88;  0 drivers
v0x563684959bb0_0 .net "Q", 0 0, L_0x5636849e38a0;  1 drivers
v0x563684959c50_0 .net "Q_N", 0 0, L_0x5636849e3960;  1 drivers
o0x7f0afd005f18 .functor BUFZ 1, C4<z>; HiZ drive
v0x563684959cf0_0 .net "SCD", 0 0, o0x7f0afd005f18;  0 drivers
v0x563684959d90_0 .net "SCD_delayed", 0 0, o0x7f0afd005f48;  0 drivers
o0x7f0afd005f78 .functor BUFZ 1, C4<z>; HiZ drive
v0x563684959e30_0 .net "SCE", 0 0, o0x7f0afd005f78;  0 drivers
v0x563684959ed0_0 .net "SCE_delayed", 0 0, o0x7f0afd005fa8;  0 drivers
v0x563684959f70_0 .net "SET", 0 0, L_0x5636849e2ac0;  1 drivers
o0x7f0afd006008 .functor BUFZ 1, C4<z>; HiZ drive
v0x56368495a010_0 .net "SET_B", 0 0, o0x7f0afd006008;  0 drivers
v0x56368495a0b0_0 .net "SET_B_delayed", 0 0, o0x7f0afd006038;  0 drivers
v0x56368495a150_0 .net8 "VGND", 0 0, L_0x563683dbd450;  1 drivers, strength-aware
L_0x563683dbe290 .functor BUFT 1, C8<770>, C4<0>, C4<0>, C4<0>;
v0x56368495a1f0_0 .net8 "VNB", 0 0, L_0x563683dbe290;  1 drivers, strength-aware
L_0x563683dbe630 .functor BUFT 1, C8<771>, C4<0>, C4<0>, C4<0>;
v0x56368495a290_0 .net8 "VPB", 0 0, L_0x563683dbe630;  1 drivers, strength-aware
v0x56368495a330_0 .net8 "VPWR", 0 0, L_0x563683db7400;  1 drivers, strength-aware
v0x56368495a3d0_0 .net *"_ivl_10", 0 0, L_0x5636849e2e40;  1 drivers
L_0x7f0afcfa66e8 .functor BUFT 1, C4<0>, C4<0>, C4<0>, C4<0>;
v0x56368495a470_0 .net/2u *"_ivl_14", 0 0, L_0x7f0afcfa66e8;  1 drivers
v0x56368495a510_0 .net *"_ivl_16", 0 0, L_0x5636849e3090;  1 drivers
L_0x7f0afcfa6730 .functor BUFT 1, C4<1>, C4<0>, C4<0>, C4<0>;
v0x56368495a5b0_0 .net/2u *"_ivl_20", 0 0, L_0x7f0afcfa6730;  1 drivers
v0x56368495a650_0 .net *"_ivl_22", 0 0, L_0x5636849e32e0;  1 drivers
v0x56368495a6f0_0 .net *"_ivl_26", 0 0, L_0x5636849e3490;  1 drivers
L_0x7f0afcfa6778 .functor BUFT 1, C4<1>, C4<0>, C4<0>, C4<0>;
v0x56368495a790_0 .net/2u *"_ivl_30", 0 0, L_0x7f0afcfa6778;  1 drivers
v0x56368495a830_0 .net *"_ivl_32", 0 0, L_0x5636849e36d0;  1 drivers
L_0x7f0afcfa6658 .functor BUFT 1, C4<1>, C4<0>, C4<0>, C4<0>;
v0x56368495a8d0_0 .net/2u *"_ivl_4", 0 0, L_0x7f0afcfa6658;  1 drivers
L_0x7f0afcfa66a0 .functor BUFT 1, C4<1>, C4<0>, C4<0>, C4<0>;
v0x56368495a970_0 .net/2u *"_ivl_8", 0 0, L_0x7f0afcfa66a0;  1 drivers
v0x56368495aa10_0 .net "awake", 0 0, L_0x5636849e2d50;  1 drivers
v0x56368495aab0_0 .net "buf_Q", 0 0, L_0x5636849e2ba0;  1 drivers
v0x56368495ab50_0 .net "cond0", 0 0, L_0x5636849e2f80;  1 drivers
v0x56368495abf0_0 .net "cond1", 0 0, L_0x5636849e31d0;  1 drivers
v0x56368495ac90_0 .net "cond2", 0 0, L_0x5636849e33d0;  1 drivers
v0x56368495ad30_0 .net "cond3", 0 0, L_0x5636849e3580;  1 drivers
v0x56368495afe0_0 .net "cond4", 0 0, L_0x5636849e3770;  1 drivers
v0x56368495b080_0 .net "mux_out", 0 0, L_0x5636849e2b30;  1 drivers
v0x56368495b120_0 .var "notifier", 0 0;
L_0x5636849e2d50 .cmp/eeq 1, L_0x563683db7400, L_0x7f0afcfa6658;
L_0x5636849e2e40 .cmp/eeq 1, o0x7f0afd006038, L_0x7f0afcfa66a0;
L_0x5636849e3090 .cmp/eeq 1, o0x7f0afd005fa8, L_0x7f0afcfa66e8;
L_0x5636849e32e0 .cmp/eeq 1, o0x7f0afd005fa8, L_0x7f0afcfa6730;
L_0x5636849e3490 .cmp/nee 1, o0x7f0afd005e88, o0x7f0afd005f48;
L_0x5636849e36d0 .cmp/eeq 1, o0x7f0afd006008, L_0x7f0afcfa6778;
S_0x563683fd9c40 .scope module, "sky130_fd_sc_hd__sdfsbp_2" "sky130_fd_sc_hd__sdfsbp_2" 2 139385;
 .timescale -9 -12;
    .port_info 0 /OUTPUT 1 "Q";
    .port_info 1 /OUTPUT 1 "Q_N";
    .port_info 2 /INPUT 1 "CLK";
    .port_info 3 /INPUT 1 "D";
    .port_info 4 /INPUT 1 "SCD";
    .port_info 5 /INPUT 1 "SCE";
    .port_info 6 /INPUT 1 "SET_B";
o0x7f0afd006848 .functor BUFZ 1, C4<z>; HiZ drive
L_0x5636849e3830 .functor NOT 1, o0x7f0afd006848, C4<0>, C4<0>, C4<0>;
o0x7f0afd006698 .functor BUFZ 1, C4<z>; HiZ drive
o0x7f0afd006758 .functor BUFZ 1, C4<z>; HiZ drive
o0x7f0afd0067b8 .functor BUFZ 1, C4<z>; HiZ drive
L_0x5636849e3a50 .udp UDP_sky130_fd_sc_hd__udp_mux_2to1, o0x7f0afd006698, o0x7f0afd006758, o0x7f0afd0067b8;
o0x7f0afd006638 .functor BUFZ 1, C4<z>; HiZ drive
L_0x563683db7980 .functor BUFT 1, C8<771>, C4<0>, C4<0>, C4<0>;
L_0x563683db76c0 .functor BUFT 1, C8<770>, C4<0>, C4<0>, C4<0>;
L_0x5636849e3ac0 .udp UDP_sky130_fd_sc_hd__udp_dff$PS_pp$PG$N, L_0x5636849e3a50, o0x7f0afd006638, L_0x5636849e3830, v0x56368495c9b0_0, L_0x563683db7980, L_0x563683db76c0;
L_0x5636849e3ea0 .functor AND 1, L_0x5636849e3d60, L_0x5636849e3c70, C4<1>, C4<1>;
L_0x5636849e4140 .functor AND 1, L_0x5636849e4000, L_0x5636849e3ea0, C4<1>, C4<1>;
L_0x5636849e4340 .functor AND 1, L_0x5636849e4250, L_0x5636849e3ea0, C4<1>, C4<1>;
L_0x5636849e44f0 .functor AND 1, L_0x5636849e4400, L_0x5636849e3ea0, C4<1>, C4<1>;
L_0x5636849e46e0 .functor AND 1, L_0x5636849e4640, L_0x5636849e3c70, C4<1>, C4<1>;
L_0x5636849e4810 .functor BUF 1, L_0x5636849e3ac0, C4<0>, C4<0>, C4<0>;
L_0x5636849e48d0 .functor NOT 1, L_0x5636849e3ac0, C4<0>, C4<0>, C4<0>;
o0x7f0afd006608 .functor BUFZ 1, C4<z>; HiZ drive
v0x56368495b1c0_0 .net "CLK", 0 0, o0x7f0afd006608;  0 drivers
v0x56368495b260_0 .net "CLK_delayed", 0 0, o0x7f0afd006638;  0 drivers
o0x7f0afd006668 .functor BUFZ 1, C4<z>; HiZ drive
v0x56368495b300_0 .net "D", 0 0, o0x7f0afd006668;  0 drivers
v0x56368495b3a0_0 .net "D_delayed", 0 0, o0x7f0afd006698;  0 drivers
v0x56368495b440_0 .net "Q", 0 0, L_0x5636849e4810;  1 drivers
v0x56368495b4e0_0 .net "Q_N", 0 0, L_0x5636849e48d0;  1 drivers
o0x7f0afd006728 .functor BUFZ 1, C4<z>; HiZ drive
v0x56368495b580_0 .net "SCD", 0 0, o0x7f0afd006728;  0 drivers
v0x56368495b620_0 .net "SCD_delayed", 0 0, o0x7f0afd006758;  0 drivers
o0x7f0afd006788 .functor BUFZ 1, C4<z>; HiZ drive
v0x56368495b6c0_0 .net "SCE", 0 0, o0x7f0afd006788;  0 drivers
v0x56368495b760_0 .net "SCE_delayed", 0 0, o0x7f0afd0067b8;  0 drivers
v0x56368495b800_0 .net "SET", 0 0, L_0x5636849e3830;  1 drivers
o0x7f0afd006818 .functor BUFZ 1, C4<z>; HiZ drive
v0x56368495b8a0_0 .net "SET_B", 0 0, o0x7f0afd006818;  0 drivers
v0x56368495b940_0 .net "SET_B_delayed", 0 0, o0x7f0afd006848;  0 drivers
v0x56368495b9e0_0 .net8 "VGND", 0 0, L_0x563683db76c0;  1 drivers, strength-aware
L_0x563683db7b50 .functor BUFT 1, C8<770>, C4<0>, C4<0>, C4<0>;
v0x56368495ba80_0 .net8 "VNB", 0 0, L_0x563683db7b50;  1 drivers, strength-aware
L_0x563683db7ef0 .functor BUFT 1, C8<771>, C4<0>, C4<0>, C4<0>;
v0x56368495bb20_0 .net8 "VPB", 0 0, L_0x563683db7ef0;  1 drivers, strength-aware
v0x56368495bbc0_0 .net8 "VPWR", 0 0, L_0x563683db7980;  1 drivers, strength-aware
v0x56368495bc60_0 .net *"_ivl_10", 0 0, L_0x5636849e3d60;  1 drivers
L_0x7f0afcfa6850 .functor BUFT 1, C4<0>, C4<0>, C4<0>, C4<0>;
v0x56368495bd00_0 .net/2u *"_ivl_14", 0 0, L_0x7f0afcfa6850;  1 drivers
v0x56368495bda0_0 .net *"_ivl_16", 0 0, L_0x5636849e4000;  1 drivers
L_0x7f0afcfa6898 .functor BUFT 1, C4<1>, C4<0>, C4<0>, C4<0>;
v0x56368495be40_0 .net/2u *"_ivl_20", 0 0, L_0x7f0afcfa6898;  1 drivers
v0x56368495bee0_0 .net *"_ivl_22", 0 0, L_0x5636849e4250;  1 drivers
v0x56368495bf80_0 .net *"_ivl_26", 0 0, L_0x5636849e4400;  1 drivers
L_0x7f0afcfa68e0 .functor BUFT 1, C4<1>, C4<0>, C4<0>, C4<0>;
v0x56368495c020_0 .net/2u *"_ivl_30", 0 0, L_0x7f0afcfa68e0;  1 drivers
v0x56368495c0c0_0 .net *"_ivl_32", 0 0, L_0x5636849e4640;  1 drivers
L_0x7f0afcfa67c0 .functor BUFT 1, C4<1>, C4<0>, C4<0>, C4<0>;
v0x56368495c160_0 .net/2u *"_ivl_4", 0 0, L_0x7f0afcfa67c0;  1 drivers
L_0x7f0afcfa6808 .functor BUFT 1, C4<1>, C4<0>, C4<0>, C4<0>;
v0x56368495c200_0 .net/2u *"_ivl_8", 0 0, L_0x7f0afcfa6808;  1 drivers
v0x56368495c2a0_0 .net "awake", 0 0, L_0x5636849e3c70;  1 drivers
v0x56368495c340_0 .net "buf_Q", 0 0, L_0x5636849e3ac0;  1 drivers
v0x56368495c3e0_0 .net "cond0", 0 0, L_0x5636849e3ea0;  1 drivers
v0x56368495c480_0 .net "cond1", 0 0, L_0x5636849e4140;  1 drivers
v0x56368495c520_0 .net "cond2", 0 0, L_0x5636849e4340;  1 drivers
v0x56368495c5c0_0 .net "cond3", 0 0, L_0x5636849e44f0;  1 drivers
v0x56368495c870_0 .net "cond4", 0 0, L_0x5636849e46e0;  1 drivers
v0x56368495c910_0 .net "mux_out", 0 0, L_0x5636849e3a50;  1 drivers
v0x56368495c9b0_0 .var "notifier", 0 0;
L_0x5636849e3c70 .cmp/eeq 1, L_0x563683db7980, L_0x7f0afcfa67c0;
L_0x5636849e3d60 .cmp/eeq 1, o0x7f0afd006848, L_0x7f0afcfa6808;
L_0x5636849e4000 .cmp/eeq 1, o0x7f0afd0067b8, L_0x7f0afcfa6850;
L_0x5636849e4250 .cmp/eeq 1, o0x7f0afd0067b8, L_0x7f0afcfa6898;
L_0x5636849e4400 .cmp/nee 1, o0x7f0afd006698, o0x7f0afd006758;
L_0x5636849e4640 .cmp/eeq 1, o0x7f0afd006818, L_0x7f0afcfa68e0;
S_0x563683fd9e80 .scope module, "sky130_fd_sc_hd__sdfstp_1" "sky130_fd_sc_hd__sdfstp_1" 2 139801;
 .timescale -9 -12;
    .port_info 0 /OUTPUT 1 "Q";
    .port_info 1 /INPUT 1 "CLK";
    .port_info 2 /INPUT 1 "D";
    .port_info 3 /INPUT 1 "SCD";
    .port_info 4 /INPUT 1 "SCE";
    .port_info 5 /INPUT 1 "SET_B";
o0x7f0afd007028 .functor BUFZ 1, C4<z>; HiZ drive
L_0x5636849e47a0 .functor NOT 1, o0x7f0afd007028, C4<0>, C4<0>, C4<0>;
o0x7f0afd006ea8 .functor BUFZ 1, C4<z>; HiZ drive
o0x7f0afd006f38 .functor BUFZ 1, C4<z>; HiZ drive
o0x7f0afd006f98 .functor BUFZ 1, C4<z>; HiZ drive
L_0x5636849e49c0 .udp UDP_sky130_fd_sc_hd__udp_mux_2to1, o0x7f0afd006ea8, o0x7f0afd006f38, o0x7f0afd006f98;
o0x7f0afd006e48 .functor BUFZ 1, C4<z>; HiZ drive
L_0x563683e24700 .functor BUFT 1, C8<771>, C4<0>, C4<0>, C4<0>;
L_0x563683db80c0 .functor BUFT 1, C8<770>, C4<0>, C4<0>, C4<0>;
L_0x5636849e4a30 .udp UDP_sky130_fd_sc_hd__udp_dff$PS_pp$PG$N, L_0x5636849e49c0, o0x7f0afd006e48, L_0x5636849e47a0, v0x56368495e1a0_0, L_0x563683e24700, L_0x563683db80c0;
L_0x5636849e4e10 .functor AND 1, L_0x5636849e4cd0, L_0x5636849e4be0, C4<1>, C4<1>;
L_0x5636849e5060 .functor AND 1, L_0x5636849e4f20, L_0x5636849e4e10, C4<1>, C4<1>;
L_0x5636849e5260 .functor AND 1, L_0x5636849e5170, L_0x5636849e4e10, C4<1>, C4<1>;
L_0x5636849e5410 .functor AND 1, L_0x5636849e5320, L_0x5636849e4e10, C4<1>, C4<1>;
L_0x5636849e5600 .functor AND 1, L_0x5636849e5560, L_0x5636849e4be0, C4<1>, C4<1>;
L_0x5636849e5730 .functor BUF 1, L_0x5636849e4a30, C4<0>, C4<0>, C4<0>;
o0x7f0afd006e18 .functor BUFZ 1, C4<z>; HiZ drive
v0x56368495ca50_0 .net "CLK", 0 0, o0x7f0afd006e18;  0 drivers
v0x56368495caf0_0 .net "CLK_delayed", 0 0, o0x7f0afd006e48;  0 drivers
o0x7f0afd006e78 .functor BUFZ 1, C4<z>; HiZ drive
v0x56368495cb90_0 .net "D", 0 0, o0x7f0afd006e78;  0 drivers
v0x56368495cc30_0 .net "D_delayed", 0 0, o0x7f0afd006ea8;  0 drivers
v0x56368495ccd0_0 .net "Q", 0 0, L_0x5636849e5730;  1 drivers
o0x7f0afd006f08 .functor BUFZ 1, C4<z>; HiZ drive
v0x56368495cd70_0 .net "SCD", 0 0, o0x7f0afd006f08;  0 drivers
v0x56368495ce10_0 .net "SCD_delayed", 0 0, o0x7f0afd006f38;  0 drivers
o0x7f0afd006f68 .functor BUFZ 1, C4<z>; HiZ drive
v0x56368495ceb0_0 .net "SCE", 0 0, o0x7f0afd006f68;  0 drivers
v0x56368495cf50_0 .net "SCE_delayed", 0 0, o0x7f0afd006f98;  0 drivers
v0x56368495cff0_0 .net "SET", 0 0, L_0x5636849e47a0;  1 drivers
o0x7f0afd006ff8 .functor BUFZ 1, C4<z>; HiZ drive
v0x56368495d090_0 .net "SET_B", 0 0, o0x7f0afd006ff8;  0 drivers
v0x56368495d130_0 .net "SET_B_delayed", 0 0, o0x7f0afd007028;  0 drivers
v0x56368495d1d0_0 .net8 "VGND", 0 0, L_0x563683db80c0;  1 drivers, strength-aware
L_0x563683db8290 .functor BUFT 1, C8<770>, C4<0>, C4<0>, C4<0>;
v0x56368495d270_0 .net8 "VNB", 0 0, L_0x563683db8290;  1 drivers, strength-aware
L_0x563683e245a0 .functor BUFT 1, C8<771>, C4<0>, C4<0>, C4<0>;
v0x56368495d310_0 .net8 "VPB", 0 0, L_0x563683e245a0;  1 drivers, strength-aware
v0x56368495d3b0_0 .net8 "VPWR", 0 0, L_0x563683e24700;  1 drivers, strength-aware
v0x56368495d450_0 .net *"_ivl_10", 0 0, L_0x5636849e4cd0;  1 drivers
L_0x7f0afcfa69b8 .functor BUFT 1, C4<0>, C4<0>, C4<0>, C4<0>;
v0x56368495d4f0_0 .net/2u *"_ivl_14", 0 0, L_0x7f0afcfa69b8;  1 drivers
v0x56368495d590_0 .net *"_ivl_16", 0 0, L_0x5636849e4f20;  1 drivers
L_0x7f0afcfa6a00 .functor BUFT 1, C4<1>, C4<0>, C4<0>, C4<0>;
v0x56368495d630_0 .net/2u *"_ivl_20", 0 0, L_0x7f0afcfa6a00;  1 drivers
v0x56368495d6d0_0 .net *"_ivl_22", 0 0, L_0x5636849e5170;  1 drivers
v0x56368495d770_0 .net *"_ivl_26", 0 0, L_0x5636849e5320;  1 drivers
L_0x7f0afcfa6a48 .functor BUFT 1, C4<1>, C4<0>, C4<0>, C4<0>;
v0x56368495d810_0 .net/2u *"_ivl_30", 0 0, L_0x7f0afcfa6a48;  1 drivers
v0x56368495d8b0_0 .net *"_ivl_32", 0 0, L_0x5636849e5560;  1 drivers
L_0x7f0afcfa6928 .functor BUFT 1, C4<1>, C4<0>, C4<0>, C4<0>;
v0x56368495d950_0 .net/2u *"_ivl_4", 0 0, L_0x7f0afcfa6928;  1 drivers
L_0x7f0afcfa6970 .functor BUFT 1, C4<1>, C4<0>, C4<0>, C4<0>;
v0x56368495d9f0_0 .net/2u *"_ivl_8", 0 0, L_0x7f0afcfa6970;  1 drivers
v0x56368495da90_0 .net "awake", 0 0, L_0x5636849e4be0;  1 drivers
v0x56368495db30_0 .net "buf_Q", 0 0, L_0x5636849e4a30;  1 drivers
v0x56368495dbd0_0 .net "cond0", 0 0, L_0x5636849e4e10;  1 drivers
v0x56368495dc70_0 .net "cond1", 0 0, L_0x5636849e5060;  1 drivers
v0x56368495dd10_0 .net "cond2", 0 0, L_0x5636849e5260;  1 drivers
v0x56368495ddb0_0 .net "cond3", 0 0, L_0x5636849e5410;  1 drivers
v0x56368495de50_0 .net "cond4", 0 0, L_0x5636849e5600;  1 drivers
v0x56368495e100_0 .net "mux_out", 0 0, L_0x5636849e49c0;  1 drivers
v0x56368495e1a0_0 .var "notifier", 0 0;
L_0x5636849e4be0 .cmp/eeq 1, L_0x563683e24700, L_0x7f0afcfa6928;
L_0x5636849e4cd0 .cmp/eeq 1, o0x7f0afd007028, L_0x7f0afcfa6970;
L_0x5636849e4f20 .cmp/eeq 1, o0x7f0afd006f98, L_0x7f0afcfa69b8;
L_0x5636849e5170 .cmp/eeq 1, o0x7f0afd006f98, L_0x7f0afcfa6a00;
L_0x5636849e5320 .cmp/nee 1, o0x7f0afd006ea8, o0x7f0afd006f38;
L_0x5636849e5560 .cmp/eeq 1, o0x7f0afd006ff8, L_0x7f0afcfa6a48;
S_0x563683fdb650 .scope module, "sky130_fd_sc_hd__sdfstp_2" "sky130_fd_sc_hd__sdfstp_2" 2 140212;
 .timescale -9 -12;
    .port_info 0 /OUTPUT 1 "Q";
    .port_info 1 /INPUT 1 "CLK";
    .port_info 2 /INPUT 1 "D";
    .port_info 3 /INPUT 1 "SCD";
    .port_info 4 /INPUT 1 "SCE";
    .port_info 5 /INPUT 1 "SET_B";
o0x7f0afd0077d8 .functor BUFZ 1, C4<z>; HiZ drive
L_0x5636849e57f0 .functor NOT 1, o0x7f0afd0077d8, C4<0>, C4<0>, C4<0>;
o0x7f0afd007658 .functor BUFZ 1, C4<z>; HiZ drive
o0x7f0afd0076e8 .functor BUFZ 1, C4<z>; HiZ drive
o0x7f0afd007748 .functor BUFZ 1, C4<z>; HiZ drive
L_0x5636849e5860 .udp UDP_sky130_fd_sc_hd__udp_mux_2to1, o0x7f0afd007658, o0x7f0afd0076e8, o0x7f0afd007748;
o0x7f0afd0075f8 .functor BUFZ 1, C4<z>; HiZ drive
L_0x563683e24440 .functor BUFT 1, C8<771>, C4<0>, C4<0>, C4<0>;
L_0x563683e249c0 .functor BUFT 1, C8<770>, C4<0>, C4<0>, C4<0>;
L_0x5636849e58d0 .udp UDP_sky130_fd_sc_hd__udp_dff$PS_pp$PG$N, L_0x5636849e5860, o0x7f0afd0075f8, L_0x5636849e57f0, v0x56368495f990_0, L_0x563683e24440, L_0x563683e249c0;
L_0x5636849e5cb0 .functor AND 1, L_0x5636849e5b70, L_0x5636849e5a80, C4<1>, C4<1>;
L_0x5636849e5f50 .functor AND 1, L_0x5636849e5e10, L_0x5636849e5cb0, C4<1>, C4<1>;
L_0x5636849e6150 .functor AND 1, L_0x5636849e6060, L_0x5636849e5cb0, C4<1>, C4<1>;
L_0x5636849e6300 .functor AND 1, L_0x5636849e6210, L_0x5636849e5cb0, C4<1>, C4<1>;
L_0x5636849e64f0 .functor AND 1, L_0x5636849e6450, L_0x5636849e5a80, C4<1>, C4<1>;
L_0x5636849e6620 .functor BUF 1, L_0x5636849e58d0, C4<0>, C4<0>, C4<0>;
o0x7f0afd0075c8 .functor BUFZ 1, C4<z>; HiZ drive
v0x56368495e240_0 .net "CLK", 0 0, o0x7f0afd0075c8;  0 drivers
v0x56368495e2e0_0 .net "CLK_delayed", 0 0, o0x7f0afd0075f8;  0 drivers
o0x7f0afd007628 .functor BUFZ 1, C4<z>; HiZ drive
v0x56368495e380_0 .net "D", 0 0, o0x7f0afd007628;  0 drivers
v0x56368495e420_0 .net "D_delayed", 0 0, o0x7f0afd007658;  0 drivers
v0x56368495e4c0_0 .net "Q", 0 0, L_0x5636849e6620;  1 drivers
o0x7f0afd0076b8 .functor BUFZ 1, C4<z>; HiZ drive
v0x56368495e560_0 .net "SCD", 0 0, o0x7f0afd0076b8;  0 drivers
v0x56368495e600_0 .net "SCD_delayed", 0 0, o0x7f0afd0076e8;  0 drivers
o0x7f0afd007718 .functor BUFZ 1, C4<z>; HiZ drive
v0x56368495e6a0_0 .net "SCE", 0 0, o0x7f0afd007718;  0 drivers
v0x56368495e740_0 .net "SCE_delayed", 0 0, o0x7f0afd007748;  0 drivers
v0x56368495e7e0_0 .net "SET", 0 0, L_0x5636849e57f0;  1 drivers
o0x7f0afd0077a8 .functor BUFZ 1, C4<z>; HiZ drive
v0x56368495e880_0 .net "SET_B", 0 0, o0x7f0afd0077a8;  0 drivers
v0x56368495e920_0 .net "SET_B_delayed", 0 0, o0x7f0afd0077d8;  0 drivers
v0x56368495e9c0_0 .net8 "VGND", 0 0, L_0x563683e249c0;  1 drivers, strength-aware
L_0x563683e250b0 .functor BUFT 1, C8<770>, C4<0>, C4<0>, C4<0>;
v0x56368495ea60_0 .net8 "VNB", 0 0, L_0x563683e250b0;  1 drivers, strength-aware
L_0x563683e24ee0 .functor BUFT 1, C8<771>, C4<0>, C4<0>, C4<0>;
v0x56368495eb00_0 .net8 "VPB", 0 0, L_0x563683e24ee0;  1 drivers, strength-aware
v0x56368495eba0_0 .net8 "VPWR", 0 0, L_0x563683e24440;  1 drivers, strength-aware
v0x56368495ec40_0 .net *"_ivl_10", 0 0, L_0x5636849e5b70;  1 drivers
L_0x7f0afcfa6b20 .functor BUFT 1, C4<0>, C4<0>, C4<0>, C4<0>;
v0x56368495ece0_0 .net/2u *"_ivl_14", 0 0, L_0x7f0afcfa6b20;  1 drivers
v0x56368495ed80_0 .net *"_ivl_16", 0 0, L_0x5636849e5e10;  1 drivers
L_0x7f0afcfa6b68 .functor BUFT 1, C4<1>, C4<0>, C4<0>, C4<0>;
v0x56368495ee20_0 .net/2u *"_ivl_20", 0 0, L_0x7f0afcfa6b68;  1 drivers
v0x56368495eec0_0 .net *"_ivl_22", 0 0, L_0x5636849e6060;  1 drivers
v0x56368495ef60_0 .net *"_ivl_26", 0 0, L_0x5636849e6210;  1 drivers
L_0x7f0afcfa6bb0 .functor BUFT 1, C4<1>, C4<0>, C4<0>, C4<0>;
v0x56368495f000_0 .net/2u *"_ivl_30", 0 0, L_0x7f0afcfa6bb0;  1 drivers
v0x56368495f0a0_0 .net *"_ivl_32", 0 0, L_0x5636849e6450;  1 drivers
L_0x7f0afcfa6a90 .functor BUFT 1, C4<1>, C4<0>, C4<0>, C4<0>;
v0x56368495f140_0 .net/2u *"_ivl_4", 0 0, L_0x7f0afcfa6a90;  1 drivers
L_0x7f0afcfa6ad8 .functor BUFT 1, C4<1>, C4<0>, C4<0>, C4<0>;
v0x56368495f1e0_0 .net/2u *"_ivl_8", 0 0, L_0x7f0afcfa6ad8;  1 drivers
v0x56368495f280_0 .net "awake", 0 0, L_0x5636849e5a80;  1 drivers
v0x56368495f320_0 .net "buf_Q", 0 0, L_0x5636849e58d0;  1 drivers
v0x56368495f3c0_0 .net "cond0", 0 0, L_0x5636849e5cb0;  1 drivers
v0x56368495f460_0 .net "cond1", 0 0, L_0x5636849e5f50;  1 drivers
v0x56368495f500_0 .net "cond2", 0 0, L_0x5636849e6150;  1 drivers
v0x56368495f5a0_0 .net "cond3", 0 0, L_0x5636849e6300;  1 drivers
v0x56368495f640_0 .net "cond4", 0 0, L_0x5636849e64f0;  1 drivers
v0x56368495f8f0_0 .net "mux_out", 0 0, L_0x5636849e5860;  1 drivers
v0x56368495f990_0 .var "notifier", 0 0;
L_0x5636849e5a80 .cmp/eeq 1, L_0x563683e24440, L_0x7f0afcfa6a90;
L_0x5636849e5b70 .cmp/eeq 1, o0x7f0afd0077d8, L_0x7f0afcfa6ad8;
L_0x5636849e5e10 .cmp/eeq 1, o0x7f0afd007748, L_0x7f0afcfa6b20;
L_0x5636849e6060 .cmp/eeq 1, o0x7f0afd007748, L_0x7f0afcfa6b68;
L_0x5636849e6210 .cmp/nee 1, o0x7f0afd007658, o0x7f0afd0076e8;
L_0x5636849e6450 .cmp/eeq 1, o0x7f0afd0077a8, L_0x7f0afcfa6bb0;
S_0x563683fdb7e0 .scope module, "sky130_fd_sc_hd__sdfstp_4" "sky130_fd_sc_hd__sdfstp_4" 2 140623;
 .timescale -9 -12;
    .port_info 0 /OUTPUT 1 "Q";
    .port_info 1 /INPUT 1 "CLK";
    .port_info 2 /INPUT 1 "D";
    .port_info 3 /INPUT 1 "SCD";
    .port_info 4 /INPUT 1 "SCE";
    .port_info 5 /INPUT 1 "SET_B";
o0x7f0afd007f88 .functor BUFZ 1, C4<z>; HiZ drive
L_0x5636849e66e0 .functor NOT 1, o0x7f0afd007f88, C4<0>, C4<0>, C4<0>;
o0x7f0afd007e08 .functor BUFZ 1, C4<z>; HiZ drive
o0x7f0afd007e98 .functor BUFZ 1, C4<z>; HiZ drive
o0x7f0afd007ef8 .functor BUFZ 1, C4<z>; HiZ drive
L_0x5636849e6750 .udp UDP_sky130_fd_sc_hd__udp_mux_2to1, o0x7f0afd007e08, o0x7f0afd007e98, o0x7f0afd007ef8;
o0x7f0afd007da8 .functor BUFZ 1, C4<z>; HiZ drive
L_0x563683e1e650 .functor BUFT 1, C8<771>, C4<0>, C4<0>, C4<0>;
L_0x563683e25280 .functor BUFT 1, C8<770>, C4<0>, C4<0>, C4<0>;
L_0x5636849e67c0 .udp UDP_sky130_fd_sc_hd__udp_dff$PS_pp$PG$N, L_0x5636849e6750, o0x7f0afd007da8, L_0x5636849e66e0, v0x563684961180_0, L_0x563683e1e650, L_0x563683e25280;
L_0x5636849e6ba0 .functor AND 1, L_0x5636849e6a60, L_0x5636849e6970, C4<1>, C4<1>;
L_0x5636849e6df0 .functor AND 1, L_0x5636849e6cb0, L_0x5636849e6ba0, C4<1>, C4<1>;
L_0x5636849e6ff0 .functor AND 1, L_0x5636849e6f00, L_0x5636849e6ba0, C4<1>, C4<1>;
L_0x5636849e71a0 .functor AND 1, L_0x5636849e70b0, L_0x5636849e6ba0, C4<1>, C4<1>;
L_0x5636849e7390 .functor AND 1, L_0x5636849e72f0, L_0x5636849e6970, C4<1>, C4<1>;
L_0x5636849e74c0 .functor BUF 1, L_0x5636849e67c0, C4<0>, C4<0>, C4<0>;
o0x7f0afd007d78 .functor BUFZ 1, C4<z>; HiZ drive
v0x56368495fa30_0 .net "CLK", 0 0, o0x7f0afd007d78;  0 drivers
v0x56368495fad0_0 .net "CLK_delayed", 0 0, o0x7f0afd007da8;  0 drivers
o0x7f0afd007dd8 .functor BUFZ 1, C4<z>; HiZ drive
v0x56368495fb70_0 .net "D", 0 0, o0x7f0afd007dd8;  0 drivers
v0x56368495fc10_0 .net "D_delayed", 0 0, o0x7f0afd007e08;  0 drivers
v0x56368495fcb0_0 .net "Q", 0 0, L_0x5636849e74c0;  1 drivers
o0x7f0afd007e68 .functor BUFZ 1, C4<z>; HiZ drive
v0x56368495fd50_0 .net "SCD", 0 0, o0x7f0afd007e68;  0 drivers
v0x56368495fdf0_0 .net "SCD_delayed", 0 0, o0x7f0afd007e98;  0 drivers
o0x7f0afd007ec8 .functor BUFZ 1, C4<z>; HiZ drive
v0x56368495fe90_0 .net "SCE", 0 0, o0x7f0afd007ec8;  0 drivers
v0x56368495ff30_0 .net "SCE_delayed", 0 0, o0x7f0afd007ef8;  0 drivers
v0x56368495ffd0_0 .net "SET", 0 0, L_0x5636849e66e0;  1 drivers
o0x7f0afd007f58 .functor BUFZ 1, C4<z>; HiZ drive
v0x563684960070_0 .net "SET_B", 0 0, o0x7f0afd007f58;  0 drivers
v0x563684960110_0 .net "SET_B_delayed", 0 0, o0x7f0afd007f88;  0 drivers
v0x5636849601b0_0 .net8 "VGND", 0 0, L_0x563683e25280;  1 drivers, strength-aware
L_0x563683e25450 .functor BUFT 1, C8<770>, C4<0>, C4<0>, C4<0>;
v0x563684960250_0 .net8 "VNB", 0 0, L_0x563683e25450;  1 drivers, strength-aware
L_0x563683e1e4f0 .functor BUFT 1, C8<771>, C4<0>, C4<0>, C4<0>;
v0x5636849602f0_0 .net8 "VPB", 0 0, L_0x563683e1e4f0;  1 drivers, strength-aware
v0x563684960390_0 .net8 "VPWR", 0 0, L_0x563683e1e650;  1 drivers, strength-aware
v0x563684960430_0 .net *"_ivl_10", 0 0, L_0x5636849e6a60;  1 drivers
L_0x7f0afcfa6c88 .functor BUFT 1, C4<0>, C4<0>, C4<0>, C4<0>;
v0x5636849604d0_0 .net/2u *"_ivl_14", 0 0, L_0x7f0afcfa6c88;  1 drivers
v0x563684960570_0 .net *"_ivl_16", 0 0, L_0x5636849e6cb0;  1 drivers
L_0x7f0afcfa6cd0 .functor BUFT 1, C4<1>, C4<0>, C4<0>, C4<0>;
v0x563684960610_0 .net/2u *"_ivl_20", 0 0, L_0x7f0afcfa6cd0;  1 drivers
v0x5636849606b0_0 .net *"_ivl_22", 0 0, L_0x5636849e6f00;  1 drivers
v0x563684960750_0 .net *"_ivl_26", 0 0, L_0x5636849e70b0;  1 drivers
L_0x7f0afcfa6d18 .functor BUFT 1, C4<1>, C4<0>, C4<0>, C4<0>;
v0x5636849607f0_0 .net/2u *"_ivl_30", 0 0, L_0x7f0afcfa6d18;  1 drivers
v0x563684960890_0 .net *"_ivl_32", 0 0, L_0x5636849e72f0;  1 drivers
L_0x7f0afcfa6bf8 .functor BUFT 1, C4<1>, C4<0>, C4<0>, C4<0>;
v0x563684960930_0 .net/2u *"_ivl_4", 0 0, L_0x7f0afcfa6bf8;  1 drivers
L_0x7f0afcfa6c40 .functor BUFT 1, C4<1>, C4<0>, C4<0>, C4<0>;
v0x5636849609d0_0 .net/2u *"_ivl_8", 0 0, L_0x7f0afcfa6c40;  1 drivers
v0x563684960a70_0 .net "awake", 0 0, L_0x5636849e6970;  1 drivers
v0x563684960b10_0 .net "buf_Q", 0 0, L_0x5636849e67c0;  1 drivers
v0x563684960bb0_0 .net "cond0", 0 0, L_0x5636849e6ba0;  1 drivers
v0x563684960c50_0 .net "cond1", 0 0, L_0x5636849e6df0;  1 drivers
v0x563684960cf0_0 .net "cond2", 0 0, L_0x5636849e6ff0;  1 drivers
v0x563684960d90_0 .net "cond3", 0 0, L_0x5636849e71a0;  1 drivers
v0x563684960e30_0 .net "cond4", 0 0, L_0x5636849e7390;  1 drivers
v0x5636849610e0_0 .net "mux_out", 0 0, L_0x5636849e6750;  1 drivers
v0x563684961180_0 .var "notifier", 0 0;
L_0x5636849e6970 .cmp/eeq 1, L_0x563683e1e650, L_0x7f0afcfa6bf8;
L_0x5636849e6a60 .cmp/eeq 1, o0x7f0afd007f88, L_0x7f0afcfa6c40;
L_0x5636849e6cb0 .cmp/eeq 1, o0x7f0afd007ef8, L_0x7f0afcfa6c88;
L_0x5636849e6f00 .cmp/eeq 1, o0x7f0afd007ef8, L_0x7f0afcfa6cd0;
L_0x5636849e70b0 .cmp/nee 1, o0x7f0afd007e08, o0x7f0afd007e98;
L_0x5636849e72f0 .cmp/eeq 1, o0x7f0afd007f58, L_0x7f0afcfa6d18;
S_0x563683fdb970 .scope module, "sky130_fd_sc_hd__sdfxbp_1" "sky130_fd_sc_hd__sdfxbp_1" 2 141019;
 .timescale -9 -12;
    .port_info 0 /OUTPUT 1 "Q";
    .port_info 1 /OUTPUT 1 "Q_N";
    .port_info 2 /INPUT 1 "CLK";
    .port_info 3 /INPUT 1 "D";
    .port_info 4 /INPUT 1 "SCD";
    .port_info 5 /INPUT 1 "SCE";
o0x7f0afd0085b8 .functor BUFZ 1, C4<z>; HiZ drive
o0x7f0afd008678 .functor BUFZ 1, C4<z>; HiZ drive
o0x7f0afd0086d8 .functor BUFZ 1, C4<z>; HiZ drive
L_0x5636849e7580 .udp UDP_sky130_fd_sc_hd__udp_mux_2to1, o0x7f0afd0085b8, o0x7f0afd008678, o0x7f0afd0086d8;
o0x7f0afd008558 .functor BUFZ 1, C4<z>; HiZ drive
L_0x563683e1f410 .functor BUFT 1, C8<771>, C4<0>, C4<0>, C4<0>;
L_0x563683e1eb00 .functor BUFT 1, C8<770>, C4<0>, C4<0>, C4<0>;
L_0x5636849e7650 .udp UDP_sky130_fd_sc_hd__udp_dff$P_pp$PG$N, L_0x5636849e7580, o0x7f0afd008558, v0x563684962260_0, L_0x563683e1f410, L_0x563683e1eb00;
L_0x5636849e7a70 .functor AND 1, L_0x5636849e7930, L_0x5636849e7840, C4<1>, C4<1>;
L_0x5636849e7c70 .functor AND 1, L_0x5636849e7b80, L_0x5636849e7840, C4<1>, C4<1>;
L_0x5636849e7ef0 .functor AND 1, L_0x5636849e7d80, L_0x5636849e7840, C4<1>, C4<1>;
L_0x5636849e8040 .functor BUF 1, L_0x5636849e7650, C4<0>, C4<0>, C4<0>;
L_0x5636849e80b0 .functor NOT 1, L_0x5636849e7650, C4<0>, C4<0>, C4<0>;
o0x7f0afd008528 .functor BUFZ 1, C4<z>; HiZ drive
v0x563684961220_0 .net "CLK", 0 0, o0x7f0afd008528;  0 drivers
v0x5636849612c0_0 .net "CLK_delayed", 0 0, o0x7f0afd008558;  0 drivers
o0x7f0afd008588 .functor BUFZ 1, C4<z>; HiZ drive
v0x563684961360_0 .net "D", 0 0, o0x7f0afd008588;  0 drivers
v0x563684961400_0 .net "D_delayed", 0 0, o0x7f0afd0085b8;  0 drivers
v0x5636849614a0_0 .net "Q", 0 0, L_0x5636849e8040;  1 drivers
v0x563684961540_0 .net "Q_N", 0 0, L_0x5636849e80b0;  1 drivers
o0x7f0afd008648 .functor BUFZ 1, C4<z>; HiZ drive
v0x5636849615e0_0 .net "SCD", 0 0, o0x7f0afd008648;  0 drivers
v0x563684961680_0 .net "SCD_delayed", 0 0, o0x7f0afd008678;  0 drivers
o0x7f0afd0086a8 .functor BUFZ 1, C4<z>; HiZ drive
v0x563684961720_0 .net "SCE", 0 0, o0x7f0afd0086a8;  0 drivers
v0x5636849617c0_0 .net "SCE_delayed", 0 0, o0x7f0afd0086d8;  0 drivers
v0x563684961860_0 .net8 "VGND", 0 0, L_0x563683e1eb00;  1 drivers, strength-aware
L_0x563683e1ecd0 .functor BUFT 1, C8<770>, C4<0>, C4<0>, C4<0>;
v0x563684961900_0 .net8 "VNB", 0 0, L_0x563683e1ecd0;  1 drivers, strength-aware
L_0x563683e1e910 .functor BUFT 1, C8<771>, C4<0>, C4<0>, C4<0>;
v0x5636849619a0_0 .net8 "VPB", 0 0, L_0x563683e1e910;  1 drivers, strength-aware
v0x563684961a40_0 .net8 "VPWR", 0 0, L_0x563683e1f410;  1 drivers, strength-aware
v0x563684961ae0_0 .net *"_ivl_10", 0 0, L_0x5636849e7930;  1 drivers
L_0x7f0afcfa6df0 .functor BUFT 1, C4<1>, C4<0>, C4<0>, C4<0>;
v0x563684961b80_0 .net/2u *"_ivl_14", 0 0, L_0x7f0afcfa6df0;  1 drivers
v0x563684961c20_0 .net *"_ivl_16", 0 0, L_0x5636849e7b80;  1 drivers
v0x563684961cc0_0 .net *"_ivl_20", 0 0, L_0x5636849e7d80;  1 drivers
L_0x7f0afcfa6d60 .functor BUFT 1, C4<1>, C4<0>, C4<0>, C4<0>;
v0x563684961d60_0 .net/2u *"_ivl_4", 0 0, L_0x7f0afcfa6d60;  1 drivers
L_0x7f0afcfa6da8 .functor BUFT 1, C4<0>, C4<0>, C4<0>, C4<0>;
v0x563684961e00_0 .net/2u *"_ivl_8", 0 0, L_0x7f0afcfa6da8;  1 drivers
v0x563684961ea0_0 .net "awake", 0 0, L_0x5636849e7840;  1 drivers
v0x563684961f40_0 .net "buf_Q", 0 0, L_0x5636849e7650;  1 drivers
v0x563684961fe0_0 .net "cond1", 0 0, L_0x5636849e7a70;  1 drivers
v0x563684962080_0 .net "cond2", 0 0, L_0x5636849e7c70;  1 drivers
v0x563684962120_0 .net "cond3", 0 0, L_0x5636849e7ef0;  1 drivers
v0x5636849621c0_0 .net "mux_out", 0 0, L_0x5636849e7580;  1 drivers
v0x563684962260_0 .var "notifier", 0 0;
L_0x5636849e7840 .cmp/eeq 1, L_0x563683e1f410, L_0x7f0afcfa6d60;
L_0x5636849e7930 .cmp/eeq 1, o0x7f0afd0086d8, L_0x7f0afcfa6da8;
L_0x5636849e7b80 .cmp/eeq 1, o0x7f0afd0086d8, L_0x7f0afcfa6df0;
L_0x5636849e7d80 .cmp/nee 1, o0x7f0afd0085b8, o0x7f0afd008678;
S_0x563683fdd060 .scope module, "sky130_fd_sc_hd__sdfxbp_2" "sky130_fd_sc_hd__sdfxbp_2" 2 141407;
 .timescale -9 -12;
    .port_info 0 /OUTPUT 1 "Q";
    .port_info 1 /OUTPUT 1 "Q_N";
    .port_info 2 /INPUT 1 "CLK";
    .port_info 3 /INPUT 1 "D";
    .port_info 4 /INPUT 1 "SCD";
    .port_info 5 /INPUT 1 "SCE";
o0x7f0afd008be8 .functor BUFZ 1, C4<z>; HiZ drive
o0x7f0afd008ca8 .functor BUFZ 1, C4<z>; HiZ drive
o0x7f0afd008d08 .functor BUFZ 1, C4<z>; HiZ drive
L_0x5636849e8120 .udp UDP_sky130_fd_sc_hd__udp_mux_2to1, o0x7f0afd008be8, o0x7f0afd008ca8, o0x7f0afd008d08;
o0x7f0afd008b88 .functor BUFZ 1, C4<z>; HiZ drive
L_0x563683e185a0 .functor BUFT 1, C8<771>, C4<0>, C4<0>, C4<0>;
L_0x563683e1f240 .functor BUFT 1, C8<770>, C4<0>, C4<0>, C4<0>;
L_0x5636849e8250 .udp UDP_sky130_fd_sc_hd__udp_dff$P_pp$PG$N, L_0x5636849e8120, o0x7f0afd008b88, v0x563684963450_0, L_0x563683e185a0, L_0x563683e1f240;
L_0x5636849e85f0 .functor AND 1, L_0x5636849e84b0, L_0x5636849e83c0, C4<1>, C4<1>;
L_0x5636849e87f0 .functor AND 1, L_0x5636849e8700, L_0x5636849e83c0, C4<1>, C4<1>;
L_0x5636849e8a20 .functor AND 1, L_0x5636849e88b0, L_0x5636849e83c0, C4<1>, C4<1>;
L_0x5636849e8b70 .functor BUF 1, L_0x5636849e8250, C4<0>, C4<0>, C4<0>;
L_0x5636849e8be0 .functor NOT 1, L_0x5636849e8250, C4<0>, C4<0>, C4<0>;
o0x7f0afd008b58 .functor BUFZ 1, C4<z>; HiZ drive
v0x563684962300_0 .net "CLK", 0 0, o0x7f0afd008b58;  0 drivers
v0x5636849623a0_0 .net "CLK_delayed", 0 0, o0x7f0afd008b88;  0 drivers
o0x7f0afd008bb8 .functor BUFZ 1, C4<z>; HiZ drive
v0x563684962440_0 .net "D", 0 0, o0x7f0afd008bb8;  0 drivers
v0x5636849624e0_0 .net "D_delayed", 0 0, o0x7f0afd008be8;  0 drivers
v0x563684962580_0 .net "Q", 0 0, L_0x5636849e8b70;  1 drivers
v0x563684962620_0 .net "Q_N", 0 0, L_0x5636849e8be0;  1 drivers
o0x7f0afd008c78 .functor BUFZ 1, C4<z>; HiZ drive
v0x5636849626c0_0 .net "SCD", 0 0, o0x7f0afd008c78;  0 drivers
v0x563684962760_0 .net "SCD_delayed", 0 0, o0x7f0afd008ca8;  0 drivers
o0x7f0afd008cd8 .functor BUFZ 1, C4<z>; HiZ drive
v0x563684962800_0 .net "SCE", 0 0, o0x7f0afd008cd8;  0 drivers
v0x5636849628a0_0 .net "SCE_delayed", 0 0, o0x7f0afd008d08;  0 drivers
v0x563684962940_0 .net8 "VGND", 0 0, L_0x563683e1f240;  1 drivers, strength-aware
L_0x563683e18180 .functor BUFT 1, C8<770>, C4<0>, C4<0>, C4<0>;
v0x5636849629e0_0 .net8 "VNB", 0 0, L_0x563683e18180;  1 drivers, strength-aware
L_0x563683e18440 .functor BUFT 1, C8<771>, C4<0>, C4<0>, C4<0>;
v0x563684962a80_0 .net8 "VPB", 0 0, L_0x563683e18440;  1 drivers, strength-aware
v0x563684962b20_0 .net8 "VPWR", 0 0, L_0x563683e185a0;  1 drivers, strength-aware
v0x563684962bc0_0 .net *"_ivl_10", 0 0, L_0x5636849e84b0;  1 drivers
L_0x7f0afcfa6ec8 .functor BUFT 1, C4<1>, C4<0>, C4<0>, C4<0>;
v0x563684962c60_0 .net/2u *"_ivl_14", 0 0, L_0x7f0afcfa6ec8;  1 drivers
v0x563684962d00_0 .net *"_ivl_16", 0 0, L_0x5636849e8700;  1 drivers
v0x563684962eb0_0 .net *"_ivl_20", 0 0, L_0x5636849e88b0;  1 drivers
L_0x7f0afcfa6e38 .functor BUFT 1, C4<1>, C4<0>, C4<0>, C4<0>;
v0x563684962f50_0 .net/2u *"_ivl_4", 0 0, L_0x7f0afcfa6e38;  1 drivers
L_0x7f0afcfa6e80 .functor BUFT 1, C4<0>, C4<0>, C4<0>, C4<0>;
v0x563684962ff0_0 .net/2u *"_ivl_8", 0 0, L_0x7f0afcfa6e80;  1 drivers
v0x563684963090_0 .net "awake", 0 0, L_0x5636849e83c0;  1 drivers
v0x563684963130_0 .net "buf_Q", 0 0, L_0x5636849e8250;  1 drivers
v0x5636849631d0_0 .net "cond1", 0 0, L_0x5636849e85f0;  1 drivers
v0x563684963270_0 .net "cond2", 0 0, L_0x5636849e87f0;  1 drivers
v0x563684963310_0 .net "cond3", 0 0, L_0x5636849e8a20;  1 drivers
v0x5636849633b0_0 .net "mux_out", 0 0, L_0x5636849e8120;  1 drivers
v0x563684963450_0 .var "notifier", 0 0;
L_0x5636849e83c0 .cmp/eeq 1, L_0x563683e185a0, L_0x7f0afcfa6e38;
L_0x5636849e84b0 .cmp/eeq 1, o0x7f0afd008d08, L_0x7f0afcfa6e80;
L_0x5636849e8700 .cmp/eeq 1, o0x7f0afd008d08, L_0x7f0afcfa6ec8;
L_0x5636849e88b0 .cmp/nee 1, o0x7f0afd008be8, o0x7f0afd008ca8;
S_0x563683fdd1f0 .scope module, "sky130_fd_sc_hd__sdfxtp_1" "sky130_fd_sc_hd__sdfxtp_1" 2 141785;
 .timescale -9 -12;
    .port_info 0 /OUTPUT 1 "Q";
    .port_info 1 /INPUT 1 "CLK";
    .port_info 2 /INPUT 1 "D";
    .port_info 3 /INPUT 1 "SCD";
    .port_info 4 /INPUT 1 "SCE";
o0x7f0afd009218 .functor BUFZ 1, C4<z>; HiZ drive
o0x7f0afd0092a8 .functor BUFZ 1, C4<z>; HiZ drive
o0x7f0afd009308 .functor BUFZ 1, C4<z>; HiZ drive
L_0x5636849e8c50 .udp UDP_sky130_fd_sc_hd__udp_mux_2to1, o0x7f0afd009218, o0x7f0afd0092a8, o0x7f0afd009308;
o0x7f0afd0091b8 .functor BUFZ 1, C4<z>; HiZ drive
L_0x563683e18e60 .functor BUFT 1, C8<771>, C4<0>, C4<0>, C4<0>;
L_0x563683e18c90 .functor BUFT 1, C8<770>, C4<0>, C4<0>, C4<0>;
L_0x5636849e8d80 .udp UDP_sky130_fd_sc_hd__udp_dff$P_pp$PG$N, L_0x5636849e8c50, o0x7f0afd0091b8, v0x5636849645a0_0, L_0x563683e18e60, L_0x563683e18c90;
L_0x5636849e9120 .functor AND 1, L_0x5636849e8fe0, L_0x5636849e8ef0, C4<1>, C4<1>;
L_0x5636849e9320 .functor AND 1, L_0x5636849e9230, L_0x5636849e8ef0, C4<1>, C4<1>;
L_0x5636849e95a0 .functor AND 1, L_0x5636849e9430, L_0x5636849e8ef0, C4<1>, C4<1>;
L_0x5636849e96f0 .functor BUF 1, L_0x5636849e8d80, C4<0>, C4<0>, C4<0>;
o0x7f0afd009188 .functor BUFZ 1, C4<z>; HiZ drive
v0x5636849634f0_0 .net "CLK", 0 0, o0x7f0afd009188;  0 drivers
v0x563684963590_0 .net "CLK_delayed", 0 0, o0x7f0afd0091b8;  0 drivers
o0x7f0afd0091e8 .functor BUFZ 1, C4<z>; HiZ drive
v0x563684963630_0 .net "D", 0 0, o0x7f0afd0091e8;  0 drivers
v0x5636849636d0_0 .net "D_delayed", 0 0, o0x7f0afd009218;  0 drivers
v0x563684963770_0 .net "Q", 0 0, L_0x5636849e96f0;  1 drivers
o0x7f0afd009278 .functor BUFZ 1, C4<z>; HiZ drive
v0x563684963810_0 .net "SCD", 0 0, o0x7f0afd009278;  0 drivers
v0x5636849638b0_0 .net "SCD_delayed", 0 0, o0x7f0afd0092a8;  0 drivers
o0x7f0afd0092d8 .functor BUFZ 1, C4<z>; HiZ drive
v0x563684963950_0 .net "SCE", 0 0, o0x7f0afd0092d8;  0 drivers
v0x5636849639f0_0 .net "SCE_delayed", 0 0, o0x7f0afd009308;  0 drivers
v0x563684963a90_0 .net8 "VGND", 0 0, L_0x563683e18c90;  1 drivers, strength-aware
L_0x563683e18700 .functor BUFT 1, C8<770>, C4<0>, C4<0>, C4<0>;
v0x563684963b30_0 .net8 "VNB", 0 0, L_0x563683e18700;  1 drivers, strength-aware
L_0x563683e18020 .functor BUFT 1, C8<771>, C4<0>, C4<0>, C4<0>;
v0x563684963bd0_0 .net8 "VPB", 0 0, L_0x563683e18020;  1 drivers, strength-aware
v0x563684963c70_0 .net8 "VPWR", 0 0, L_0x563683e18e60;  1 drivers, strength-aware
v0x563684963d10_0 .net *"_ivl_10", 0 0, L_0x5636849e8fe0;  1 drivers
L_0x7f0afcfa6fa0 .functor BUFT 1, C4<1>, C4<0>, C4<0>, C4<0>;
v0x563684963db0_0 .net/2u *"_ivl_14", 0 0, L_0x7f0afcfa6fa0;  1 drivers
v0x563684963e50_0 .net *"_ivl_16", 0 0, L_0x5636849e9230;  1 drivers
v0x563684963ef0_0 .net *"_ivl_20", 0 0, L_0x5636849e9430;  1 drivers
L_0x7f0afcfa6f10 .functor BUFT 1, C4<1>, C4<0>, C4<0>, C4<0>;
v0x5636849640a0_0 .net/2u *"_ivl_4", 0 0, L_0x7f0afcfa6f10;  1 drivers
L_0x7f0afcfa6f58 .functor BUFT 1, C4<0>, C4<0>, C4<0>, C4<0>;
v0x563684964140_0 .net/2u *"_ivl_8", 0 0, L_0x7f0afcfa6f58;  1 drivers
v0x5636849641e0_0 .net "awake", 0 0, L_0x5636849e8ef0;  1 drivers
v0x563684964280_0 .net "buf_Q", 0 0, L_0x5636849e8d80;  1 drivers
v0x563684964320_0 .net "cond1", 0 0, L_0x5636849e9120;  1 drivers
v0x5636849643c0_0 .net "cond2", 0 0, L_0x5636849e9320;  1 drivers
v0x563684964460_0 .net "cond3", 0 0, L_0x5636849e95a0;  1 drivers
v0x563684964500_0 .net "mux_out", 0 0, L_0x5636849e8c50;  1 drivers
v0x5636849645a0_0 .var "notifier", 0 0;
L_0x5636849e8ef0 .cmp/eeq 1, L_0x563683e18e60, L_0x7f0afcfa6f10;
L_0x5636849e8fe0 .cmp/eeq 1, o0x7f0afd009308, L_0x7f0afcfa6f58;
L_0x5636849e9230 .cmp/eeq 1, o0x7f0afd009308, L_0x7f0afcfa6fa0;
L_0x5636849e9430 .cmp/nee 1, o0x7f0afd009218, o0x7f0afd0092a8;
S_0x563683fdd380 .scope module, "sky130_fd_sc_hd__sdfxtp_2" "sky130_fd_sc_hd__sdfxtp_2" 2 142159;
 .timescale -9 -12;
    .port_info 0 /OUTPUT 1 "Q";
    .port_info 1 /INPUT 1 "CLK";
    .port_info 2 /INPUT 1 "D";
    .port_info 3 /INPUT 1 "SCD";
    .port_info 4 /INPUT 1 "SCE";
o0x7f0afd0097e8 .functor BUFZ 1, C4<z>; HiZ drive
o0x7f0afd009878 .functor BUFZ 1, C4<z>; HiZ drive
o0x7f0afd0098d8 .functor BUFZ 1, C4<z>; HiZ drive
L_0x5636849e97c0 .udp UDP_sky130_fd_sc_hd__udp_mux_2to1, o0x7f0afd0097e8, o0x7f0afd009878, o0x7f0afd0098d8;
o0x7f0afd009788 .functor BUFZ 1, C4<z>; HiZ drive
L_0x563683e126d0 .functor BUFT 1, C8<771>, C4<0>, C4<0>, C4<0>;
L_0x563683e11f60 .functor BUFT 1, C8<770>, C4<0>, C4<0>, C4<0>;
L_0x5636849e9890 .udp UDP_sky130_fd_sc_hd__udp_dff$P_pp$PG$N, L_0x5636849e97c0, o0x7f0afd009788, v0x5636849656f0_0, L_0x563683e126d0, L_0x563683e11f60;
L_0x5636849e9c30 .functor AND 1, L_0x5636849e9af0, L_0x5636849e9a00, C4<1>, C4<1>;
L_0x5636849e9e30 .functor AND 1, L_0x5636849e9d40, L_0x5636849e9a00, C4<1>, C4<1>;
L_0x5636849ea060 .functor AND 1, L_0x5636849e9ef0, L_0x5636849e9a00, C4<1>, C4<1>;
L_0x5636849ea1b0 .functor BUF 1, L_0x5636849e9890, C4<0>, C4<0>, C4<0>;
o0x7f0afd009758 .functor BUFZ 1, C4<z>; HiZ drive
v0x563684964640_0 .net "CLK", 0 0, o0x7f0afd009758;  0 drivers
v0x5636849646e0_0 .net "CLK_delayed", 0 0, o0x7f0afd009788;  0 drivers
o0x7f0afd0097b8 .functor BUFZ 1, C4<z>; HiZ drive
v0x563684964780_0 .net "D", 0 0, o0x7f0afd0097b8;  0 drivers
v0x563684964820_0 .net "D_delayed", 0 0, o0x7f0afd0097e8;  0 drivers
v0x5636849648c0_0 .net "Q", 0 0, L_0x5636849ea1b0;  1 drivers
o0x7f0afd009848 .functor BUFZ 1, C4<z>; HiZ drive
v0x563684964960_0 .net "SCD", 0 0, o0x7f0afd009848;  0 drivers
v0x563684964a00_0 .net "SCD_delayed", 0 0, o0x7f0afd009878;  0 drivers
o0x7f0afd0098a8 .functor BUFZ 1, C4<z>; HiZ drive
v0x563684964aa0_0 .net "SCE", 0 0, o0x7f0afd0098a8;  0 drivers
v0x563684964b40_0 .net "SCE_delayed", 0 0, o0x7f0afd0098d8;  0 drivers
v0x563684964be0_0 .net8 "VGND", 0 0, L_0x563683e11f60;  1 drivers, strength-aware
L_0x563683e120c0 .functor BUFT 1, C8<770>, C4<0>, C4<0>, C4<0>;
v0x563684964c80_0 .net8 "VNB", 0 0, L_0x563683e120c0;  1 drivers, strength-aware
L_0x563683e12380 .functor BUFT 1, C8<771>, C4<0>, C4<0>, C4<0>;
v0x563684964d20_0 .net8 "VPB", 0 0, L_0x563683e12380;  1 drivers, strength-aware
v0x563684964dc0_0 .net8 "VPWR", 0 0, L_0x563683e126d0;  1 drivers, strength-aware
v0x563684964e60_0 .net *"_ivl_10", 0 0, L_0x5636849e9af0;  1 drivers
L_0x7f0afcfa7078 .functor BUFT 1, C4<1>, C4<0>, C4<0>, C4<0>;
v0x563684964f00_0 .net/2u *"_ivl_14", 0 0, L_0x7f0afcfa7078;  1 drivers
v0x563684964fa0_0 .net *"_ivl_16", 0 0, L_0x5636849e9d40;  1 drivers
v0x563684965040_0 .net *"_ivl_20", 0 0, L_0x5636849e9ef0;  1 drivers
L_0x7f0afcfa6fe8 .functor BUFT 1, C4<1>, C4<0>, C4<0>, C4<0>;
v0x5636849651f0_0 .net/2u *"_ivl_4", 0 0, L_0x7f0afcfa6fe8;  1 drivers
L_0x7f0afcfa7030 .functor BUFT 1, C4<0>, C4<0>, C4<0>, C4<0>;
v0x563684965290_0 .net/2u *"_ivl_8", 0 0, L_0x7f0afcfa7030;  1 drivers
v0x563684965330_0 .net "awake", 0 0, L_0x5636849e9a00;  1 drivers
v0x5636849653d0_0 .net "buf_Q", 0 0, L_0x5636849e9890;  1 drivers
v0x563684965470_0 .net "cond1", 0 0, L_0x5636849e9c30;  1 drivers
v0x563684965510_0 .net "cond2", 0 0, L_0x5636849e9e30;  1 drivers
v0x5636849655b0_0 .net "cond3", 0 0, L_0x5636849ea060;  1 drivers
v0x563684965650_0 .net "mux_out", 0 0, L_0x5636849e97c0;  1 drivers
v0x5636849656f0_0 .var "notifier", 0 0;
L_0x5636849e9a00 .cmp/eeq 1, L_0x563683e126d0, L_0x7f0afcfa6fe8;
L_0x5636849e9af0 .cmp/eeq 1, o0x7f0afd0098d8, L_0x7f0afcfa7030;
L_0x5636849e9d40 .cmp/eeq 1, o0x7f0afd0098d8, L_0x7f0afcfa7078;
L_0x5636849e9ef0 .cmp/nee 1, o0x7f0afd0097e8, o0x7f0afd009878;
S_0x563683fdea70 .scope module, "sky130_fd_sc_hd__sdfxtp_4" "sky130_fd_sc_hd__sdfxtp_4" 2 142533;
 .timescale -9 -12;
    .port_info 0 /OUTPUT 1 "Q";
    .port_info 1 /INPUT 1 "CLK";
    .port_info 2 /INPUT 1 "D";
    .port_info 3 /INPUT 1 "SCD";
    .port_info 4 /INPUT 1 "SCE";
o0x7f0afd009db8 .functor BUFZ 1, C4<z>; HiZ drive
o0x7f0afd009e48 .functor BUFZ 1, C4<z>; HiZ drive
o0x7f0afd009ea8 .functor BUFZ 1, C4<z>; HiZ drive
L_0x5636849ea280 .udp UDP_sky130_fd_sc_hd__udp_mux_2to1, o0x7f0afd009db8, o0x7f0afd009e48, o0x7f0afd009ea8;
o0x7f0afd009d58 .functor BUFZ 1, C4<z>; HiZ drive
L_0x563683e12fe0 .functor BUFT 1, C8<771>, C4<0>, C4<0>, C4<0>;
L_0x563683e128a0 .functor BUFT 1, C8<770>, C4<0>, C4<0>, C4<0>;
L_0x5636849ea380 .udp UDP_sky130_fd_sc_hd__udp_dff$P_pp$PG$N, L_0x5636849ea280, o0x7f0afd009d58, v0x563684966840_0, L_0x563683e12fe0, L_0x563683e128a0;
L_0x5636849ea720 .functor AND 1, L_0x5636849ea5e0, L_0x5636849ea4f0, C4<1>, C4<1>;
L_0x5636849ea920 .functor AND 1, L_0x5636849ea830, L_0x5636849ea4f0, C4<1>, C4<1>;
L_0x5636849eaba0 .functor AND 1, L_0x5636849eaa30, L_0x5636849ea4f0, C4<1>, C4<1>;
L_0x5636849eacf0 .functor BUF 1, L_0x5636849ea380, C4<0>, C4<0>, C4<0>;
o0x7f0afd009d28 .functor BUFZ 1, C4<z>; HiZ drive
v0x563684965790_0 .net "CLK", 0 0, o0x7f0afd009d28;  0 drivers
v0x563684965830_0 .net "CLK_delayed", 0 0, o0x7f0afd009d58;  0 drivers
o0x7f0afd009d88 .functor BUFZ 1, C4<z>; HiZ drive
v0x5636849658d0_0 .net "D", 0 0, o0x7f0afd009d88;  0 drivers
v0x563684965970_0 .net "D_delayed", 0 0, o0x7f0afd009db8;  0 drivers
v0x563684965a10_0 .net "Q", 0 0, L_0x5636849eacf0;  1 drivers
o0x7f0afd009e18 .functor BUFZ 1, C4<z>; HiZ drive
v0x563684965ab0_0 .net "SCD", 0 0, o0x7f0afd009e18;  0 drivers
v0x563684965b50_0 .net "SCD_delayed", 0 0, o0x7f0afd009e48;  0 drivers
o0x7f0afd009e78 .functor BUFZ 1, C4<z>; HiZ drive
v0x563684965bf0_0 .net "SCE", 0 0, o0x7f0afd009e78;  0 drivers
v0x563684965c90_0 .net "SCE_delayed", 0 0, o0x7f0afd009ea8;  0 drivers
v0x563684965d30_0 .net8 "VGND", 0 0, L_0x563683e128a0;  1 drivers, strength-aware
L_0x563683e11e00 .functor BUFT 1, C8<770>, C4<0>, C4<0>, C4<0>;
v0x563684965dd0_0 .net8 "VNB", 0 0, L_0x563683e11e00;  1 drivers, strength-aware
L_0x563683e12c40 .functor BUFT 1, C8<771>, C4<0>, C4<0>, C4<0>;
v0x563684965e70_0 .net8 "VPB", 0 0, L_0x563683e12c40;  1 drivers, strength-aware
v0x563684965f10_0 .net8 "VPWR", 0 0, L_0x563683e12fe0;  1 drivers, strength-aware
v0x563684965fb0_0 .net *"_ivl_10", 0 0, L_0x5636849ea5e0;  1 drivers
L_0x7f0afcfa7150 .functor BUFT 1, C4<1>, C4<0>, C4<0>, C4<0>;
v0x563684966050_0 .net/2u *"_ivl_14", 0 0, L_0x7f0afcfa7150;  1 drivers
v0x5636849660f0_0 .net *"_ivl_16", 0 0, L_0x5636849ea830;  1 drivers
v0x563684966190_0 .net *"_ivl_20", 0 0, L_0x5636849eaa30;  1 drivers
L_0x7f0afcfa70c0 .functor BUFT 1, C4<1>, C4<0>, C4<0>, C4<0>;
v0x563684966340_0 .net/2u *"_ivl_4", 0 0, L_0x7f0afcfa70c0;  1 drivers
L_0x7f0afcfa7108 .functor BUFT 1, C4<0>, C4<0>, C4<0>, C4<0>;
v0x5636849663e0_0 .net/2u *"_ivl_8", 0 0, L_0x7f0afcfa7108;  1 drivers
v0x563684966480_0 .net "awake", 0 0, L_0x5636849ea4f0;  1 drivers
v0x563684966520_0 .net "buf_Q", 0 0, L_0x5636849ea380;  1 drivers
v0x5636849665c0_0 .net "cond1", 0 0, L_0x5636849ea720;  1 drivers
v0x563684966660_0 .net "cond2", 0 0, L_0x5636849ea920;  1 drivers
v0x563684966700_0 .net "cond3", 0 0, L_0x5636849eaba0;  1 drivers
v0x5636849667a0_0 .net "mux_out", 0 0, L_0x5636849ea280;  1 drivers
v0x563684966840_0 .var "notifier", 0 0;
L_0x5636849ea4f0 .cmp/eeq 1, L_0x563683e12fe0, L_0x7f0afcfa70c0;
L_0x5636849ea5e0 .cmp/eeq 1, o0x7f0afd009ea8, L_0x7f0afcfa7108;
L_0x5636849ea830 .cmp/eeq 1, o0x7f0afd009ea8, L_0x7f0afcfa7150;
L_0x5636849eaa30 .cmp/nee 1, o0x7f0afd009db8, o0x7f0afd009e48;
S_0x563683fdec00 .scope module, "sky130_fd_sc_hd__sdlclkp_1" "sky130_fd_sc_hd__sdlclkp_1" 2 142907;
 .timescale -9 -12;
    .port_info 0 /OUTPUT 1 "GCLK";
    .port_info 1 /INPUT 1 "SCE";
    .port_info 2 /INPUT 1 "GATE";
    .port_info 3 /INPUT 1 "CLK";
L_0x5636849eadc0 .functor NOT 1, L_0x5636849eafd0, C4<0>, C4<0>, C4<0>;
o0x7f0afd00a328 .functor BUFZ 1, C4<z>; HiZ drive
L_0x5636849eae30 .functor NOT 1, o0x7f0afd00a328, C4<0>, C4<0>, C4<0>;
o0x7f0afd00a3b8 .functor BUFZ 1, C4<z>; HiZ drive
o0x7f0afd00a478 .functor BUFZ 1, C4<z>; HiZ drive
L_0x5636849eaed0 .functor NOR 1, o0x7f0afd00a3b8, o0x7f0afd00a478, C4<0>, C4<0>;
L_0x563683e0c860 .functor BUFT 1, C8<771>, C4<0>, C4<0>, C4<0>;
L_0x563683e0beb0 .functor BUFT 1, C8<770>, C4<0>, C4<0>, C4<0>;
L_0x5636849eafd0 .udp UDP_sky130_fd_sc_hd__udp_dlatch$P_pp$PG$N, L_0x5636849eaed0, L_0x5636849eae30, v0x563684967850_0, L_0x563683e0c860, L_0x563683e0beb0;
L_0x5636849eb180 .functor AND 1, L_0x5636849eadc0, o0x7f0afd00a328, C4<1>, C4<1>;
L_0x5636849eb4c0 .functor AND 1, L_0x5636849eb290, L_0x5636849eb380, C4<1>, C4<1>;
L_0x5636849eb720 .functor AND 1, L_0x5636849eb290, L_0x5636849eb630, C4<1>, C4<1>;
o0x7f0afd00a2f8 .functor BUFZ 1, C4<z>; HiZ drive
v0x5636849668e0_0 .net "CLK", 0 0, o0x7f0afd00a2f8;  0 drivers
v0x563684966980_0 .net "CLK_delayed", 0 0, o0x7f0afd00a328;  0 drivers
o0x7f0afd00a358 .functor BUFZ 1, C4<z>; HiZ drive
v0x563684966a20_0 .net "GATE", 0 0, o0x7f0afd00a358;  0 drivers
v0x563684966ac0_0 .net "GATE_awake", 0 0, L_0x5636849eb720;  1 drivers
v0x563684966b60_0 .net "GATE_delayed", 0 0, o0x7f0afd00a3b8;  0 drivers
v0x563684966c00_0 .net "GCLK", 0 0, L_0x5636849eb180;  1 drivers
o0x7f0afd00a418 .functor BUFZ 1, C4<z>; HiZ drive
v0x563684966ca0_0 .net "SCE", 0 0, o0x7f0afd00a418;  0 drivers
v0x563684966d40_0 .net "SCE_awake", 0 0, L_0x5636849eb4c0;  1 drivers
v0x563684966de0_0 .net "SCE_delayed", 0 0, o0x7f0afd00a478;  0 drivers
v0x563684966e80_0 .net "SCE_gate_delayed", 0 0, L_0x5636849eaed0;  1 drivers
v0x563684966f20_0 .net8 "VGND", 0 0, L_0x563683e0beb0;  1 drivers, strength-aware
L_0x563683e0c010 .functor BUFT 1, C8<770>, C4<0>, C4<0>, C4<0>;
v0x563684966fc0_0 .net8 "VNB", 0 0, L_0x563683e0c010;  1 drivers, strength-aware
L_0x563683e0c4c0 .functor BUFT 1, C8<771>, C4<0>, C4<0>, C4<0>;
v0x563684967060_0 .net8 "VPB", 0 0, L_0x563683e0c4c0;  1 drivers, strength-aware
v0x563684967100_0 .net8 "VPWR", 0 0, L_0x563683e0c860;  1 drivers, strength-aware
v0x5636849671a0_0 .net *"_ivl_10", 0 0, L_0x5636849eb380;  1 drivers
L_0x7f0afcfa7228 .functor BUFT 1, C4<0>, C4<0>, C4<0>, C4<0>;
v0x563684967240_0 .net/2u *"_ivl_14", 0 0, L_0x7f0afcfa7228;  1 drivers
v0x5636849672e0_0 .net *"_ivl_16", 0 0, L_0x5636849eb630;  1 drivers
L_0x7f0afcfa7198 .functor BUFT 1, C4<1>, C4<0>, C4<0>, C4<0>;
v0x563684967490_0 .net/2u *"_ivl_4", 0 0, L_0x7f0afcfa7198;  1 drivers
L_0x7f0afcfa71e0 .functor BUFT 1, C4<0>, C4<0>, C4<0>, C4<0>;
v0x563684967530_0 .net/2u *"_ivl_8", 0 0, L_0x7f0afcfa71e0;  1 drivers
v0x5636849675d0_0 .net "awake", 0 0, L_0x5636849eb290;  1 drivers
v0x563684967670_0 .net "clkn", 0 0, L_0x5636849eae30;  1 drivers
v0x563684967710_0 .net "m0", 0 0, L_0x5636849eafd0;  1 drivers
v0x5636849677b0_0 .net "m0n", 0 0, L_0x5636849eadc0;  1 drivers
v0x563684967850_0 .var "notifier", 0 0;
L_0x5636849eb290 .cmp/eeq 1, L_0x563683e0c860, L_0x7f0afcfa7198;
L_0x5636849eb380 .cmp/eeq 1, o0x7f0afd00a3b8, L_0x7f0afcfa71e0;
L_0x5636849eb630 .cmp/eeq 1, o0x7f0afd00a478, L_0x7f0afcfa7228;
S_0x563683fe0480 .scope module, "sky130_fd_sc_hd__sdlclkp_2" "sky130_fd_sc_hd__sdlclkp_2" 2 143277;
 .timescale -9 -12;
    .port_info 0 /OUTPUT 1 "GCLK";
    .port_info 1 /INPUT 1 "SCE";
    .port_info 2 /INPUT 1 "GATE";
    .port_info 3 /INPUT 1 "CLK";
L_0x5636849eb7e0 .functor NOT 1, L_0x5636849eb960, C4<0>, C4<0>, C4<0>;
o0x7f0afd00a868 .functor BUFZ 1, C4<z>; HiZ drive
L_0x5636849eb850 .functor NOT 1, o0x7f0afd00a868, C4<0>, C4<0>, C4<0>;
o0x7f0afd00a8f8 .functor BUFZ 1, C4<z>; HiZ drive
o0x7f0afd00a9b8 .functor BUFZ 1, C4<z>; HiZ drive
L_0x5636849eb8c0 .functor NOR 1, o0x7f0afd00a8f8, o0x7f0afd00a9b8, C4<0>, C4<0>;
L_0x563683e05b40 .functor BUFT 1, C8<771>, C4<0>, C4<0>, C4<0>;
L_0x563683e0c2d0 .functor BUFT 1, C8<770>, C4<0>, C4<0>, C4<0>;
L_0x5636849eb960 .udp UDP_sky130_fd_sc_hd__udp_dlatch$P_pp$PG$N, L_0x5636849eb8c0, L_0x5636849eb850, v0x563684968860_0, L_0x563683e05b40, L_0x563683e0c2d0;
L_0x5636849ebbb0 .functor AND 1, L_0x5636849eb7e0, o0x7f0afd00a868, C4<1>, C4<1>;
L_0x5636849ebef0 .functor AND 1, L_0x5636849ebcc0, L_0x5636849ebdb0, C4<1>, C4<1>;
L_0x5636849ec150 .functor AND 1, L_0x5636849ebcc0, L_0x5636849ec060, C4<1>, C4<1>;
o0x7f0afd00a838 .functor BUFZ 1, C4<z>; HiZ drive
v0x5636849678f0_0 .net "CLK", 0 0, o0x7f0afd00a838;  0 drivers
v0x563684967990_0 .net "CLK_delayed", 0 0, o0x7f0afd00a868;  0 drivers
o0x7f0afd00a898 .functor BUFZ 1, C4<z>; HiZ drive
v0x563684967a30_0 .net "GATE", 0 0, o0x7f0afd00a898;  0 drivers
v0x563684967ad0_0 .net "GATE_awake", 0 0, L_0x5636849ec150;  1 drivers
v0x563684967b70_0 .net "GATE_delayed", 0 0, o0x7f0afd00a8f8;  0 drivers
v0x563684967c10_0 .net "GCLK", 0 0, L_0x5636849ebbb0;  1 drivers
o0x7f0afd00a958 .functor BUFZ 1, C4<z>; HiZ drive
v0x563684967cb0_0 .net "SCE", 0 0, o0x7f0afd00a958;  0 drivers
v0x563684967d50_0 .net "SCE_awake", 0 0, L_0x5636849ebef0;  1 drivers
v0x563684967df0_0 .net "SCE_delayed", 0 0, o0x7f0afd00a9b8;  0 drivers
v0x563684967e90_0 .net "SCE_gate_delayed", 0 0, L_0x5636849eb8c0;  1 drivers
v0x563684967f30_0 .net8 "VGND", 0 0, L_0x563683e0c2d0;  1 drivers, strength-aware
L_0x563683e0ca30 .functor BUFT 1, C8<770>, C4<0>, C4<0>, C4<0>;
v0x563684967fd0_0 .net8 "VNB", 0 0, L_0x563683e0ca30;  1 drivers, strength-aware
L_0x563683e0cc00 .functor BUFT 1, C8<771>, C4<0>, C4<0>, C4<0>;
v0x563684968070_0 .net8 "VPB", 0 0, L_0x563683e0cc00;  1 drivers, strength-aware
v0x563684968110_0 .net8 "VPWR", 0 0, L_0x563683e05b40;  1 drivers, strength-aware
v0x5636849681b0_0 .net *"_ivl_10", 0 0, L_0x5636849ebdb0;  1 drivers
L_0x7f0afcfa7300 .functor BUFT 1, C4<0>, C4<0>, C4<0>, C4<0>;
v0x563684968250_0 .net/2u *"_ivl_14", 0 0, L_0x7f0afcfa7300;  1 drivers
v0x5636849682f0_0 .net *"_ivl_16", 0 0, L_0x5636849ec060;  1 drivers
L_0x7f0afcfa7270 .functor BUFT 1, C4<1>, C4<0>, C4<0>, C4<0>;
v0x5636849684a0_0 .net/2u *"_ivl_4", 0 0, L_0x7f0afcfa7270;  1 drivers
L_0x7f0afcfa72b8 .functor BUFT 1, C4<0>, C4<0>, C4<0>, C4<0>;
v0x563684968540_0 .net/2u *"_ivl_8", 0 0, L_0x7f0afcfa72b8;  1 drivers
v0x5636849685e0_0 .net "awake", 0 0, L_0x5636849ebcc0;  1 drivers
v0x563684968680_0 .net "clkn", 0 0, L_0x5636849eb850;  1 drivers
v0x563684968720_0 .net "m0", 0 0, L_0x5636849eb960;  1 drivers
v0x5636849687c0_0 .net "m0n", 0 0, L_0x5636849eb7e0;  1 drivers
v0x563684968860_0 .var "notifier", 0 0;
L_0x5636849ebcc0 .cmp/eeq 1, L_0x563683e05b40, L_0x7f0afcfa7270;
L_0x5636849ebdb0 .cmp/eeq 1, o0x7f0afd00a8f8, L_0x7f0afcfa72b8;
L_0x5636849ec060 .cmp/eeq 1, o0x7f0afd00a9b8, L_0x7f0afcfa7300;
S_0x563683fe0680 .scope module, "sky130_fd_sc_hd__sdlclkp_4" "sky130_fd_sc_hd__sdlclkp_4" 2 143647;
 .timescale -9 -12;
    .port_info 0 /OUTPUT 1 "GCLK";
    .port_info 1 /INPUT 1 "SCE";
    .port_info 2 /INPUT 1 "GATE";
    .port_info 3 /INPUT 1 "CLK";
L_0x5636849ec210 .functor NOT 1, L_0x5636849ec3c0, C4<0>, C4<0>, C4<0>;
o0x7f0afd00ada8 .functor BUFZ 1, C4<z>; HiZ drive
L_0x5636849ec280 .functor NOT 1, o0x7f0afd00ada8, C4<0>, C4<0>, C4<0>;
o0x7f0afd00ae38 .functor BUFZ 1, C4<z>; HiZ drive
o0x7f0afd00aef8 .functor BUFZ 1, C4<z>; HiZ drive
L_0x5636849ec2f0 .functor NOR 1, o0x7f0afd00ae38, o0x7f0afd00aef8, C4<0>, C4<0>;
L_0x563683e06480 .functor BUFT 1, C8<771>, C4<0>, C4<0>, C4<0>;
L_0x563683e05e00 .functor BUFT 1, C8<770>, C4<0>, C4<0>, C4<0>;
L_0x5636849ec3c0 .udp UDP_sky130_fd_sc_hd__udp_dlatch$P_pp$PG$N, L_0x5636849ec2f0, L_0x5636849ec280, v0x563684969870_0, L_0x563683e06480, L_0x563683e05e00;
L_0x5636849ec5c0 .functor AND 1, L_0x5636849ec210, o0x7f0afd00ada8, C4<1>, C4<1>;
L_0x5636849ec900 .functor AND 1, L_0x5636849ec6d0, L_0x5636849ec7c0, C4<1>, C4<1>;
L_0x5636849ecb60 .functor AND 1, L_0x5636849ec6d0, L_0x5636849eca70, C4<1>, C4<1>;
o0x7f0afd00ad78 .functor BUFZ 1, C4<z>; HiZ drive
v0x563684968900_0 .net "CLK", 0 0, o0x7f0afd00ad78;  0 drivers
v0x5636849689a0_0 .net "CLK_delayed", 0 0, o0x7f0afd00ada8;  0 drivers
o0x7f0afd00add8 .functor BUFZ 1, C4<z>; HiZ drive
v0x563684968a40_0 .net "GATE", 0 0, o0x7f0afd00add8;  0 drivers
v0x563684968ae0_0 .net "GATE_awake", 0 0, L_0x5636849ecb60;  1 drivers
v0x563684968b80_0 .net "GATE_delayed", 0 0, o0x7f0afd00ae38;  0 drivers
v0x563684968c20_0 .net "GCLK", 0 0, L_0x5636849ec5c0;  1 drivers
o0x7f0afd00ae98 .functor BUFZ 1, C4<z>; HiZ drive
v0x563684968cc0_0 .net "SCE", 0 0, o0x7f0afd00ae98;  0 drivers
v0x563684968d60_0 .net "SCE_awake", 0 0, L_0x5636849ec900;  1 drivers
v0x563684968e00_0 .net "SCE_delayed", 0 0, o0x7f0afd00aef8;  0 drivers
v0x563684968ea0_0 .net "SCE_gate_delayed", 0 0, L_0x5636849ec2f0;  1 drivers
v0x563684968f40_0 .net8 "VGND", 0 0, L_0x563683e05e00;  1 drivers, strength-aware
L_0x563683e05f60 .functor BUFT 1, C8<770>, C4<0>, C4<0>, C4<0>;
v0x563684968fe0_0 .net8 "VNB", 0 0, L_0x563683e05f60;  1 drivers, strength-aware
L_0x563683e06650 .functor BUFT 1, C8<771>, C4<0>, C4<0>, C4<0>;
v0x563684969080_0 .net8 "VPB", 0 0, L_0x563683e06650;  1 drivers, strength-aware
v0x563684969120_0 .net8 "VPWR", 0 0, L_0x563683e06480;  1 drivers, strength-aware
v0x5636849691c0_0 .net *"_ivl_10", 0 0, L_0x5636849ec7c0;  1 drivers
L_0x7f0afcfa73d8 .functor BUFT 1, C4<0>, C4<0>, C4<0>, C4<0>;
v0x563684969260_0 .net/2u *"_ivl_14", 0 0, L_0x7f0afcfa73d8;  1 drivers
v0x563684969300_0 .net *"_ivl_16", 0 0, L_0x5636849eca70;  1 drivers
L_0x7f0afcfa7348 .functor BUFT 1, C4<1>, C4<0>, C4<0>, C4<0>;
v0x5636849694b0_0 .net/2u *"_ivl_4", 0 0, L_0x7f0afcfa7348;  1 drivers
L_0x7f0afcfa7390 .functor BUFT 1, C4<0>, C4<0>, C4<0>, C4<0>;
v0x563684969550_0 .net/2u *"_ivl_8", 0 0, L_0x7f0afcfa7390;  1 drivers
v0x5636849695f0_0 .net "awake", 0 0, L_0x5636849ec6d0;  1 drivers
v0x563684969690_0 .net "clkn", 0 0, L_0x5636849ec280;  1 drivers
v0x563684969730_0 .net "m0", 0 0, L_0x5636849ec3c0;  1 drivers
v0x5636849697d0_0 .net "m0n", 0 0, L_0x5636849ec210;  1 drivers
v0x563684969870_0 .var "notifier", 0 0;
L_0x5636849ec6d0 .cmp/eeq 1, L_0x563683e06480, L_0x7f0afcfa7348;
L_0x5636849ec7c0 .cmp/eeq 1, o0x7f0afd00ae38, L_0x7f0afcfa7390;
L_0x5636849eca70 .cmp/eeq 1, o0x7f0afd00aef8, L_0x7f0afcfa73d8;
S_0x563683fe1e90 .scope module, "sky130_fd_sc_hd__sedfxbp_1" "sky130_fd_sc_hd__sedfxbp_1" 2 144047;
 .timescale -9 -12;
    .port_info 0 /OUTPUT 1 "Q";
    .port_info 1 /OUTPUT 1 "Q_N";
    .port_info 2 /INPUT 1 "CLK";
    .port_info 3 /INPUT 1 "D";
    .port_info 4 /INPUT 1 "DE";
    .port_info 5 /INPUT 1 "SCD";
    .port_info 6 /INPUT 1 "SCE";
o0x7f0afd00b468 .functor BUFZ 1, C4<z>; HiZ drive
o0x7f0afd00b4c8 .functor BUFZ 1, C4<z>; HiZ drive
L_0x5636849ecc20 .udp UDP_sky130_fd_sc_hd__udp_mux_2to1, L_0x5636849ecc90, o0x7f0afd00b468, o0x7f0afd00b4c8;
o0x7f0afd00b3a8 .functor BUFZ 1, C4<z>; HiZ drive
o0x7f0afd00b378 .functor BUFZ 1, C4<z>; HiZ drive
L_0x5636849ecc90 .udp UDP_sky130_fd_sc_hd__udp_mux_2to1, L_0x5636849ecde0, o0x7f0afd00b3a8, o0x7f0afd00b378;
o0x7f0afd00b2e8 .functor BUFZ 1, C4<z>; HiZ drive
L_0x563683f152e0 .functor BUFT 1, C8<771>, C4<0>, C4<0>, C4<0>;
L_0x563683e059e0 .functor BUFT 1, C8<770>, C4<0>, C4<0>, C4<0>;
L_0x5636849ecde0 .udp UDP_sky130_fd_sc_hd__udp_dff$P_pp$PG$N, L_0x5636849ecc20, o0x7f0afd00b2e8, v0x56368496b210_0, L_0x563683f152e0, L_0x563683e059e0;
L_0x5636849ed1c0 .functor AND 1, L_0x5636849ecf90, L_0x5636849ed080, C4<1>, C4<1>;
L_0x5636849ed460 .functor AND 1, L_0x5636849ed1c0, L_0x5636849ed320, C4<1>, C4<1>;
L_0x5636849ed690 .functor AND 1, L_0x5636849ecf90, L_0x5636849ed570, C4<1>, C4<1>;
L_0x5636849ed850 .functor AND 1, L_0x5636849ecf90, L_0x5636849ed7b0, C4<1>, C4<1>;
L_0x5636849eda90 .functor AND 1, L_0x5636849ed850, L_0x5636849ed950, C4<1>, C4<1>;
L_0x5636849edc10 .functor BUF 1, L_0x5636849ecde0, C4<0>, C4<0>, C4<0>;
L_0x5636849edc80 .functor NOT 1, L_0x5636849ecde0, C4<0>, C4<0>, C4<0>;
o0x7f0afd00b2b8 .functor BUFZ 1, C4<z>; HiZ drive
v0x563684969910_0 .net "CLK", 0 0, o0x7f0afd00b2b8;  0 drivers
v0x5636849699b0_0 .net "CLK_delayed", 0 0, o0x7f0afd00b2e8;  0 drivers
o0x7f0afd00b318 .functor BUFZ 1, C4<z>; HiZ drive
v0x563684969a50_0 .net "D", 0 0, o0x7f0afd00b318;  0 drivers
o0x7f0afd00b348 .functor BUFZ 1, C4<z>; HiZ drive
v0x563684969af0_0 .net "DE", 0 0, o0x7f0afd00b348;  0 drivers
v0x563684969b90_0 .net "DE_delayed", 0 0, o0x7f0afd00b378;  0 drivers
v0x563684969c30_0 .net "D_delayed", 0 0, o0x7f0afd00b3a8;  0 drivers
v0x563684969cd0_0 .net "Q", 0 0, L_0x5636849edc10;  1 drivers
v0x563684969d70_0 .net "Q_N", 0 0, L_0x5636849edc80;  1 drivers
o0x7f0afd00b438 .functor BUFZ 1, C4<z>; HiZ drive
v0x563684969e10_0 .net "SCD", 0 0, o0x7f0afd00b438;  0 drivers
v0x563684969eb0_0 .net "SCD_delayed", 0 0, o0x7f0afd00b468;  0 drivers
o0x7f0afd00b498 .functor BUFZ 1, C4<z>; HiZ drive
v0x563684969f50_0 .net "SCE", 0 0, o0x7f0afd00b498;  0 drivers
v0x563684969ff0_0 .net "SCE_delayed", 0 0, o0x7f0afd00b4c8;  0 drivers
v0x56368496a090_0 .net8 "VGND", 0 0, L_0x563683e059e0;  1 drivers, strength-aware
L_0x563683e069f0 .functor BUFT 1, C8<770>, C4<0>, C4<0>, C4<0>;
v0x56368496a130_0 .net8 "VNB", 0 0, L_0x563683e069f0;  1 drivers, strength-aware
L_0x563683e06bc0 .functor BUFT 1, C8<771>, C4<0>, C4<0>, C4<0>;
v0x56368496a1d0_0 .net8 "VPB", 0 0, L_0x563683e06bc0;  1 drivers, strength-aware
v0x56368496a270_0 .net8 "VPWR", 0 0, L_0x563683f152e0;  1 drivers, strength-aware
v0x56368496a310_0 .net *"_ivl_10", 0 0, L_0x5636849ed080;  1 drivers
v0x56368496a4c0_0 .net *"_ivl_13", 0 0, L_0x5636849ed1c0;  1 drivers
L_0x7f0afcfa74b0 .functor BUFT 1, C4<1>, C4<0>, C4<0>, C4<0>;
v0x56368496a560_0 .net/2u *"_ivl_14", 0 0, L_0x7f0afcfa74b0;  1 drivers
v0x56368496a600_0 .net *"_ivl_16", 0 0, L_0x5636849ed320;  1 drivers
L_0x7f0afcfa74f8 .functor BUFT 1, C4<1>, C4<0>, C4<0>, C4<0>;
v0x56368496a6a0_0 .net/2u *"_ivl_20", 0 0, L_0x7f0afcfa74f8;  1 drivers
v0x56368496a740_0 .net *"_ivl_22", 0 0, L_0x5636849ed570;  1 drivers
L_0x7f0afcfa7540 .functor BUFT 1, C4<1>, C4<0>, C4<0>, C4<0>;
v0x56368496a7e0_0 .net/2u *"_ivl_26", 0 0, L_0x7f0afcfa7540;  1 drivers
v0x56368496a880_0 .net *"_ivl_28", 0 0, L_0x5636849ed7b0;  1 drivers
v0x56368496a920_0 .net *"_ivl_31", 0 0, L_0x5636849ed850;  1 drivers
v0x56368496a9c0_0 .net *"_ivl_32", 0 0, L_0x5636849ed950;  1 drivers
L_0x7f0afcfa7420 .functor BUFT 1, C4<1>, C4<0>, C4<0>, C4<0>;
v0x56368496aa60_0 .net/2u *"_ivl_4", 0 0, L_0x7f0afcfa7420;  1 drivers
L_0x7f0afcfa7468 .functor BUFT 1, C4<0>, C4<0>, C4<0>, C4<0>;
v0x56368496ab00_0 .net/2u *"_ivl_8", 0 0, L_0x7f0afcfa7468;  1 drivers
v0x56368496aba0_0 .net "awake", 0 0, L_0x5636849ecf90;  1 drivers
v0x56368496ac40_0 .net "buf_Q", 0 0, L_0x5636849ecde0;  1 drivers
v0x56368496ace0_0 .net "cond1", 0 0, L_0x5636849ed460;  1 drivers
v0x56368496ad80_0 .net "cond2", 0 0, L_0x5636849ed690;  1 drivers
v0x56368496ae20_0 .net "cond3", 0 0, L_0x5636849eda90;  1 drivers
v0x56368496b0d0_0 .net "de_d", 0 0, L_0x5636849ecc90;  1 drivers
v0x56368496b170_0 .net "mux_out", 0 0, L_0x5636849ecc20;  1 drivers
v0x56368496b210_0 .var "notifier", 0 0;
L_0x5636849ecf90 .cmp/eeq 1, L_0x563683f152e0, L_0x7f0afcfa7420;
L_0x5636849ed080 .cmp/eeq 1, o0x7f0afd00b4c8, L_0x7f0afcfa7468;
L_0x5636849ed320 .cmp/eeq 1, o0x7f0afd00b378, L_0x7f0afcfa74b0;
L_0x5636849ed570 .cmp/eeq 1, o0x7f0afd00b4c8, L_0x7f0afcfa74f8;
L_0x5636849ed7b0 .cmp/eeq 1, o0x7f0afd00b378, L_0x7f0afcfa7540;
L_0x5636849ed950 .cmp/nee 1, o0x7f0afd00b3a8, o0x7f0afd00b468;
S_0x563683fe20d0 .scope module, "sky130_fd_sc_hd__sedfxbp_2" "sky130_fd_sc_hd__sedfxbp_2" 2 144462;
 .timescale -9 -12;
    .port_info 0 /OUTPUT 1 "Q";
    .port_info 1 /OUTPUT 1 "Q_N";
    .port_info 2 /INPUT 1 "CLK";
    .port_info 3 /INPUT 1 "D";
    .port_info 4 /INPUT 1 "DE";
    .port_info 5 /INPUT 1 "SCD";
    .port_info 6 /INPUT 1 "SCE";
o0x7f0afd00bc78 .functor BUFZ 1, C4<z>; HiZ drive
o0x7f0afd00bcd8 .functor BUFZ 1, C4<z>; HiZ drive
L_0x5636849edba0 .udp UDP_sky130_fd_sc_hd__udp_mux_2to1, L_0x5636849ede60, o0x7f0afd00bc78, o0x7f0afd00bcd8;
o0x7f0afd00bbb8 .functor BUFZ 1, C4<z>; HiZ drive
o0x7f0afd00bb88 .functor BUFZ 1, C4<z>; HiZ drive
L_0x5636849ede60 .udp UDP_sky130_fd_sc_hd__udp_mux_2to1, L_0x5636849edf60, o0x7f0afd00bbb8, o0x7f0afd00bb88;
o0x7f0afd00baf8 .functor BUFZ 1, C4<z>; HiZ drive
L_0x563683f15f50 .functor BUFT 1, C8<771>, C4<0>, C4<0>, C4<0>;
L_0x563683f155a0 .functor BUFT 1, C8<770>, C4<0>, C4<0>, C4<0>;
L_0x5636849edf60 .udp UDP_sky130_fd_sc_hd__udp_dff$P_pp$PG$N, L_0x5636849edba0, o0x7f0afd00baf8, v0x56368496caa0_0, L_0x563683f15f50, L_0x563683f155a0;
L_0x5636849ee340 .functor AND 1, L_0x5636849ee110, L_0x5636849ee200, C4<1>, C4<1>;
L_0x5636849ee590 .functor AND 1, L_0x5636849ee340, L_0x5636849ee450, C4<1>, C4<1>;
L_0x5636849ee7c0 .functor AND 1, L_0x5636849ee110, L_0x5636849ee6a0, C4<1>, C4<1>;
L_0x5636849ee920 .functor AND 1, L_0x5636849ee110, L_0x5636849ee880, C4<1>, C4<1>;
L_0x5636849eeb60 .functor AND 1, L_0x5636849ee920, L_0x5636849eea20, C4<1>, C4<1>;
L_0x5636849eece0 .functor BUF 1, L_0x5636849edf60, C4<0>, C4<0>, C4<0>;
L_0x5636849eed50 .functor NOT 1, L_0x5636849edf60, C4<0>, C4<0>, C4<0>;
o0x7f0afd00bac8 .functor BUFZ 1, C4<z>; HiZ drive
v0x56368496b2b0_0 .net "CLK", 0 0, o0x7f0afd00bac8;  0 drivers
v0x56368496b350_0 .net "CLK_delayed", 0 0, o0x7f0afd00baf8;  0 drivers
o0x7f0afd00bb28 .functor BUFZ 1, C4<z>; HiZ drive
v0x56368496b3f0_0 .net "D", 0 0, o0x7f0afd00bb28;  0 drivers
o0x7f0afd00bb58 .functor BUFZ 1, C4<z>; HiZ drive
v0x56368496b490_0 .net "DE", 0 0, o0x7f0afd00bb58;  0 drivers
v0x56368496b530_0 .net "DE_delayed", 0 0, o0x7f0afd00bb88;  0 drivers
v0x56368496b5d0_0 .net "D_delayed", 0 0, o0x7f0afd00bbb8;  0 drivers
v0x56368496b670_0 .net "Q", 0 0, L_0x5636849eece0;  1 drivers
v0x56368496b710_0 .net "Q_N", 0 0, L_0x5636849eed50;  1 drivers
o0x7f0afd00bc48 .functor BUFZ 1, C4<z>; HiZ drive
v0x56368496b7b0_0 .net "SCD", 0 0, o0x7f0afd00bc48;  0 drivers
v0x56368496b850_0 .net "SCD_delayed", 0 0, o0x7f0afd00bc78;  0 drivers
o0x7f0afd00bca8 .functor BUFZ 1, C4<z>; HiZ drive
v0x56368496b8f0_0 .net "SCE", 0 0, o0x7f0afd00bca8;  0 drivers
v0x56368496b990_0 .net "SCE_delayed", 0 0, o0x7f0afd00bcd8;  0 drivers
v0x56368496ba30_0 .net8 "VGND", 0 0, L_0x563683f155a0;  1 drivers, strength-aware
L_0x563683f15700 .functor BUFT 1, C8<770>, C4<0>, C4<0>, C4<0>;
v0x56368496bad0_0 .net8 "VNB", 0 0, L_0x563683f15700;  1 drivers, strength-aware
L_0x563683f15bb0 .functor BUFT 1, C8<771>, C4<0>, C4<0>, C4<0>;
v0x56368496bb70_0 .net8 "VPB", 0 0, L_0x563683f15bb0;  1 drivers, strength-aware
v0x56368496bc10_0 .net8 "VPWR", 0 0, L_0x563683f15f50;  1 drivers, strength-aware
v0x56368496bcb0_0 .net *"_ivl_10", 0 0, L_0x5636849ee200;  1 drivers
v0x56368496bd50_0 .net *"_ivl_13", 0 0, L_0x5636849ee340;  1 drivers
L_0x7f0afcfa7618 .functor BUFT 1, C4<1>, C4<0>, C4<0>, C4<0>;
v0x56368496bdf0_0 .net/2u *"_ivl_14", 0 0, L_0x7f0afcfa7618;  1 drivers
v0x56368496be90_0 .net *"_ivl_16", 0 0, L_0x5636849ee450;  1 drivers
L_0x7f0afcfa7660 .functor BUFT 1, C4<1>, C4<0>, C4<0>, C4<0>;
v0x56368496bf30_0 .net/2u *"_ivl_20", 0 0, L_0x7f0afcfa7660;  1 drivers
v0x56368496bfd0_0 .net *"_ivl_22", 0 0, L_0x5636849ee6a0;  1 drivers
L_0x7f0afcfa76a8 .functor BUFT 1, C4<1>, C4<0>, C4<0>, C4<0>;
v0x56368496c070_0 .net/2u *"_ivl_26", 0 0, L_0x7f0afcfa76a8;  1 drivers
v0x56368496c110_0 .net *"_ivl_28", 0 0, L_0x5636849ee880;  1 drivers
v0x56368496c1b0_0 .net *"_ivl_31", 0 0, L_0x5636849ee920;  1 drivers
v0x56368496c250_0 .net *"_ivl_32", 0 0, L_0x5636849eea20;  1 drivers
L_0x7f0afcfa7588 .functor BUFT 1, C4<1>, C4<0>, C4<0>, C4<0>;
v0x56368496c2f0_0 .net/2u *"_ivl_4", 0 0, L_0x7f0afcfa7588;  1 drivers
L_0x7f0afcfa75d0 .functor BUFT 1, C4<0>, C4<0>, C4<0>, C4<0>;
v0x56368496c390_0 .net/2u *"_ivl_8", 0 0, L_0x7f0afcfa75d0;  1 drivers
v0x56368496c430_0 .net "awake", 0 0, L_0x5636849ee110;  1 drivers
v0x56368496c4d0_0 .net "buf_Q", 0 0, L_0x5636849edf60;  1 drivers
v0x56368496c570_0 .net "cond1", 0 0, L_0x5636849ee590;  1 drivers
v0x56368496c610_0 .net "cond2", 0 0, L_0x5636849ee7c0;  1 drivers
v0x56368496c6b0_0 .net "cond3", 0 0, L_0x5636849eeb60;  1 drivers
v0x56368496c960_0 .net "de_d", 0 0, L_0x5636849ede60;  1 drivers
v0x56368496ca00_0 .net "mux_out", 0 0, L_0x5636849edba0;  1 drivers
v0x56368496caa0_0 .var "notifier", 0 0;
L_0x5636849ee110 .cmp/eeq 1, L_0x563683f15f50, L_0x7f0afcfa7588;
L_0x5636849ee200 .cmp/eeq 1, o0x7f0afd00bcd8, L_0x7f0afcfa75d0;
L_0x5636849ee450 .cmp/eeq 1, o0x7f0afd00bb88, L_0x7f0afcfa7618;
L_0x5636849ee6a0 .cmp/eeq 1, o0x7f0afd00bcd8, L_0x7f0afcfa7660;
L_0x5636849ee880 .cmp/eeq 1, o0x7f0afd00bb88, L_0x7f0afcfa76a8;
L_0x5636849eea20 .cmp/nee 1, o0x7f0afd00bbb8, o0x7f0afd00bc78;
S_0x563683fe38a0 .scope module, "sky130_fd_sc_hd__sedfxtp_1" "sky130_fd_sc_hd__sedfxtp_1" 2 144867;
 .timescale -9 -12;
    .port_info 0 /OUTPUT 1 "Q";
    .port_info 1 /INPUT 1 "CLK";
    .port_info 2 /INPUT 1 "D";
    .port_info 3 /INPUT 1 "DE";
    .port_info 4 /INPUT 1 "SCD";
    .port_info 5 /INPUT 1 "SCE";
o0x7f0afd00c458 .functor BUFZ 1, C4<z>; HiZ drive
o0x7f0afd00c4b8 .functor BUFZ 1, C4<z>; HiZ drive
L_0x5636849eec70 .udp UDP_sky130_fd_sc_hd__udp_mux_2to1, L_0x5636849eef60, o0x7f0afd00c458, o0x7f0afd00c4b8;
o0x7f0afd00c3c8 .functor BUFZ 1, C4<z>; HiZ drive
o0x7f0afd00c398 .functor BUFZ 1, C4<z>; HiZ drive
L_0x5636849eef60 .udp UDP_sky130_fd_sc_hd__udp_mux_2to1, L_0x5636849ef060, o0x7f0afd00c3c8, o0x7f0afd00c398;
o0x7f0afd00c308 .functor BUFZ 1, C4<z>; HiZ drive
L_0x563683f164c0 .functor BUFT 1, C8<771>, C4<0>, C4<0>, C4<0>;
L_0x563683f159c0 .functor BUFT 1, C8<770>, C4<0>, C4<0>, C4<0>;
L_0x5636849ef060 .udp UDP_sky130_fd_sc_hd__udp_dff$P_pp$PG$N, L_0x5636849eec70, o0x7f0afd00c308, v0x56368496e290_0, L_0x563683f164c0, L_0x563683f159c0;
L_0x5636849ef440 .functor AND 1, L_0x5636849ef210, L_0x5636849ef300, C4<1>, C4<1>;
L_0x5636849ef6e0 .functor AND 1, L_0x5636849ef440, L_0x5636849ef5a0, C4<1>, C4<1>;
L_0x5636849ef910 .functor AND 1, L_0x5636849ef210, L_0x5636849ef7f0, C4<1>, C4<1>;
L_0x5636849efa70 .functor AND 1, L_0x5636849ef210, L_0x5636849ef9d0, C4<1>, C4<1>;
L_0x5636849efcb0 .functor AND 1, L_0x5636849efa70, L_0x5636849efb70, C4<1>, C4<1>;
L_0x5636849efe30 .functor BUF 1, L_0x5636849ef060, C4<0>, C4<0>, C4<0>;
o0x7f0afd00c2d8 .functor BUFZ 1, C4<z>; HiZ drive
v0x56368496cb40_0 .net "CLK", 0 0, o0x7f0afd00c2d8;  0 drivers
v0x56368496cbe0_0 .net "CLK_delayed", 0 0, o0x7f0afd00c308;  0 drivers
o0x7f0afd00c338 .functor BUFZ 1, C4<z>; HiZ drive
v0x56368496cc80_0 .net "D", 0 0, o0x7f0afd00c338;  0 drivers
o0x7f0afd00c368 .functor BUFZ 1, C4<z>; HiZ drive
v0x56368496cd20_0 .net "DE", 0 0, o0x7f0afd00c368;  0 drivers
v0x56368496cdc0_0 .net "DE_delayed", 0 0, o0x7f0afd00c398;  0 drivers
v0x56368496ce60_0 .net "D_delayed", 0 0, o0x7f0afd00c3c8;  0 drivers
v0x56368496cf00_0 .net "Q", 0 0, L_0x5636849efe30;  1 drivers
o0x7f0afd00c428 .functor BUFZ 1, C4<z>; HiZ drive
v0x56368496cfa0_0 .net "SCD", 0 0, o0x7f0afd00c428;  0 drivers
v0x56368496d040_0 .net "SCD_delayed", 0 0, o0x7f0afd00c458;  0 drivers
o0x7f0afd00c488 .functor BUFZ 1, C4<z>; HiZ drive
v0x56368496d0e0_0 .net "SCE", 0 0, o0x7f0afd00c488;  0 drivers
v0x56368496d180_0 .net "SCE_delayed", 0 0, o0x7f0afd00c4b8;  0 drivers
v0x56368496d220_0 .net8 "VGND", 0 0, L_0x563683f159c0;  1 drivers, strength-aware
L_0x563683f16690 .functor BUFT 1, C8<770>, C4<0>, C4<0>, C4<0>;
v0x56368496d2c0_0 .net8 "VNB", 0 0, L_0x563683f16690;  1 drivers, strength-aware
L_0x563683f16120 .functor BUFT 1, C8<771>, C4<0>, C4<0>, C4<0>;
v0x56368496d360_0 .net8 "VPB", 0 0, L_0x563683f16120;  1 drivers, strength-aware
v0x56368496d400_0 .net8 "VPWR", 0 0, L_0x563683f164c0;  1 drivers, strength-aware
v0x56368496d4a0_0 .net *"_ivl_10", 0 0, L_0x5636849ef300;  1 drivers
v0x56368496d540_0 .net *"_ivl_13", 0 0, L_0x5636849ef440;  1 drivers
L_0x7f0afcfa7780 .functor BUFT 1, C4<1>, C4<0>, C4<0>, C4<0>;
v0x56368496d5e0_0 .net/2u *"_ivl_14", 0 0, L_0x7f0afcfa7780;  1 drivers
v0x56368496d680_0 .net *"_ivl_16", 0 0, L_0x5636849ef5a0;  1 drivers
L_0x7f0afcfa77c8 .functor BUFT 1, C4<1>, C4<0>, C4<0>, C4<0>;
v0x56368496d720_0 .net/2u *"_ivl_20", 0 0, L_0x7f0afcfa77c8;  1 drivers
v0x56368496d7c0_0 .net *"_ivl_22", 0 0, L_0x5636849ef7f0;  1 drivers
L_0x7f0afcfa7810 .functor BUFT 1, C4<1>, C4<0>, C4<0>, C4<0>;
v0x56368496d860_0 .net/2u *"_ivl_26", 0 0, L_0x7f0afcfa7810;  1 drivers
v0x56368496d900_0 .net *"_ivl_28", 0 0, L_0x5636849ef9d0;  1 drivers
v0x56368496d9a0_0 .net *"_ivl_31", 0 0, L_0x5636849efa70;  1 drivers
v0x56368496da40_0 .net *"_ivl_32", 0 0, L_0x5636849efb70;  1 drivers
L_0x7f0afcfa76f0 .functor BUFT 1, C4<1>, C4<0>, C4<0>, C4<0>;
v0x56368496dae0_0 .net/2u *"_ivl_4", 0 0, L_0x7f0afcfa76f0;  1 drivers
L_0x7f0afcfa7738 .functor BUFT 1, C4<0>, C4<0>, C4<0>, C4<0>;
v0x56368496db80_0 .net/2u *"_ivl_8", 0 0, L_0x7f0afcfa7738;  1 drivers
v0x56368496dc20_0 .net "awake", 0 0, L_0x5636849ef210;  1 drivers
v0x56368496dcc0_0 .net "buf_Q", 0 0, L_0x5636849ef060;  1 drivers
v0x56368496dd60_0 .net "cond1", 0 0, L_0x5636849ef6e0;  1 drivers
v0x56368496de00_0 .net "cond2", 0 0, L_0x5636849ef910;  1 drivers
v0x56368496dea0_0 .net "cond3", 0 0, L_0x5636849efcb0;  1 drivers
v0x56368496df40_0 .net "de_d", 0 0, L_0x5636849eef60;  1 drivers
v0x56368496e1f0_0 .net "mux_out", 0 0, L_0x5636849eec70;  1 drivers
v0x56368496e290_0 .var "notifier", 0 0;
L_0x5636849ef210 .cmp/eeq 1, L_0x563683f164c0, L_0x7f0afcfa76f0;
L_0x5636849ef300 .cmp/eeq 1, o0x7f0afd00c4b8, L_0x7f0afcfa7738;
L_0x5636849ef5a0 .cmp/eeq 1, o0x7f0afd00c398, L_0x7f0afcfa7780;
L_0x5636849ef7f0 .cmp/eeq 1, o0x7f0afd00c4b8, L_0x7f0afcfa77c8;
L_0x5636849ef9d0 .cmp/eeq 1, o0x7f0afd00c398, L_0x7f0afcfa7810;
L_0x5636849efb70 .cmp/nee 1, o0x7f0afd00c3c8, o0x7f0afd00c458;
S_0x563683fe3a30 .scope module, "sky130_fd_sc_hd__sedfxtp_2" "sky130_fd_sc_hd__sedfxtp_2" 2 145268;
 .timescale -9 -12;
    .port_info 0 /OUTPUT 1 "Q";
    .port_info 1 /INPUT 1 "CLK";
    .port_info 2 /INPUT 1 "D";
    .port_info 3 /INPUT 1 "DE";
    .port_info 4 /INPUT 1 "SCD";
    .port_info 5 /INPUT 1 "SCE";
o0x7f0afd00cc08 .functor BUFZ 1, C4<z>; HiZ drive
o0x7f0afd00cc68 .functor BUFZ 1, C4<z>; HiZ drive
L_0x5636849efea0 .udp UDP_sky130_fd_sc_hd__udp_mux_2to1, L_0x5636849eff40, o0x7f0afd00cc08, o0x7f0afd00cc68;
o0x7f0afd00cb78 .functor BUFZ 1, C4<z>; HiZ drive
o0x7f0afd00cb48 .functor BUFZ 1, C4<z>; HiZ drive
L_0x5636849eff40 .udp UDP_sky130_fd_sc_hd__udp_mux_2to1, L_0x5636849f0090, o0x7f0afd00cb78, o0x7f0afd00cb48;
o0x7f0afd00cab8 .functor BUFZ 1, C4<z>; HiZ drive
L_0x563683f0b180 .functor BUFT 1, C8<771>, C4<0>, C4<0>, C4<0>;
L_0x563683f0aa10 .functor BUFT 1, C8<770>, C4<0>, C4<0>, C4<0>;
L_0x5636849f0090 .udp UDP_sky130_fd_sc_hd__udp_dff$P_pp$PG$N, L_0x5636849efea0, o0x7f0afd00cab8, v0x56368496fa80_0, L_0x563683f0b180, L_0x563683f0aa10;
L_0x5636849f0470 .functor AND 1, L_0x5636849f0240, L_0x5636849f0330, C4<1>, C4<1>;
L_0x5636849f06c0 .functor AND 1, L_0x5636849f0470, L_0x5636849f0580, C4<1>, C4<1>;
L_0x5636849f08f0 .functor AND 1, L_0x5636849f0240, L_0x5636849f07d0, C4<1>, C4<1>;
L_0x5636849f0a50 .functor AND 1, L_0x5636849f0240, L_0x5636849f09b0, C4<1>, C4<1>;
L_0x5636849f0c90 .functor AND 1, L_0x5636849f0a50, L_0x5636849f0b50, C4<1>, C4<1>;
L_0x5636849f0e10 .functor BUF 1, L_0x5636849f0090, C4<0>, C4<0>, C4<0>;
o0x7f0afd00ca88 .functor BUFZ 1, C4<z>; HiZ drive
v0x56368496e330_0 .net "CLK", 0 0, o0x7f0afd00ca88;  0 drivers
v0x56368496e3d0_0 .net "CLK_delayed", 0 0, o0x7f0afd00cab8;  0 drivers
o0x7f0afd00cae8 .functor BUFZ 1, C4<z>; HiZ drive
v0x56368496e470_0 .net "D", 0 0, o0x7f0afd00cae8;  0 drivers
o0x7f0afd00cb18 .functor BUFZ 1, C4<z>; HiZ drive
v0x56368496e510_0 .net "DE", 0 0, o0x7f0afd00cb18;  0 drivers
v0x56368496e5b0_0 .net "DE_delayed", 0 0, o0x7f0afd00cb48;  0 drivers
v0x56368496e650_0 .net "D_delayed", 0 0, o0x7f0afd00cb78;  0 drivers
v0x56368496e6f0_0 .net "Q", 0 0, L_0x5636849f0e10;  1 drivers
o0x7f0afd00cbd8 .functor BUFZ 1, C4<z>; HiZ drive
v0x56368496e790_0 .net "SCD", 0 0, o0x7f0afd00cbd8;  0 drivers
v0x56368496e830_0 .net "SCD_delayed", 0 0, o0x7f0afd00cc08;  0 drivers
o0x7f0afd00cc38 .functor BUFZ 1, C4<z>; HiZ drive
v0x56368496e8d0_0 .net "SCE", 0 0, o0x7f0afd00cc38;  0 drivers
v0x56368496e970_0 .net "SCE_delayed", 0 0, o0x7f0afd00cc68;  0 drivers
v0x56368496ea10_0 .net8 "VGND", 0 0, L_0x563683f0aa10;  1 drivers, strength-aware
L_0x563683f0ab70 .functor BUFT 1, C8<770>, C4<0>, C4<0>, C4<0>;
v0x56368496eab0_0 .net8 "VNB", 0 0, L_0x563683f0ab70;  1 drivers, strength-aware
L_0x563683f0ae30 .functor BUFT 1, C8<771>, C4<0>, C4<0>, C4<0>;
v0x56368496eb50_0 .net8 "VPB", 0 0, L_0x563683f0ae30;  1 drivers, strength-aware
v0x56368496ebf0_0 .net8 "VPWR", 0 0, L_0x563683f0b180;  1 drivers, strength-aware
v0x56368496ec90_0 .net *"_ivl_10", 0 0, L_0x5636849f0330;  1 drivers
v0x56368496ed30_0 .net *"_ivl_13", 0 0, L_0x5636849f0470;  1 drivers
L_0x7f0afcfa78e8 .functor BUFT 1, C4<1>, C4<0>, C4<0>, C4<0>;
v0x56368496edd0_0 .net/2u *"_ivl_14", 0 0, L_0x7f0afcfa78e8;  1 drivers
v0x56368496ee70_0 .net *"_ivl_16", 0 0, L_0x5636849f0580;  1 drivers
L_0x7f0afcfa7930 .functor BUFT 1, C4<1>, C4<0>, C4<0>, C4<0>;
v0x56368496ef10_0 .net/2u *"_ivl_20", 0 0, L_0x7f0afcfa7930;  1 drivers
v0x56368496efb0_0 .net *"_ivl_22", 0 0, L_0x5636849f07d0;  1 drivers
L_0x7f0afcfa7978 .functor BUFT 1, C4<1>, C4<0>, C4<0>, C4<0>;
v0x56368496f050_0 .net/2u *"_ivl_26", 0 0, L_0x7f0afcfa7978;  1 drivers
v0x56368496f0f0_0 .net *"_ivl_28", 0 0, L_0x5636849f09b0;  1 drivers
v0x56368496f190_0 .net *"_ivl_31", 0 0, L_0x5636849f0a50;  1 drivers
v0x56368496f230_0 .net *"_ivl_32", 0 0, L_0x5636849f0b50;  1 drivers
L_0x7f0afcfa7858 .functor BUFT 1, C4<1>, C4<0>, C4<0>, C4<0>;
v0x56368496f2d0_0 .net/2u *"_ivl_4", 0 0, L_0x7f0afcfa7858;  1 drivers
L_0x7f0afcfa78a0 .functor BUFT 1, C4<0>, C4<0>, C4<0>, C4<0>;
v0x56368496f370_0 .net/2u *"_ivl_8", 0 0, L_0x7f0afcfa78a0;  1 drivers
v0x56368496f410_0 .net "awake", 0 0, L_0x5636849f0240;  1 drivers
v0x56368496f4b0_0 .net "buf_Q", 0 0, L_0x5636849f0090;  1 drivers
v0x56368496f550_0 .net "cond1", 0 0, L_0x5636849f06c0;  1 drivers
v0x56368496f5f0_0 .net "cond2", 0 0, L_0x5636849f08f0;  1 drivers
v0x56368496f690_0 .net "cond3", 0 0, L_0x5636849f0c90;  1 drivers
v0x56368496f730_0 .net "de_d", 0 0, L_0x5636849eff40;  1 drivers
v0x56368496f9e0_0 .net "mux_out", 0 0, L_0x5636849efea0;  1 drivers
v0x56368496fa80_0 .var "notifier", 0 0;
L_0x5636849f0240 .cmp/eeq 1, L_0x563683f0b180, L_0x7f0afcfa7858;
L_0x5636849f0330 .cmp/eeq 1, o0x7f0afd00cc68, L_0x7f0afcfa78a0;
L_0x5636849f0580 .cmp/eeq 1, o0x7f0afd00cb48, L_0x7f0afcfa78e8;
L_0x5636849f07d0 .cmp/eeq 1, o0x7f0afd00cc68, L_0x7f0afcfa7930;
L_0x5636849f09b0 .cmp/eeq 1, o0x7f0afd00cb48, L_0x7f0afcfa7978;
L_0x5636849f0b50 .cmp/nee 1, o0x7f0afd00cb78, o0x7f0afd00cc08;
S_0x563683fe3bc0 .scope module, "sky130_fd_sc_hd__sedfxtp_4" "sky130_fd_sc_hd__sedfxtp_4" 2 145669;
 .timescale -9 -12;
    .port_info 0 /OUTPUT 1 "Q";
    .port_info 1 /INPUT 1 "CLK";
    .port_info 2 /INPUT 1 "D";
    .port_info 3 /INPUT 1 "DE";
    .port_info 4 /INPUT 1 "SCD";
    .port_info 5 /INPUT 1 "SCE";
o0x7f0afd00d3b8 .functor BUFZ 1, C4<z>; HiZ drive
o0x7f0afd00d418 .functor BUFZ 1, C4<z>; HiZ drive
L_0x5636849f0e80 .udp UDP_sky130_fd_sc_hd__udp_mux_2to1, L_0x5636849f0f50, o0x7f0afd00d3b8, o0x7f0afd00d418;
o0x7f0afd00d328 .functor BUFZ 1, C4<z>; HiZ drive
o0x7f0afd00d2f8 .functor BUFZ 1, C4<z>; HiZ drive
L_0x5636849f0f50 .udp UDP_sky130_fd_sc_hd__udp_mux_2to1, L_0x5636849f10a0, o0x7f0afd00d328, o0x7f0afd00d2f8;
o0x7f0afd00d268 .functor BUFZ 1, C4<z>; HiZ drive
L_0x563683f0ba90 .functor BUFT 1, C8<771>, C4<0>, C4<0>, C4<0>;
L_0x563683f0b350 .functor BUFT 1, C8<770>, C4<0>, C4<0>, C4<0>;
L_0x5636849f10a0 .udp UDP_sky130_fd_sc_hd__udp_dff$P_pp$PG$N, L_0x5636849f0e80, o0x7f0afd00d268, v0x563684971270_0, L_0x563683f0ba90, L_0x563683f0b350;
L_0x5636849f1480 .functor AND 1, L_0x5636849f1250, L_0x5636849f1340, C4<1>, C4<1>;
L_0x5636849f1720 .functor AND 1, L_0x5636849f1480, L_0x5636849f15e0, C4<1>, C4<1>;
L_0x5636849f1950 .functor AND 1, L_0x5636849f1250, L_0x5636849f1830, C4<1>, C4<1>;
L_0x5636849f1ab0 .functor AND 1, L_0x5636849f1250, L_0x5636849f1a10, C4<1>, C4<1>;
L_0x5636849f1cf0 .functor AND 1, L_0x5636849f1ab0, L_0x5636849f1bb0, C4<1>, C4<1>;
L_0x5636849f1e70 .functor BUF 1, L_0x5636849f10a0, C4<0>, C4<0>, C4<0>;
o0x7f0afd00d238 .functor BUFZ 1, C4<z>; HiZ drive
v0x56368496fb20_0 .net "CLK", 0 0, o0x7f0afd00d238;  0 drivers
v0x56368496fbc0_0 .net "CLK_delayed", 0 0, o0x7f0afd00d268;  0 drivers
o0x7f0afd00d298 .functor BUFZ 1, C4<z>; HiZ drive
v0x56368496fc60_0 .net "D", 0 0, o0x7f0afd00d298;  0 drivers
o0x7f0afd00d2c8 .functor BUFZ 1, C4<z>; HiZ drive
v0x56368496fd00_0 .net "DE", 0 0, o0x7f0afd00d2c8;  0 drivers
v0x56368496fda0_0 .net "DE_delayed", 0 0, o0x7f0afd00d2f8;  0 drivers
v0x56368496fe40_0 .net "D_delayed", 0 0, o0x7f0afd00d328;  0 drivers
v0x56368496fee0_0 .net "Q", 0 0, L_0x5636849f1e70;  1 drivers
o0x7f0afd00d388 .functor BUFZ 1, C4<z>; HiZ drive
v0x56368496ff80_0 .net "SCD", 0 0, o0x7f0afd00d388;  0 drivers
v0x563684970020_0 .net "SCD_delayed", 0 0, o0x7f0afd00d3b8;  0 drivers
o0x7f0afd00d3e8 .functor BUFZ 1, C4<z>; HiZ drive
v0x5636849700c0_0 .net "SCE", 0 0, o0x7f0afd00d3e8;  0 drivers
v0x563684970160_0 .net "SCE_delayed", 0 0, o0x7f0afd00d418;  0 drivers
v0x563684970200_0 .net8 "VGND", 0 0, L_0x563683f0b350;  1 drivers, strength-aware
L_0x563683f0a750 .functor BUFT 1, C8<770>, C4<0>, C4<0>, C4<0>;
v0x5636849702a0_0 .net8 "VNB", 0 0, L_0x563683f0a750;  1 drivers, strength-aware
L_0x563683f0b6f0 .functor BUFT 1, C8<771>, C4<0>, C4<0>, C4<0>;
v0x563684970340_0 .net8 "VPB", 0 0, L_0x563683f0b6f0;  1 drivers, strength-aware
v0x5636849703e0_0 .net8 "VPWR", 0 0, L_0x563683f0ba90;  1 drivers, strength-aware
v0x563684970480_0 .net *"_ivl_10", 0 0, L_0x5636849f1340;  1 drivers
v0x563684970520_0 .net *"_ivl_13", 0 0, L_0x5636849f1480;  1 drivers
L_0x7f0afcfa7a50 .functor BUFT 1, C4<1>, C4<0>, C4<0>, C4<0>;
v0x5636849705c0_0 .net/2u *"_ivl_14", 0 0, L_0x7f0afcfa7a50;  1 drivers
v0x563684970660_0 .net *"_ivl_16", 0 0, L_0x5636849f15e0;  1 drivers
L_0x7f0afcfa7a98 .functor BUFT 1, C4<1>, C4<0>, C4<0>, C4<0>;
v0x563684970700_0 .net/2u *"_ivl_20", 0 0, L_0x7f0afcfa7a98;  1 drivers
v0x5636849707a0_0 .net *"_ivl_22", 0 0, L_0x5636849f1830;  1 drivers
L_0x7f0afcfa7ae0 .functor BUFT 1, C4<1>, C4<0>, C4<0>, C4<0>;
v0x563684970840_0 .net/2u *"_ivl_26", 0 0, L_0x7f0afcfa7ae0;  1 drivers
v0x5636849708e0_0 .net *"_ivl_28", 0 0, L_0x5636849f1a10;  1 drivers
v0x563684970980_0 .net *"_ivl_31", 0 0, L_0x5636849f1ab0;  1 drivers
v0x563684970a20_0 .net *"_ivl_32", 0 0, L_0x5636849f1bb0;  1 drivers
L_0x7f0afcfa79c0 .functor BUFT 1, C4<1>, C4<0>, C4<0>, C4<0>;
v0x563684970ac0_0 .net/2u *"_ivl_4", 0 0, L_0x7f0afcfa79c0;  1 drivers
L_0x7f0afcfa7a08 .functor BUFT 1, C4<0>, C4<0>, C4<0>, C4<0>;
v0x563684970b60_0 .net/2u *"_ivl_8", 0 0, L_0x7f0afcfa7a08;  1 drivers
v0x563684970c00_0 .net "awake", 0 0, L_0x5636849f1250;  1 drivers
v0x563684970ca0_0 .net "buf_Q", 0 0, L_0x5636849f10a0;  1 drivers
v0x563684970d40_0 .net "cond1", 0 0, L_0x5636849f1720;  1 drivers
v0x563684970de0_0 .net "cond2", 0 0, L_0x5636849f1950;  1 drivers
v0x563684970e80_0 .net "cond3", 0 0, L_0x5636849f1cf0;  1 drivers
v0x563684970f20_0 .net "de_d", 0 0, L_0x5636849f0f50;  1 drivers
v0x5636849711d0_0 .net "mux_out", 0 0, L_0x5636849f0e80;  1 drivers
v0x563684971270_0 .var "notifier", 0 0;
L_0x5636849f1250 .cmp/eeq 1, L_0x563683f0ba90, L_0x7f0afcfa79c0;
L_0x5636849f1340 .cmp/eeq 1, o0x7f0afd00d418, L_0x7f0afcfa7a08;
L_0x5636849f15e0 .cmp/eeq 1, o0x7f0afd00d2f8, L_0x7f0afcfa7a50;
L_0x5636849f1830 .cmp/eeq 1, o0x7f0afd00d418, L_0x7f0afcfa7a98;
L_0x5636849f1a10 .cmp/eeq 1, o0x7f0afd00d2f8, L_0x7f0afcfa7ae0;
L_0x5636849f1bb0 .cmp/nee 1, o0x7f0afd00d328, o0x7f0afd00d3b8;
S_0x563683fe52b0 .scope module, "sky130_fd_sc_hd__tap_1" "sky130_fd_sc_hd__tap_1" 2 145958;
 .timescale -9 -12;
L_0x563683f00230 .functor BUFT 1, C8<770>, C4<0>, C4<0>, C4<0>;
v0x563684971310_0 .net8 "VGND", 0 0, L_0x563683f00230;  1 drivers, strength-aware
L_0x563683f00390 .functor BUFT 1, C8<770>, C4<0>, C4<0>, C4<0>;
v0x5636849713b0_0 .net8 "VNB", 0 0, L_0x563683f00390;  1 drivers, strength-aware
L_0x563683f00650 .functor BUFT 1, C8<771>, C4<0>, C4<0>, C4<0>;
v0x563684971450_0 .net8 "VPB", 0 0, L_0x563683f00650;  1 drivers, strength-aware
L_0x563683f009a0 .functor BUFT 1, C8<771>, C4<0>, C4<0>, C4<0>;
v0x5636849714f0_0 .net8 "VPWR", 0 0, L_0x563683f009a0;  1 drivers, strength-aware
S_0x563683fe5440 .scope module, "sky130_fd_sc_hd__tap_2" "sky130_fd_sc_hd__tap_2" 2 146194;
 .timescale -9 -12;
L_0x563683f00b70 .functor BUFT 1, C8<770>, C4<0>, C4<0>, C4<0>;
v0x563684971590_0 .net8 "VGND", 0 0, L_0x563683f00b70;  1 drivers, strength-aware
L_0x563683efff70 .functor BUFT 1, C8<770>, C4<0>, C4<0>, C4<0>;
v0x563684971630_0 .net8 "VNB", 0 0, L_0x563683efff70;  1 drivers, strength-aware
L_0x563683f00f10 .functor BUFT 1, C8<771>, C4<0>, C4<0>, C4<0>;
v0x5636849716d0_0 .net8 "VPB", 0 0, L_0x563683f00f10;  1 drivers, strength-aware
L_0x563683f012b0 .functor BUFT 1, C8<771>, C4<0>, C4<0>, C4<0>;
v0x563684971770_0 .net8 "VPWR", 0 0, L_0x563683f012b0;  1 drivers, strength-aware
S_0x563683fe55d0 .scope module, "sky130_fd_sc_hd__tapvgnd2_1" "sky130_fd_sc_hd__tapvgnd2_1" 2 146435;
 .timescale -9 -12;
L_0x563683ef5a50 .functor BUFT 1, C8<770>, C4<0>, C4<0>, C4<0>;
v0x563684971810_0 .net8 "VGND", 0 0, L_0x563683ef5a50;  1 drivers, strength-aware
L_0x563683ef5bb0 .functor BUFT 1, C8<770>, C4<0>, C4<0>, C4<0>;
v0x5636849718b0_0 .net8 "VNB", 0 0, L_0x563683ef5bb0;  1 drivers, strength-aware
L_0x563683ef5e70 .functor BUFT 1, C8<771>, C4<0>, C4<0>, C4<0>;
v0x563684971950_0 .net8 "VPB", 0 0, L_0x563683ef5e70;  1 drivers, strength-aware
L_0x563683ef61c0 .functor BUFT 1, C8<771>, C4<0>, C4<0>, C4<0>;
v0x5636849719f0_0 .net8 "VPWR", 0 0, L_0x563683ef61c0;  1 drivers, strength-aware
S_0x563683fe6cc0 .scope module, "sky130_fd_sc_hd__tapvgnd_1" "sky130_fd_sc_hd__tapvgnd_1" 2 146676;
 .timescale -9 -12;
L_0x563683ef6390 .functor BUFT 1, C8<770>, C4<0>, C4<0>, C4<0>;
v0x563684971a90_0 .net8 "VGND", 0 0, L_0x563683ef6390;  1 drivers, strength-aware
L_0x563683ef5790 .functor BUFT 1, C8<770>, C4<0>, C4<0>, C4<0>;
v0x563684971b30_0 .net8 "VNB", 0 0, L_0x563683ef5790;  1 drivers, strength-aware
L_0x563683ef6730 .functor BUFT 1, C8<771>, C4<0>, C4<0>, C4<0>;
v0x563684971bd0_0 .net8 "VPB", 0 0, L_0x563683ef6730;  1 drivers, strength-aware
L_0x563683ef6ad0 .functor BUFT 1, C8<771>, C4<0>, C4<0>, C4<0>;
v0x563684971c70_0 .net8 "VPWR", 0 0, L_0x563683ef6ad0;  1 drivers, strength-aware
S_0x563683fe6e50 .scope module, "sky130_fd_sc_hd__tapvpwrvgnd_1" "sky130_fd_sc_hd__tapvpwrvgnd_1" 2 146912;
 .timescale -9 -12;
L_0x563683eeb270 .functor BUFT 1, C8<770>, C4<0>, C4<0>, C4<0>;
v0x563684971d10_0 .net8 "VGND", 0 0, L_0x563683eeb270;  1 drivers, strength-aware
L_0x563683eeb3d0 .functor BUFT 1, C8<770>, C4<0>, C4<0>, C4<0>;
v0x563684971db0_0 .net8 "VNB", 0 0, L_0x563683eeb3d0;  1 drivers, strength-aware
L_0x563683eeb690 .functor BUFT 1, C8<771>, C4<0>, C4<0>, C4<0>;
v0x563684971e50_0 .net8 "VPB", 0 0, L_0x563683eeb690;  1 drivers, strength-aware
L_0x563683eeb9e0 .functor BUFT 1, C8<771>, C4<0>, C4<0>, C4<0>;
v0x563684971ef0_0 .net8 "VPWR", 0 0, L_0x563683eeb9e0;  1 drivers, strength-aware
S_0x563683fe6fe0 .scope module, "sky130_fd_sc_hd__xnor2_1" "sky130_fd_sc_hd__xnor2_1" 2 147214;
 .timescale -9 -12;
    .port_info 0 /OUTPUT 1 "Y";
    .port_info 1 /INPUT 1 "A";
    .port_info 2 /INPUT 1 "B";
o0x7f0afd00dda8 .functor BUFZ 1, C4<z>; HiZ drive
o0x7f0afd00ddd8 .functor BUFZ 1, C4<z>; HiZ drive
L_0x5636849f1ee0 .functor XNOR 1, o0x7f0afd00dda8, o0x7f0afd00ddd8, C4<0>, C4<0>;
L_0x5636849f1f50 .functor BUF 1, L_0x5636849f1ee0, C4<0>, C4<0>, C4<0>;
v0x563684971f90_0 .net "A", 0 0, o0x7f0afd00dda8;  0 drivers
v0x563684972030_0 .net "B", 0 0, o0x7f0afd00ddd8;  0 drivers
L_0x563683eebbb0 .functor BUFT 1, C8<770>, C4<0>, C4<0>, C4<0>;
v0x5636849720d0_0 .net8 "VGND", 0 0, L_0x563683eebbb0;  1 drivers, strength-aware
L_0x563683eeafb0 .functor BUFT 1, C8<770>, C4<0>, C4<0>, C4<0>;
v0x563684972170_0 .net8 "VNB", 0 0, L_0x563683eeafb0;  1 drivers, strength-aware
L_0x563683eebf50 .functor BUFT 1, C8<771>, C4<0>, C4<0>, C4<0>;
v0x563684972210_0 .net8 "VPB", 0 0, L_0x563683eebf50;  1 drivers, strength-aware
L_0x563683eec120 .functor BUFT 1, C8<771>, C4<0>, C4<0>, C4<0>;
v0x5636849722b0_0 .net8 "VPWR", 0 0, L_0x563683eec120;  1 drivers, strength-aware
v0x563684972350_0 .net "Y", 0 0, L_0x5636849f1f50;  1 drivers
v0x5636849723f0_0 .net "xnor0_out_Y", 0 0, L_0x5636849f1ee0;  1 drivers
S_0x563683fed500 .scope module, "sky130_fd_sc_hd__xnor2_2" "sky130_fd_sc_hd__xnor2_2" 2 147538;
 .timescale -9 -12;
    .port_info 0 /OUTPUT 1 "Y";
    .port_info 1 /INPUT 1 "A";
    .port_info 2 /INPUT 1 "B";
o0x7f0afd00dfb8 .functor BUFZ 1, C4<z>; HiZ drive
o0x7f0afd00dfe8 .functor BUFZ 1, C4<z>; HiZ drive
L_0x5636849f2010 .functor XNOR 1, o0x7f0afd00dfb8, o0x7f0afd00dfe8, C4<0>, C4<0>;
L_0x5636849f20b0 .functor BUF 1, L_0x5636849f2010, C4<0>, C4<0>, C4<0>;
v0x563684972490_0 .net "A", 0 0, o0x7f0afd00dfb8;  0 drivers
v0x563684972530_0 .net "B", 0 0, o0x7f0afd00dfe8;  0 drivers
L_0x563683ee0930 .functor BUFT 1, C8<770>, C4<0>, C4<0>, C4<0>;
v0x5636849725d0_0 .net8 "VGND", 0 0, L_0x563683ee0930;  1 drivers, strength-aware
L_0x563683ee0bf0 .functor BUFT 1, C8<770>, C4<0>, C4<0>, C4<0>;
v0x563684972670_0 .net8 "VNB", 0 0, L_0x563683ee0bf0;  1 drivers, strength-aware
L_0x563683ee0d50 .functor BUFT 1, C8<771>, C4<0>, C4<0>, C4<0>;
v0x563684972710_0 .net8 "VPB", 0 0, L_0x563683ee0d50;  1 drivers, strength-aware
L_0x563683ee1200 .functor BUFT 1, C8<771>, C4<0>, C4<0>, C4<0>;
v0x5636849727b0_0 .net8 "VPWR", 0 0, L_0x563683ee1200;  1 drivers, strength-aware
v0x563684972850_0 .net "Y", 0 0, L_0x5636849f20b0;  1 drivers
v0x5636849728f0_0 .net "xnor0_out_Y", 0 0, L_0x5636849f2010;  1 drivers
S_0x563683fed6e0 .scope module, "sky130_fd_sc_hd__xnor2_4" "sky130_fd_sc_hd__xnor2_4" 2 147862;
 .timescale -9 -12;
    .port_info 0 /OUTPUT 1 "Y";
    .port_info 1 /INPUT 1 "A";
    .port_info 2 /INPUT 1 "B";
o0x7f0afd00e1c8 .functor BUFZ 1, C4<z>; HiZ drive
o0x7f0afd00e1f8 .functor BUFZ 1, C4<z>; HiZ drive
L_0x5636849f21a0 .functor XNOR 1, o0x7f0afd00e1c8, o0x7f0afd00e1f8, C4<0>, C4<0>;
L_0x5636849f2240 .functor BUF 1, L_0x5636849f21a0, C4<0>, C4<0>, C4<0>;
v0x563684972990_0 .net "A", 0 0, o0x7f0afd00e1c8;  0 drivers
v0x563684972a30_0 .net "B", 0 0, o0x7f0afd00e1f8;  0 drivers
L_0x563683ee13d0 .functor BUFT 1, C8<770>, C4<0>, C4<0>, C4<0>;
v0x563684972ad0_0 .net8 "VGND", 0 0, L_0x563683ee13d0;  1 drivers, strength-aware
L_0x563683ee1010 .functor BUFT 1, C8<770>, C4<0>, C4<0>, C4<0>;
v0x563684972b70_0 .net8 "VNB", 0 0, L_0x563683ee1010;  1 drivers, strength-aware
L_0x563683ee07d0 .functor BUFT 1, C8<771>, C4<0>, C4<0>, C4<0>;
v0x563684972c10_0 .net8 "VPB", 0 0, L_0x563683ee07d0;  1 drivers, strength-aware
L_0x563683ee1940 .functor BUFT 1, C8<771>, C4<0>, C4<0>, C4<0>;
v0x563684972cb0_0 .net8 "VPWR", 0 0, L_0x563683ee1940;  1 drivers, strength-aware
v0x563684972d50_0 .net "Y", 0 0, L_0x5636849f2240;  1 drivers
v0x563684972df0_0 .net "xnor0_out_Y", 0 0, L_0x5636849f21a0;  1 drivers
S_0x563683fe86d0 .scope module, "sky130_fd_sc_hd__xnor3_1" "sky130_fd_sc_hd__xnor3_1" 2 148190;
 .timescale -9 -12;
    .port_info 0 /OUTPUT 1 "X";
    .port_info 1 /INPUT 1 "A";
    .port_info 2 /INPUT 1 "B";
    .port_info 3 /INPUT 1 "C";
o0x7f0afd00e3d8 .functor BUFZ 1, C4<z>; HiZ drive
o0x7f0afd00e408 .functor BUFZ 1, C4<z>; HiZ drive
o0x7f0afd00e438 .functor BUFZ 1, C4<z>; HiZ drive
L_0x5636849f2330 .functor XNOR 1, o0x7f0afd00e3d8, o0x7f0afd00e408, o0x7f0afd00e438, C4<0>;
L_0x5636849f2430 .functor BUF 1, L_0x5636849f2330, C4<0>, C4<0>, C4<0>;
v0x563684972e90_0 .net "A", 0 0, o0x7f0afd00e3d8;  0 drivers
v0x563684972f30_0 .net "B", 0 0, o0x7f0afd00e408;  0 drivers
v0x563684972fd0_0 .net "C", 0 0, o0x7f0afd00e438;  0 drivers
L_0x563683ed6150 .functor BUFT 1, C8<770>, C4<0>, C4<0>, C4<0>;
v0x563684973070_0 .net8 "VGND", 0 0, L_0x563683ed6150;  1 drivers, strength-aware
L_0x563683ed62b0 .functor BUFT 1, C8<770>, C4<0>, C4<0>, C4<0>;
v0x563684973110_0 .net8 "VNB", 0 0, L_0x563683ed62b0;  1 drivers, strength-aware
L_0x563683ed6570 .functor BUFT 1, C8<771>, C4<0>, C4<0>, C4<0>;
v0x5636849731b0_0 .net8 "VPB", 0 0, L_0x563683ed6570;  1 drivers, strength-aware
L_0x563683ed66d0 .functor BUFT 1, C8<771>, C4<0>, C4<0>, C4<0>;
v0x563684973250_0 .net8 "VPWR", 0 0, L_0x563683ed66d0;  1 drivers, strength-aware
v0x5636849732f0_0 .net "X", 0 0, L_0x5636849f2430;  1 drivers
v0x563684973390_0 .net "xnor0_out_X", 0 0, L_0x5636849f2330;  1 drivers
S_0x563683fe88d0 .scope module, "sky130_fd_sc_hd__xnor3_2" "sky130_fd_sc_hd__xnor3_2" 2 148528;
 .timescale -9 -12;
    .port_info 0 /OUTPUT 1 "X";
    .port_info 1 /INPUT 1 "A";
    .port_info 2 /INPUT 1 "B";
    .port_info 3 /INPUT 1 "C";
o0x7f0afd00e648 .functor BUFZ 1, C4<z>; HiZ drive
o0x7f0afd00e678 .functor BUFZ 1, C4<z>; HiZ drive
o0x7f0afd00e6a8 .functor BUFZ 1, C4<z>; HiZ drive
L_0x5636849f2520 .functor XNOR 1, o0x7f0afd00e648, o0x7f0afd00e678, o0x7f0afd00e6a8, C4<0>;
L_0x5636849f2620 .functor BUF 1, L_0x5636849f2520, C4<0>, C4<0>, C4<0>;
v0x563684973430_0 .net "A", 0 0, o0x7f0afd00e648;  0 drivers
v0x5636849734d0_0 .net "B", 0 0, o0x7f0afd00e678;  0 drivers
v0x563684973570_0 .net "C", 0 0, o0x7f0afd00e6a8;  0 drivers
L_0x563683ed6dc0 .functor BUFT 1, C8<770>, C4<0>, C4<0>, C4<0>;
v0x563684973610_0 .net8 "VGND", 0 0, L_0x563683ed6dc0;  1 drivers, strength-aware
L_0x563683ed6bf0 .functor BUFT 1, C8<770>, C4<0>, C4<0>, C4<0>;
v0x5636849736b0_0 .net8 "VNB", 0 0, L_0x563683ed6bf0;  1 drivers, strength-aware
L_0x563683ed5ff0 .functor BUFT 1, C8<771>, C4<0>, C4<0>, C4<0>;
v0x563684973750_0 .net8 "VPB", 0 0, L_0x563683ed5ff0;  1 drivers, strength-aware
L_0x563683ed6f90 .functor BUFT 1, C8<771>, C4<0>, C4<0>, C4<0>;
v0x5636849737f0_0 .net8 "VPWR", 0 0, L_0x563683ed6f90;  1 drivers, strength-aware
v0x563684973890_0 .net "X", 0 0, L_0x5636849f2620;  1 drivers
v0x563684973930_0 .net "xnor0_out_X", 0 0, L_0x5636849f2520;  1 drivers
S_0x563683fea0e0 .scope module, "sky130_fd_sc_hd__xnor3_4" "sky130_fd_sc_hd__xnor3_4" 2 148866;
 .timescale -9 -12;
    .port_info 0 /OUTPUT 1 "X";
    .port_info 1 /INPUT 1 "A";
    .port_info 2 /INPUT 1 "B";
    .port_info 3 /INPUT 1 "C";
o0x7f0afd00e8b8 .functor BUFZ 1, C4<z>; HiZ drive
o0x7f0afd00e8e8 .functor BUFZ 1, C4<z>; HiZ drive
o0x7f0afd00e918 .functor BUFZ 1, C4<z>; HiZ drive
L_0x5636849f2710 .functor XNOR 1, o0x7f0afd00e8b8, o0x7f0afd00e8e8, o0x7f0afd00e918, C4<0>;
L_0x5636849f2840 .functor BUF 1, L_0x5636849f2710, C4<0>, C4<0>, C4<0>;
v0x563684973a60_0 .net "A", 0 0, o0x7f0afd00e8b8;  0 drivers
v0x563684973b00_0 .net "B", 0 0, o0x7f0afd00e8e8;  0 drivers
v0x563684973ba0_0 .net "C", 0 0, o0x7f0afd00e918;  0 drivers
L_0x563683ed7330 .functor BUFT 1, C8<770>, C4<0>, C4<0>, C4<0>;
v0x563684973c40_0 .net8 "VGND", 0 0, L_0x563683ed7330;  1 drivers, strength-aware
L_0x563683e029f0 .functor BUFT 1, C8<770>, C4<0>, C4<0>, C4<0>;
v0x563684973ce0_0 .net8 "VNB", 0 0, L_0x563683e029f0;  1 drivers, strength-aware
L_0x563683e02b50 .functor BUFT 1, C8<771>, C4<0>, C4<0>, C4<0>;
v0x563684973d80_0 .net8 "VPB", 0 0, L_0x563683e02b50;  1 drivers, strength-aware
L_0x563683e03240 .functor BUFT 1, C8<771>, C4<0>, C4<0>, C4<0>;
v0x563684973e20_0 .net8 "VPWR", 0 0, L_0x563683e03240;  1 drivers, strength-aware
v0x563684973ec0_0 .net "X", 0 0, L_0x5636849f2840;  1 drivers
v0x563684973f60_0 .net "xnor0_out_X", 0 0, L_0x5636849f2710;  1 drivers
S_0x563683fea2e0 .scope module, "sky130_fd_sc_hd__xor2_1" "sky130_fd_sc_hd__xor2_1" 2 149200;
 .timescale -9 -12;
    .port_info 0 /OUTPUT 1 "X";
    .port_info 1 /INPUT 1 "A";
    .port_info 2 /INPUT 1 "B";
o0x7f0afd00eb58 .functor BUFZ 1, C4<z>; HiZ drive
o0x7f0afd00eb28 .functor BUFZ 1, C4<z>; HiZ drive
L_0x5636849f2930 .functor XOR 1, o0x7f0afd00eb58, o0x7f0afd00eb28, C4<0>, C4<0>;
L_0x5636849f29d0 .functor BUF 1, L_0x5636849f2930, C4<0>, C4<0>, C4<0>;
v0x563684974090_0 .net "A", 0 0, o0x7f0afd00eb28;  0 drivers
v0x563684974130_0 .net "B", 0 0, o0x7f0afd00eb58;  0 drivers
L_0x563683e02730 .functor BUFT 1, C8<770>, C4<0>, C4<0>, C4<0>;
v0x5636849741d0_0 .net8 "VGND", 0 0, L_0x563683e02730;  1 drivers, strength-aware
L_0x563683e03410 .functor BUFT 1, C8<770>, C4<0>, C4<0>, C4<0>;
v0x563684974270_0 .net8 "VNB", 0 0, L_0x563683e03410;  1 drivers, strength-aware
L_0x563683dff6c0 .functor BUFT 1, C8<771>, C4<0>, C4<0>, C4<0>;
v0x563684974310_0 .net8 "VPB", 0 0, L_0x563683dff6c0;  1 drivers, strength-aware
L_0x563683dff820 .functor BUFT 1, C8<771>, C4<0>, C4<0>, C4<0>;
v0x5636849743b0_0 .net8 "VPWR", 0 0, L_0x563683dff820;  1 drivers, strength-aware
v0x563684974450_0 .net "X", 0 0, L_0x5636849f29d0;  1 drivers
v0x5636849744f0_0 .net "xor0_out_X", 0 0, L_0x5636849f2930;  1 drivers
S_0x563683febaf0 .scope module, "sky130_fd_sc_hd__xor2_2" "sky130_fd_sc_hd__xor2_2" 2 149524;
 .timescale -9 -12;
    .port_info 0 /OUTPUT 1 "X";
    .port_info 1 /INPUT 1 "A";
    .port_info 2 /INPUT 1 "B";
o0x7f0afd00ed68 .functor BUFZ 1, C4<z>; HiZ drive
o0x7f0afd00ed38 .functor BUFZ 1, C4<z>; HiZ drive
L_0x5636849f2ac0 .functor XOR 1, o0x7f0afd00ed68, o0x7f0afd00ed38, C4<0>, C4<0>;
L_0x5636849f2b90 .functor BUF 1, L_0x5636849f2ac0, C4<0>, C4<0>, C4<0>;
v0x563684974590_0 .net "A", 0 0, o0x7f0afd00ed38;  0 drivers
v0x563684974630_0 .net "B", 0 0, o0x7f0afd00ed68;  0 drivers
L_0x563683dffcd0 .functor BUFT 1, C8<770>, C4<0>, C4<0>, C4<0>;
v0x5636849746d0_0 .net8 "VGND", 0 0, L_0x563683dffcd0;  1 drivers, strength-aware
L_0x563683dffea0 .functor BUFT 1, C8<770>, C4<0>, C4<0>, C4<0>;
v0x563684974770_0 .net8 "VNB", 0 0, L_0x563683dffea0;  1 drivers, strength-aware
L_0x563683dff560 .functor BUFT 1, C8<771>, C4<0>, C4<0>, C4<0>;
v0x563684974810_0 .net8 "VPB", 0 0, L_0x563683dff560;  1 drivers, strength-aware
L_0x563683e00410 .functor BUFT 1, C8<771>, C4<0>, C4<0>, C4<0>;
v0x5636849748b0_0 .net8 "VPWR", 0 0, L_0x563683e00410;  1 drivers, strength-aware
v0x563684974950_0 .net "X", 0 0, L_0x5636849f2b90;  1 drivers
v0x5636849749f0_0 .net "xor0_out_X", 0 0, L_0x5636849f2ac0;  1 drivers
S_0x563683febcd0 .scope module, "sky130_fd_sc_hd__xor2_4" "sky130_fd_sc_hd__xor2_4" 2 149848;
 .timescale -9 -12;
    .port_info 0 /OUTPUT 1 "X";
    .port_info 1 /INPUT 1 "A";
    .port_info 2 /INPUT 1 "B";
o0x7f0afd00ef78 .functor BUFZ 1, C4<z>; HiZ drive
o0x7f0afd00ef48 .functor BUFZ 1, C4<z>; HiZ drive
L_0x5636849f2c80 .functor XOR 1, o0x7f0afd00ef78, o0x7f0afd00ef48, C4<0>, C4<0>;
L_0x5636849f2d50 .functor BUF 1, L_0x5636849f2c80, C4<0>, C4<0>, C4<0>;
v0x563684974a90_0 .net "A", 0 0, o0x7f0afd00ef48;  0 drivers
v0x563684974b30_0 .net "B", 0 0, o0x7f0afd00ef78;  0 drivers
L_0x563683dfc4f0 .functor BUFT 1, C8<770>, C4<0>, C4<0>, C4<0>;
v0x563684974bd0_0 .net8 "VGND", 0 0, L_0x563683dfc4f0;  1 drivers, strength-aware
L_0x563683dfc7b0 .functor BUFT 1, C8<770>, C4<0>, C4<0>, C4<0>;
v0x563684974c70_0 .net8 "VNB", 0 0, L_0x563683dfc7b0;  1 drivers, strength-aware
L_0x563683dfcb00 .functor BUFT 1, C8<771>, C4<0>, C4<0>, C4<0>;
v0x563684974d10_0 .net8 "VPB", 0 0, L_0x563683dfcb00;  1 drivers, strength-aware
L_0x563683dfccd0 .functor BUFT 1, C8<771>, C4<0>, C4<0>, C4<0>;
v0x563684974db0_0 .net8 "VPWR", 0 0, L_0x563683dfccd0;  1 drivers, strength-aware
v0x563684974e50_0 .net "X", 0 0, L_0x5636849f2d50;  1 drivers
v0x563684974ef0_0 .net "xor0_out_X", 0 0, L_0x5636849f2c80;  1 drivers
S_0x563683feef10 .scope module, "sky130_fd_sc_hd__xor3_1" "sky130_fd_sc_hd__xor3_1" 2 150186;
 .timescale -9 -12;
    .port_info 0 /OUTPUT 1 "X";
    .port_info 1 /INPUT 1 "A";
    .port_info 2 /INPUT 1 "B";
    .port_info 3 /INPUT 1 "C";
o0x7f0afd00f158 .functor BUFZ 1, C4<z>; HiZ drive
o0x7f0afd00f188 .functor BUFZ 1, C4<z>; HiZ drive
o0x7f0afd00f1b8 .functor BUFZ 1, C4<z>; HiZ drive
L_0x5636849f2e40 .functor XOR 1, o0x7f0afd00f158, o0x7f0afd00f188, o0x7f0afd00f1b8, C4<0>;
L_0x5636849f2f70 .functor BUF 1, L_0x5636849f2e40, C4<0>, C4<0>, C4<0>;
v0x563684974f90_0 .net "A", 0 0, o0x7f0afd00f158;  0 drivers
v0x563684975030_0 .net "B", 0 0, o0x7f0afd00f188;  0 drivers
v0x5636849750d0_0 .net "C", 0 0, o0x7f0afd00f1b8;  0 drivers
L_0x563683dfc390 .functor BUFT 1, C8<770>, C4<0>, C4<0>, C4<0>;
v0x563684975170_0 .net8 "VGND", 0 0, L_0x563683dfc390;  1 drivers, strength-aware
L_0x563683dfd240 .functor BUFT 1, C8<770>, C4<0>, C4<0>, C4<0>;
v0x563684975210_0 .net8 "VNB", 0 0, L_0x563683dfd240;  1 drivers, strength-aware
L_0x563683df9310 .functor BUFT 1, C8<771>, C4<0>, C4<0>, C4<0>;
v0x5636849752b0_0 .net8 "VPB", 0 0, L_0x563683df9310;  1 drivers, strength-aware
L_0x563683df9470 .functor BUFT 1, C8<771>, C4<0>, C4<0>, C4<0>;
v0x563684975350_0 .net8 "VPWR", 0 0, L_0x563683df9470;  1 drivers, strength-aware
v0x5636849753f0_0 .net "X", 0 0, L_0x5636849f2f70;  1 drivers
v0x563684975490_0 .net "xor0_out_X", 0 0, L_0x5636849f2e40;  1 drivers
S_0x563683fef110 .scope module, "sky130_fd_sc_hd__xor3_2" "sky130_fd_sc_hd__xor3_2" 2 150534;
 .timescale -9 -12;
    .port_info 0 /OUTPUT 1 "X";
    .port_info 1 /INPUT 1 "A";
    .port_info 2 /INPUT 1 "B";
    .port_info 3 /INPUT 1 "C";
o0x7f0afd00f3c8 .functor BUFZ 1, C4<z>; HiZ drive
o0x7f0afd00f3f8 .functor BUFZ 1, C4<z>; HiZ drive
o0x7f0afd00f428 .functor BUFZ 1, C4<z>; HiZ drive
L_0x5636849f3060 .functor XOR 1, o0x7f0afd00f3c8, o0x7f0afd00f3f8, o0x7f0afd00f428, C4<0>;
L_0x5636849f3190 .functor BUF 1, L_0x5636849f3060, C4<0>, C4<0>, C4<0>;
v0x5636849755c0_0 .net "A", 0 0, o0x7f0afd00f3c8;  0 drivers
v0x563684975660_0 .net "B", 0 0, o0x7f0afd00f3f8;  0 drivers
v0x563684975700_0 .net "C", 0 0, o0x7f0afd00f428;  0 drivers
L_0x563683df9920 .functor BUFT 1, C8<770>, C4<0>, C4<0>, C4<0>;
v0x5636849757a0_0 .net8 "VGND", 0 0, L_0x563683df9920;  1 drivers, strength-aware
L_0x563683df9af0 .functor BUFT 1, C8<770>, C4<0>, C4<0>, C4<0>;
v0x563684975840_0 .net8 "VNB", 0 0, L_0x563683df9af0;  1 drivers, strength-aware
L_0x563683df91b0 .functor BUFT 1, C8<771>, C4<0>, C4<0>, C4<0>;
v0x5636849758e0_0 .net8 "VPB", 0 0, L_0x563683df91b0;  1 drivers, strength-aware
L_0x563683dfa060 .functor BUFT 1, C8<771>, C4<0>, C4<0>, C4<0>;
v0x563684975980_0 .net8 "VPWR", 0 0, L_0x563683dfa060;  1 drivers, strength-aware
v0x563684975a20_0 .net "X", 0 0, L_0x5636849f3190;  1 drivers
v0x563684975ac0_0 .net "xor0_out_X", 0 0, L_0x5636849f3060;  1 drivers
S_0x563683ff0920 .scope module, "sky130_fd_sc_hd__xor3_4" "sky130_fd_sc_hd__xor3_4" 2 150882;
 .timescale -9 -12;
    .port_info 0 /OUTPUT 1 "X";
    .port_info 1 /INPUT 1 "A";
    .port_info 2 /INPUT 1 "B";
    .port_info 3 /INPUT 1 "C";
o0x7f0afd00f638 .functor BUFZ 1, C4<z>; HiZ drive
o0x7f0afd00f668 .functor BUFZ 1, C4<z>; HiZ drive
o0x7f0afd00f698 .functor BUFZ 1, C4<z>; HiZ drive
L_0x5636849f3280 .functor XOR 1, o0x7f0afd00f638, o0x7f0afd00f668, o0x7f0afd00f698, C4<0>;
L_0x5636849f3380 .functor BUF 1, L_0x5636849f3280, C4<0>, C4<0>, C4<0>;
v0x563684975bf0_0 .net "A", 0 0, o0x7f0afd00f638;  0 drivers
v0x563684975c90_0 .net "B", 0 0, o0x7f0afd00f668;  0 drivers
v0x563684975d30_0 .net "C", 0 0, o0x7f0afd00f698;  0 drivers
L_0x563683df62a0 .functor BUFT 1, C8<770>, C4<0>, C4<0>, C4<0>;
v0x563684975dd0_0 .net8 "VGND", 0 0, L_0x563683df62a0;  1 drivers, strength-aware
L_0x563683df6400 .functor BUFT 1, C8<770>, C4<0>, C4<0>, C4<0>;
v0x563684975e70_0 .net8 "VNB", 0 0, L_0x563683df6400;  1 drivers, strength-aware
L_0x563683df6af0 .functor BUFT 1, C8<771>, C4<0>, C4<0>, C4<0>;
v0x563684975f10_0 .net8 "VPB", 0 0, L_0x563683df6af0;  1 drivers, strength-aware
L_0x563683df6920 .functor BUFT 1, C8<771>, C4<0>, C4<0>, C4<0>;
v0x563684975fb0_0 .net8 "VPWR", 0 0, L_0x563683df6920;  1 drivers, strength-aware
v0x563684976050_0 .net "X", 0 0, L_0x5636849f3380;  1 drivers
v0x5636849760f0_0 .net "xor0_out_X", 0 0, L_0x5636849f3280;  1 drivers
# The file index is used to find the file name in the following table.
:file_names 3;
    "N/A";
    "<interactive>";
    "/usr/local/share/pdk/sky130A/libs.ref/sky130_fd_sc_hd/verilog/sky130_fd_sc_hd.v";
